ISO-10303-21;
HEADER;
FILE_DESCRIPTION (( 'STEP AP214' ),
    '1' );
FILE_NAME ('5C2A46E1-C488-46A8-B1BA-F9B57C110212.STEP',
    '2026-08-25T03:42:37',
    ( '' ),
    ( '' ),
    'SwSTEP 2.0',
    'SolidWorks 2022',
    '' );
FILE_SCHEMA (( 'AUTOMOTIVE_DESIGN' ));
ENDSEC;

DATA;
#1 = PLANE ( 'NONE',  #7550 ) ;
#2 = CARTESIAN_POINT ( 'NONE',  ( -0.7972370714693115534, 0.9000000000000002442, -0.07384656671748142387 ) ) ;
#3 = CARTESIAN_POINT ( 'NONE',  ( -0.7440962922377618582, 0.6999999999999997335, 0.05607452052274408683 ) ) ;
#4 = CARTESIAN_POINT ( 'NONE',  ( 0.9157089709476897710, 0.8999999999999999112, -0.02585869272510704989 ) ) ;
#5 = CARTESIAN_POINT ( 'NONE',  ( -0.3973722079806121243, 0.6999999999999999556, -0.08230643845654088409 ) ) ;
#6 = AXIS2_PLACEMENT_3D ( 'NONE', #72, #3247, #5618 ) ;
#7 = EDGE_LOOP ( 'NONE', ( #5648, #2766, #717, #6019 ) ) ;
#8 = B_SPLINE_SURFACE_WITH_KNOTS ( 'NONE', 3, 1, ( 
 ( #8565, #5247 ),
 ( #9245, #2214 ),
 ( #6930, #1428 ),
 ( #1482, #6982 ),
 ( #1375, #3856 ),
 ( #7843, #697 ),
 ( #6024, #5971 ),
 ( #646, #3800 ),
 ( #592, #3029 ),
 ( #10017, #1325 ),
 ( #3748, #2269 ),
 ( #8619, #2106 ),
 ( #4478, #7675 ),
 ( #4634, #9193 ),
 ( #2052, #537 ),
 ( #1275, #7627 ),
 ( #3694, #479 ),
 ( #3638, #6871 ),
 ( #10073, #10120 ) ),
 .UNSPECIFIED., .F., .F., .F.,
 ( 4, 1, 1, 1, 1, 1, 1, 1, 1, 1, 1, 1, 1, 1, 1, 1, 4 ),
 ( 2, 2 ),
 ( 0.0000000000000000000, 0.06959912212071175941, 0.1356633186100079380, 0.1990283409144482096, 0.2598708728040728388, 0.3198086087804382638, 0.3779561657745340586, 0.4357276297007842691, 0.4943266187334065531, 0.5529256077660291702, 0.6114170346366848419, 0.6703325990144382018, 0.7309086298701833462, 0.7939840222659074742, 0.8590746454106361618, 0.9277616096444858407, 1.000000000000000000 ),
 ( 0.0000000000000000000, 1.000000000000000000 ),
 .UNSPECIFIED. ) ;
#9 = VERTEX_POINT ( 'NONE', #4778 ) ;
#10 = SURFACE_SIDE_STYLE ('',( #7111 ) ) ;
#11 = ADVANCED_FACE ( 'NONE', ( #1637 ), #853, .T. ) ;
#12 = DIRECTION ( 'NONE',  ( -0.0000000000000000000, 1.000000000000000000, -0.0000000000000000000 ) ) ;
#13 = MECHANICAL_DESIGN_GEOMETRIC_PRESENTATION_REPRESENTATION (  '', ( #5484 ), #10187 ) ;
#14 = CARTESIAN_POINT ( 'NONE',  ( 1.099115773067611324, 0.6999999999999998446, -0.08452427161856636284 ) ) ;
#15 = CARTESIAN_POINT ( 'NONE',  ( 0.6445379544975216035, 0.7000000000000002887, -0.03594058408081091116 ) ) ;
#16 = CARTESIAN_POINT ( 'NONE',  ( -0.9249999999999996003, 0.0000000000000000000, 4.011548038196366406E-16 ) ) ;
#17 = CARTESIAN_POINT ( 'NONE',  ( 0.8335794183226975518, 0.6999999999999999556, 0.05493172144478358776 ) ) ;
#18 = CARTESIAN_POINT ( 'NONE',  ( 0.4387740025567462565, 0.8999999999999998002, 0.01671639941601483700 ) ) ;
#19 =( NAMED_UNIT ( * ) SI_UNIT ( $, .STERADIAN. ) SOLID_ANGLE_UNIT ( ) );
#20 = ADVANCED_FACE ( 'NONE', ( #7400 ), #2703, .F. ) ;
#21 = AXIS2_PLACEMENT_3D ( 'NONE', #9270, #3824, #3663 ) ;
#22 = VECTOR ( 'NONE', #5221, 1000.000000000000000 ) ;
#23 = CARTESIAN_POINT ( 'NONE',  ( 0.3750000000000000000, 0.0000000000000000000, -1.149999999999999911 ) ) ;
#24 = CARTESIAN_POINT ( 'NONE',  ( -0.7398725823682216207, 0.6999999999999998446, 0.05621736001897142954 ) ) ;
#25 = EDGE_CURVE ( 'NONE', #8712, #5713, #8713, .T. ) ;
#26 = VECTOR ( 'NONE', #9847, 1000.000000000000114 ) ;
#27 = CARTESIAN_POINT ( 'NONE',  ( 0.4271491737659702803, 0.6999999999999998446, -0.06178709442334003044 ) ) ;
#28 = CARTESIAN_POINT ( 'NONE',  ( 0.1847411033468441544, 0.6999999999999998446, -0.03115459378318341521 ) ) ;
#29 = SURFACE_SIDE_STYLE ('',( #8706 ) ) ;
#30 = CARTESIAN_POINT ( 'NONE',  ( 0.5911301235736609039, 0.9000000000000003553, -0.09125568563725121318 ) ) ;
#31 = PLANE ( 'NONE',  #4238 ) ;
#32 = CARTESIAN_POINT ( 'NONE',  ( -0.4798283483314892406, 0.6999999999999999556, -0.2138853858249619433 ) ) ;
#33 = CARTESIAN_POINT ( 'NONE',  ( 0.9249999999999998224, -0.1000000000000000056, 0.8750000000000001110 ) ) ;
#34 = SURFACE_SIDE_STYLE ('',( #9440 ) ) ;
#35 = ORIENTED_EDGE ( 'NONE', *, *, #7554, .F. ) ;
#36 = LINE ( 'NONE', #3264, #9189 ) ;
#37 = FACE_OUTER_BOUND ( 'NONE', #1982, .T. ) ;
#38 = PRESENTATION_LAYER_ASSIGNMENT (  '', '', ( #8879 ) ) ;
#39 = VERTEX_POINT ( 'NONE', #360 ) ;
#40 = EDGE_LOOP ( 'NONE', ( #4681, #48, #7382, #1243 ) ) ;
#41 = CARTESIAN_POINT ( 'NONE',  ( 0.6838014780540556670, 0.9000000000000000222, -0.1308698035821563854 ) ) ;
#42 = ADVANCED_FACE ( 'NONE', ( #6790 ), #8775, .T. ) ;
#43 = CARTESIAN_POINT ( 'NONE',  ( 0.6294314637131074308, 0.8999999999999998002, -0.1796168887522079372 ) ) ;
#44 = DIRECTION ( 'NONE',  ( -0.0000000000000000000, 1.000000000000000000, -0.0000000000000000000 ) ) ;
#45 = CARTESIAN_POINT ( 'NONE',  ( 0.8614260058045755120, 0.9000000000000003553, -0.1743505195400710805 ) ) ;
#46 = PRESENTATION_STYLE_ASSIGNMENT (( #4006 ) ) ;
#47 = CARTESIAN_POINT ( 'NONE',  ( -0.7359686992086823532, 0.6999999999999999556, -0.2173941577547864601 ) ) ;
#48 = ORIENTED_EDGE ( 'NONE', *, *, #8725, .F. ) ;
#49 = CARTESIAN_POINT ( 'NONE',  ( 0.8076352868407050689, 0.8999999999999998002, -0.05293438414718564661 ) ) ;
#50 = CARTESIAN_POINT ( 'NONE',  ( 0.7442388299978074384, 0.7000000000000001776, 0.05879053918433072012 ) ) ;
#51 = COLOUR_RGB ( '',1.000000000000000000, 0.9607843137254902244, 0.4549019607843137192 ) ;
#52 = B_SPLINE_CURVE_WITH_KNOTS ( 'NONE', 3,
 ( #7639, #4237, #6042, #9263, #1192, #6725, #9928, #2124, #2686, #2011, #8219, #7436, #285, #3453, #5829, #9063, #8271, #9609, #4175, #5518, #7205, #6457, #5660, #4751, #1752, #8008, #4893, #8736, #976, #1651 ),
 .UNSPECIFIED., .F., .F.,
 ( 4, 1, 1, 1, 1, 1, 1, 1, 1, 1, 1, 1, 1, 1, 1, 1, 1, 1, 1, 1, 1, 1, 1, 1, 1, 1, 1, 4 ),
 ( 0.0000000000000000000, 0.02788876596514769032, 0.05421625487123228615, 0.07915984011312073021, 0.1035353754894377670, 0.1154770059438783580, 0.1272710965375091208, 0.1389522967014684973, 0.1508542318755856093, 0.1629793888097273435, 0.1759311175533758986, 0.1893011571992724573, 0.2036037875023512522, 0.2330439056720950419, 0.2627257580548830185, 0.2930094943604956148, 0.3244022232009520779, 0.3399194315283891599, 0.3547632804434118770, 0.3689840606704871684, 0.3827791677666831371, 0.3963645650445776769, 0.4099499623224719946, 0.4237450694186676303, 0.4379658496457429773, 0.4663018339518759103, 0.4932745115574747041, 0.4999999999993764432 ),
 .UNSPECIFIED. ) ;
#53 = FACE_OUTER_BOUND ( 'NONE', #2958, .T. ) ;
#54 = LINE ( 'NONE', #7049, #2579 ) ;
#55 = CARTESIAN_POINT ( 'NONE',  ( -0.7951815833516764354, 0.7000000000000002887, -0.01603270295209041976 ) ) ;
#56 = AXIS2_PLACEMENT_3D ( 'NONE', #9102, #227, #3552 ) ;
#57 = ADVANCED_FACE ( 'NONE', ( #7771 ), #9579, .T. ) ;
#58 = DIRECTION ( 'NONE',  ( 0.0000000000000000000, 0.0000000000000000000, -1.000000000000000000 ) ) ;
#59 = CARTESIAN_POINT ( 'NONE',  ( 0.6783268399618450628, 0.9000000000000002442, -0.05089900489000311057 ) ) ;
#60 = FILL_AREA_STYLE ('',( #5519 ) ) ;
#61 = VERTEX_POINT ( 'NONE', #6267 ) ;
#62 = VERTEX_POINT ( 'NONE', #2306 ) ;
#63 = CARTESIAN_POINT ( 'NONE',  ( -0.9500037869279804870, 0.6999999999999999556, 0.08611461417503804561 ) ) ;
#64 = STYLED_ITEM ( 'NONE', ( #1723 ), #3155 ) ;
#65 = CARTESIAN_POINT ( 'NONE',  ( 1.107039031525355099, 0.6999999999999997335, -0.1074990135416250686 ) ) ;
#66 = CARTESIAN_POINT ( 'NONE',  ( 0.6570488190229226699, 0.6999999999999999556, -0.01512198665577810935 ) ) ;
#67 = EDGE_CURVE ( 'NONE', #3113, #2646, #6214, .T. ) ;
#68 = CARTESIAN_POINT ( 'NONE',  ( 0.5659619813627544405, 0.7000000000000000666, 0.08638838197276381414 ) ) ;
#69 = CARTESIAN_POINT ( 'NONE',  ( 0.0000000000000000000, -0.1000000000000000056, 0.0000000000000000000 ) ) ;
#70 = CARTESIAN_POINT ( 'NONE',  ( 0.4345939214901636261, 0.8999999999999995781, -0.05279788871361951880 ) ) ;
#71 = VECTOR ( 'NONE', #5887, 1000.000000000000000 ) ;
#72 = CARTESIAN_POINT ( 'NONE',  ( 0.0000000000000000000, -0.1000000000000000056, 0.0000000000000000000 ) ) ;
#73 = EDGE_CURVE ( 'NONE', #586, #3406, #5483, .T. ) ;
#74 = CARTESIAN_POINT ( 'NONE',  ( 0.6294384878535345118, 0.8999999999999999112, -0.09989736374326885215 ) ) ;
#75 = ORIENTED_EDGE ( 'NONE', *, *, #5088, .T. ) ;
#76 = B_SPLINE_CURVE_WITH_KNOTS ( 'NONE', 3,
 ( #6594, #9034, #5086, #368, #8293, #8928, #4262, #4209, #4927, #1882, #1218, #8196, #2616, #1162, #5748, #5029, #255, #3325, #1834 ),
 .UNSPECIFIED., .F., .F.,
 ( 4, 1, 1, 1, 1, 1, 1, 1, 1, 1, 1, 1, 1, 1, 1, 1, 4 ),
 ( 0.0000000000000000000, 0.09220499935330879471, 0.1786111425661521257, 0.2594674975507371140, 0.3347254146574625278, 0.4051723599889031635, 0.4711020148461196322, 0.5332769618658825816, 0.5918407540316086290, 0.6478317333616935292, 0.7007029246638243336, 0.7515354073379628685, 0.8009331659967295902, 0.8498384159260802262, 0.8985598889978614334, 0.9485671388889745925, 1.000000000000000000 ),
 .UNSPECIFIED. ) ;
#77 = ORIENTED_EDGE ( 'NONE', *, *, #7449, .F. ) ;
#78 = DIRECTION ( 'NONE',  ( 0.0000000000000000000, 0.0000000000000000000, 1.000000000000000000 ) ) ;
#79 = CARTESIAN_POINT ( 'NONE',  ( 0.7713008060746493477, 0.7000000000000000666, -0.07731518626360404933 ) ) ;
#80 = AXIS2_PLACEMENT_3D ( 'NONE', #8657, #4677, #7884 ) ;
#81 = LINE ( 'NONE', #4093, #8189 ) ;
#82 =( NAMED_UNIT ( * ) PLANE_ANGLE_UNIT ( ) SI_UNIT ( $, .RADIAN. ) );
#83 = UNCERTAINTY_MEASURE_WITH_UNIT (LENGTH_MEASURE( 1.000000000000000082E-05 ), #6257, 'distance_accuracy_value', 'NONE');
#84 = CARTESIAN_POINT ( 'NONE',  ( 0.1610347538093730990, 0.9000000000000001332, -0.001553427828595466782 ) ) ;
#85 = CARTESIAN_POINT ( 'NONE',  ( 0.5760756481036070076, 0.9000000000000002442, -0.1829897909783367027 ) ) ;
#86 = LINE ( 'NONE', #7392, #1621 ) ;
#87 = DIRECTION ( 'NONE',  ( -0.0000000000000000000, 1.000000000000000000, -0.0000000000000000000 ) ) ;
#88 = DIRECTION ( 'NONE',  ( -0.0000000000000000000, 1.000000000000000000, -0.0000000000000000000 ) ) ;
#89 = CARTESIAN_POINT ( 'NONE',  ( 0.7493277627370145133, 0.9000000000000001332, -0.05692393037834896780 ) ) ;
#90 = FILL_AREA_STYLE ('',( #3992 ) ) ;
#91 = EDGE_CURVE ( 'NONE', #6765, #3018, #2248, .T. ) ;
#92 = EDGE_LOOP ( 'NONE', ( #719, #1560, #895, #1533, #1013, #2287, #582, #4267, #1321, #4367 ) ) ;
#93 = EDGE_CURVE ( 'NONE', #9040, #1143, #10072, .T. ) ;
#94 = EDGE_LOOP ( 'NONE', ( #7273, #183, #4524, #3901 ) ) ;
#95 = LINE ( 'NONE', #8714, #3344 ) ;
#96 = CARTESIAN_POINT ( 'NONE',  ( -0.7933949724822050298, 0.9000000000000002442, -0.1159381716938503032 ) ) ;
#97 = EDGE_LOOP ( 'NONE', ( #4528, #7853, #5493, #173 ) ) ;
#98 = DIRECTION ( 'NONE',  ( 0.0000000000000000000, 0.0000000000000000000, 1.000000000000000000 ) ) ;
#99 = DIRECTION ( 'NONE',  ( -1.000000000000000000, 0.0000000000000000000, 0.0000000000000000000 ) ) ;
#100 = CARTESIAN_POINT ( 'NONE',  ( 0.6205919826954976459, 0.8999999999999998002, -0.1833162086894176701 ) ) ;
#101 = VECTOR ( 'NONE', #7476, 1000.000000000000000 ) ;
#102 = UNCERTAINTY_MEASURE_WITH_UNIT (LENGTH_MEASURE( 1.000000000000000082E-05 ), #2513, 'distance_accuracy_value', 'NONE');
#103 = CARTESIAN_POINT ( 'NONE',  ( 0.5765387762895753943, 0.6999999999999998446, 0.08822479956790063582 ) ) ;
#104 = DIRECTION ( 'NONE',  ( 1.000000000000000000, 0.0000000000000000000, 0.0000000000000000000 ) ) ;
#105 = B_SPLINE_SURFACE_WITH_KNOTS ( 'NONE', 3, 1, ( 
 ( #4004, #7896 ),
 ( #9450, #1596 ),
 ( #5551, #7950 ),
 ( #809, #7194 ),
 ( #9598, #2419 ),
 ( #2320, #751 ),
 ( #6336, #2467 ),
 ( #1737, #4879 ),
 ( #8096, #955 ),
 ( #7296, #1790 ),
 ( #9849, #9082 ),
 ( #8138, #9899 ),
 ( #1010, #7407 ),
 ( #2655, #207 ),
 ( #310, #2762 ),
 ( #8344, #6545 ),
 ( #2712, #9745 ),
 ( #8983, #5695 ),
 ( #1928, #156 ) ),
 .UNSPECIFIED., .F., .F., .F.,
 ( 4, 1, 1, 1, 1, 1, 1, 1, 1, 1, 1, 1, 1, 1, 1, 1, 4 ),
 ( 2, 2 ),
 ( 0.0000000000000000000, 0.09220499935330879471, 0.1786111425661521257, 0.2594674975507371140, 0.3347254146574625278, 0.4051723599889031635, 0.4711020148461196322, 0.5332769618658825816, 0.5918407540316086290, 0.6478317333616935292, 0.7007029246638243336, 0.7515354073379628685, 0.8009331659967295902, 0.8498384159260802262, 0.8985598889978614334, 0.9485671388889745925, 1.000000000000000000 ),
 ( 0.0000000000000000000, 1.000000000000000000 ),
 .UNSPECIFIED. ) ;
#106 = CARTESIAN_POINT ( 'NONE',  ( 0.0000000000000000000, -0.1000000000000000056, 0.6250000000000001110 ) ) ;
#107 = CARTESIAN_POINT ( 'NONE',  ( 1.075830014573646576, 0.8999999999999996891, -0.03284702881822879755 ) ) ;
#108 = EDGE_CURVE ( 'NONE', #6508, #39, #3304, .T. ) ;
#109 = ORIENTED_EDGE ( 'NONE', *, *, #7732, .F. ) ;
#110 = CARTESIAN_POINT ( 'NONE',  ( 0.7713449940857859399, 0.7000000000000000666, -0.02701382103186776573 ) ) ;
#111 = CARTESIAN_POINT ( 'NONE',  ( 0.9179341345734082225, 0.7000000000000002887, -0.01404739084849768692 ) ) ;
#112 = VECTOR ( 'NONE', #5160, 1000.000000000000000 ) ;
#113 = VERTEX_POINT ( 'NONE', #4088 ) ;
#114 = CARTESIAN_POINT ( 'NONE',  ( -0.6149160676297349415, 0.6999999999999999556, -0.2138853858249619433 ) ) ;
#115 = CARTESIAN_POINT ( 'NONE',  ( -0.7766119835041030983, 0.9000000000000000222, -0.1618181738115452573 ) ) ;
#116 = CARTESIAN_POINT ( 'NONE',  ( 0.8693869070253344988, 0.6999999999999997335, -0.1636676406171664322 ) ) ;
#117 = AXIS2_PLACEMENT_3D ( 'NONE', #6513, #4286, #979 ) ;
#118 = PRESENTATION_STYLE_ASSIGNMENT (( #973 ) ) ;
#119 = PLANE ( 'NONE',  #262 ) ;
#120 = LINE ( 'NONE', #4127, #1141 ) ;
#121 = CARTESIAN_POINT ( 'NONE',  ( -0.7579825367081661769, 0.9000000000000003553, 0.08765171969269303087 ) ) ;
#122 = CARTESIAN_POINT ( 'NONE',  ( -0.7329598771085106268, 0.9000000000000000222, 0.05617363900662205450 ) ) ;
#123 = ORIENTED_EDGE ( 'NONE', *, *, #6161, .T. ) ;
#124 =( NAMED_UNIT ( * ) PLANE_ANGLE_UNIT ( ) SI_UNIT ( $, .RADIAN. ) );
#125 = STYLED_ITEM ( 'NONE', ( #1268 ), #6360 ) ;
#126 =( NAMED_UNIT ( * ) SI_UNIT ( $, .STERADIAN. ) SOLID_ANGLE_UNIT ( ) );
#127 = CARTESIAN_POINT ( 'NONE',  ( 1.101911333951356875, 0.9000000000000004663, -0.08925205368102134829 ) ) ;
#128 = CARTESIAN_POINT ( 'NONE',  ( 0.6579084059089941317, 0.9000000000000000222, 0.007297907900952743145 ) ) ;
#129 = CARTESIAN_POINT ( 'NONE',  ( 0.1447330551772826601, 0.9000000000000001332, -0.2191485437196987740 ) ) ;
#130 = FACE_BOUND ( 'NONE', #1910, .T. ) ;
#131 = CARTESIAN_POINT ( 'NONE',  ( 0.03420673938780895845, 0.9000000000000000222, 0.01769356154345909371 ) ) ;
#132 = CARTESIAN_POINT ( 'NONE',  ( 0.4419932843881950180, 0.7000000000000003997, 0.001554448616185126518 ) ) ;
#133 = CARTESIAN_POINT ( 'NONE',  ( 0.4772776240744267540, 0.6999999999999997335, 0.01688292468170371485 ) ) ;
#134 = ORIENTED_EDGE ( 'NONE', *, *, #7149, .F. ) ;
#135 = VERTEX_POINT ( 'NONE', #7275 ) ;
#136 = CARTESIAN_POINT ( 'NONE',  ( -0.4640388746472788317, 0.9000000000000000222, -0.1279204735442601715 ) ) ;
#137 =( LENGTH_UNIT ( ) NAMED_UNIT ( * ) SI_UNIT ( .MILLI., .METRE. ) );
#138 = EDGE_CURVE ( 'NONE', #9789, #3949, #2494, .T. ) ;
#139 = CARTESIAN_POINT ( 'NONE',  ( 0.7865395828807054679, 0.6999999999999996225, -0.1031005013175879809 ) ) ;
#140 = CARTESIAN_POINT ( 'NONE',  ( 0.3216263545675480673, 0.6999999999999998446, -0.01496462130554788821 ) ) ;
#141 = CARTESIAN_POINT ( 'NONE',  ( -0.7328231410485460673, 0.9000000000000001332, -0.2173096300152482507 ) ) ;
#142 = LINE ( 'NONE', #7446, #8534 ) ;
#143 = CARTESIAN_POINT ( 'NONE',  ( -0.4254423834192086473, 0.9000000000000000222, -0.2138853858249619433 ) ) ;
#144 = FILL_AREA_STYLE_COLOUR ( '', #8951 ) ;
#145 = LINE ( 'NONE', #10262, #4659 ) ;
#146 = ORIENTED_EDGE ( 'NONE', *, *, #4340, .F. ) ;
#147 = PLANE ( 'NONE',  #5773 ) ;
#148 = EDGE_LOOP ( 'NONE', ( #7967, #7110, #9291, #4583 ) ) ;
#149 = CARTESIAN_POINT ( 'NONE',  ( 0.06424352532088142831, 0.9000000000000002442, 0.07516957789278193303 ) ) ;
#150 =( GEOMETRIC_REPRESENTATION_CONTEXT ( 3 ) GLOBAL_UNCERTAINTY_ASSIGNED_CONTEXT ( ( #5402 ) ) GLOBAL_UNIT_ASSIGNED_CONTEXT ( ( #6537, #3418, #7549 ) ) REPRESENTATION_CONTEXT ( 'NONE', 'WORKASPACE' ) );
#151 = ADVANCED_FACE ( 'NONE', ( #8122 ), #7440, .T. ) ;
#152 = CARTESIAN_POINT ( 'NONE',  ( 0.5464947742096493144, 0.8999999999999998002, -0.1395670114818828578 ) ) ;
#153 = CARTESIAN_POINT ( 'NONE',  ( -0.7377230851735946393, 0.9000000000000001332, 0.08962338610486260404 ) ) ;
#154 = CARTESIAN_POINT ( 'NONE',  ( 0.5253490194883745357, 0.9000000000000000222, 0.06520695268748691320 ) ) ;
#155 = CARTESIAN_POINT ( 'NONE',  ( 0.4171209341235379009, 0.6999999999999997335, -0.1044638161030358170 ) ) ;
#156 = CARTESIAN_POINT ( 'NONE',  ( -0.7359686992086823532, 0.9000000000000001332, -0.2173941577547864601 ) ) ;
#157 = CARTESIAN_POINT ( 'NONE',  ( 0.7710640637149158705, 0.8999999999999999112, -0.1392500304593271565 ) ) ;
#158 = CARTESIAN_POINT ( 'NONE',  ( 1.138806195593275117, 0.9000000000000002442, -0.07685595026465359692 ) ) ;
#159 = ORIENTED_EDGE ( 'NONE', *, *, #9894, .T. ) ;
#160 = EDGE_CURVE ( 'NONE', #8863, #9279, #4142, .T. ) ;
#161 = EDGE_LOOP ( 'NONE', ( #5162, #8490, #1559, #9685 ) ) ;
#162 = CARTESIAN_POINT ( 'NONE',  ( 0.3750000000000000000, -0.1000000000000000056, -0.6700000000000000400 ) ) ;
#163 = EDGE_CURVE ( 'NONE', #5135, #8529, #9727, .T. ) ;
#164 = FILL_AREA_STYLE ('',( #3281 ) ) ;
#165 = CARTESIAN_POINT ( 'NONE',  ( 1.083184008332271020, 0.7000000000000000666, -0.07151266338818984547 ) ) ;
#166 = CARTESIAN_POINT ( 'NONE',  ( 1.500000000000000444, 0.0000000000000000000, 1.250000000000000000 ) ) ;
#167 = CARTESIAN_POINT ( 'NONE',  ( 0.7806250962321841236, 0.7000000000000000666, -0.1699235208540227360 ) ) ;
#168 = CARTESIAN_POINT ( 'NONE',  ( 0.9118469601720513573, 0.6999999999999999556, -0.03668224964565084539 ) ) ;
#169 = CARTESIAN_POINT ( 'NONE',  ( 0.8835261274996485392, 0.9000000000000000222, -0.1990456219702590734 ) ) ;
#170 = CARTESIAN_POINT ( 'NONE',  ( -0.7941855588012711742, 0.9000000000000001332, 0.07047838443549440945 ) ) ;
#171 = COLOUR_RGB ( '',1.000000000000000000, 0.9607843137254902244, 0.4549019607843137192 ) ;
#172 = MECHANICAL_DESIGN_GEOMETRIC_PRESENTATION_REPRESENTATION (  '', ( #3172 ), #7171 ) ;
#173 = ORIENTED_EDGE ( 'NONE', *, *, #7160, .T. ) ;
#174 = ADVANCED_FACE ( 'NONE', ( #8963 ), #2373, .T. ) ;
#175 = FILL_AREA_STYLE_COLOUR ( '', #7904 ) ;
#176 = CARTESIAN_POINT ( 'NONE',  ( 0.3750000000000000000, -0.1000000000000000056, 0.6700000000000000400 ) ) ;
#177 = CARTESIAN_POINT ( 'NONE',  ( -1.500000000000000222, 0.9000000000000000222, -1.250000000000000000 ) ) ;
#178 = CARTESIAN_POINT ( 'NONE',  ( 0.5938826728772702568, 0.9000000000000000222, -0.05451370953157304300 ) ) ;
#179 = MECHANICAL_DESIGN_GEOMETRIC_PRESENTATION_REPRESENTATION (  '', ( #6150 ), #9675 ) ;
#180 = CARTESIAN_POINT ( 'NONE',  ( 0.6229371906952458904, 0.6999999999999997335, 0.08823581943322282573 ) ) ;
#181 = CARTESIAN_POINT ( 'NONE',  ( -0.9249999999999998224, -0.1000000000000000056, 0.8749999999999996669 ) ) ;
#182 = CARTESIAN_POINT ( 'NONE',  ( 0.3896148527370222325, 0.6999999999999999556, -0.1069940989488469274 ) ) ;
#183 = ORIENTED_EDGE ( 'NONE', *, *, #1948, .F. ) ;
#184 = CARTESIAN_POINT ( 'NONE',  ( 0.9249999999999998224, -0.1000000000000000056, 0.6250000000000001110 ) ) ;
#185 = VECTOR ( 'NONE', #7113, 1000.000000000000000 ) ;
#186 = CARTESIAN_POINT ( 'NONE',  ( 0.0000000000000000000, -0.1000000000000000056, 0.0000000000000000000 ) ) ;
#187 = PLANE ( 'NONE',  #7369 ) ;
#188 = DIRECTION ( 'NONE',  ( -0.0000000000000000000, -1.000000000000000000, -0.0000000000000000000 ) ) ;
#189 = CARTESIAN_POINT ( 'NONE',  ( 0.3356249867591294400, 0.6999999999999996225, -0.05612623999648148898 ) ) ;
#190 = B_SPLINE_CURVE_WITH_KNOTS ( 'NONE', 3,
 ( #2066, #4386, #2781, #7587, #1287, #442, #5211, #3606, #6773, #9977, #2830, #5983, #1391, #4548, #10185, #6995, #7857, #3041, #4494 ),
 .UNSPECIFIED., .F., .F.,
 ( 4, 1, 1, 1, 1, 1, 1, 1, 1, 1, 1, 1, 1, 1, 1, 1, 4 ),
 ( 0.0000000000000000000, 0.04130801225550240208, 0.08275104989364163999, 0.1242094910029070270, 0.1669494763721316999, 0.2105546265911127091, 0.2562091461336836740, 0.3045930921495219601, 0.3557574312479606649, 0.4107993479360809719, 0.4716979659362697808, 0.5392829021373534149, 0.6146590333054852140, 0.6974391222753427710, 0.7895990390856014729, 0.8903636755465397234, 1.000000000000000000 ),
 .UNSPECIFIED. ) ;
#191 = CARTESIAN_POINT ( 'NONE',  ( -0.6783237804274923066, 0.8999999999999999112, -0.1952697981987520925 ) ) ;
#192 = CARTESIAN_POINT ( 'NONE',  ( 0.6487126430101005647, 0.8999999999999998002, -0.1497791909825887668 ) ) ;
#193 = CARTESIAN_POINT ( 'NONE',  ( 0.6445379544975216035, 0.9000000000000003553, -0.03594058408081091116 ) ) ;
#194 = CARTESIAN_POINT ( 'NONE',  ( 0.7289435814930720348, 0.9000000000000001332, -0.001604684070575989382 ) ) ;
#195 = COLOUR_RGB ( '',1.000000000000000000, 0.9607843137254902244, 0.4549019607843137192 ) ;
#196 = ORIENTED_EDGE ( 'NONE', *, *, #8375, .F. ) ;
#197 = ADVANCED_FACE ( 'NONE', ( #5814 ), #871, .T. ) ;
#198 = ORIENTED_EDGE ( 'NONE', *, *, #3657, .T. ) ;
#199 = CARTESIAN_POINT ( 'NONE',  ( 0.2376522604876075417, 0.8999999999999998002, -0.1433314984228195588 ) ) ;
#200 = ORIENTED_EDGE ( 'NONE', *, *, #1112, .T. ) ;
#201 = LINE ( 'NONE', #1156, #4643 ) ;
#202 = VECTOR ( 'NONE', #2551, 1000.000000000000000 ) ;
#203 = DIRECTION ( 'NONE',  ( -0.0000000000000000000, 1.000000000000000000, -0.0000000000000000000 ) ) ;
#204 = CARTESIAN_POINT ( 'NONE',  ( -0.6579795181606986620, 0.7000000000000000666, 0.03486701823024122848 ) ) ;
#205 = CARTESIAN_POINT ( 'NONE',  ( 0.6732753868810235076, 0.7000000000000001776, 0.06119393409309479420 ) ) ;
#206 = CARTESIAN_POINT ( 'NONE',  ( 0.4603574903987646683, 0.6999999999999999556, -0.07678639546380820746 ) ) ;
#207 = CARTESIAN_POINT ( 'NONE',  ( -0.7775795623313618288, 0.9000000000000001332, -0.2075280106819931969 ) ) ;
#208 = LINE ( 'NONE', #4263, #9830 ) ;
#209 = ORIENTED_EDGE ( 'NONE', *, *, #10167, .F. ) ;
#210 = PRODUCT_DEFINITION_FORMATION_WITH_SPECIFIED_SOURCE ( 'ANY', '', #743, .NOT_KNOWN. ) ;
#211 = ORIENTED_EDGE ( 'NONE', *, *, #2996, .F. ) ;
#212 = DIRECTION ( 'NONE',  ( -1.000000000000000000, 0.0000000000000000000, -1.141265444721583757E-16 ) ) ;
#213 = DIRECTION ( 'NONE',  ( 0.0000000000000000000, 0.0000000000000000000, -1.000000000000000000 ) ) ;
#214 = DIRECTION ( 'NONE',  ( -1.141265444721583757E-16, 0.0000000000000000000, 1.000000000000000000 ) ) ;
#215 = FACE_OUTER_BOUND ( 'NONE', #10285, .T. ) ;
#216 = CARTESIAN_POINT ( 'NONE',  ( 0.7293033573260442326, 0.7000000000000002887, -0.01213239889768008214 ) ) ;
#217 = CARTESIAN_POINT ( 'NONE',  ( -0.7148827772181591822, 0.9000000000000000222, 0.04908360674991994049 ) ) ;
#218 = PLANE ( 'NONE',  #348 ) ;
#219 = DIRECTION ( 'NONE',  ( 1.000000000000000000, -0.0000000000000000000, 0.0000000000000000000 ) ) ;
#220 = CARTESIAN_POINT ( 'NONE',  ( -0.8355226635265936563, 0.6999999999999997335, -0.003772631282838377967 ) ) ;
#221 = AXIS2_PLACEMENT_3D ( 'NONE', #3590, #5039, #8405 ) ;
#222 = EDGE_CURVE ( 'NONE', #4150, #62, #3459, .T. ) ;
#223 = EDGE_CURVE ( 'NONE', #5545, #1558, #1412, .T. ) ;
#224 = CARTESIAN_POINT ( 'NONE',  ( -0.6868973366343904541, 0.9000000000000002442, -0.02898068631180208965 ) ) ;
#225 = VERTEX_POINT ( 'NONE', #3058 ) ;
#226 = CARTESIAN_POINT ( 'NONE',  ( -0.3750000000000000000, -0.1000000000000000056, 0.0000000000000000000 ) ) ;
#227 = DIRECTION ( 'NONE',  ( 0.0000000000000000000, 1.000000000000000000, 0.0000000000000000000 ) ) ;
#228 = VECTOR ( 'NONE', #8521, 1000.000000000000000 ) ;
#230 = DIRECTION ( 'NONE',  ( 0.0000000000000000000, 1.000000000000000000, 0.0000000000000000000 ) ) ;
#229 = B_SPLINE_SURFACE_WITH_KNOTS ( 'NONE', 3, 1, ( 
 ( #6039, #5356 ),
 ( #5261, #4596 ),
 ( #9259, #8472 ),
 ( #551, #6943 ),
 ( #5462, #10131 ),
 ( #9412, #1339 ),
 ( #3812, #2282 ),
 ( #3704, #7050 ),
 ( #10086, #4442 ),
 ( #4648, #7803 ),
 ( #4547, #6088 ),
 ( #2171, #7856 ),
 ( #10231, #9461 ),
 ( #2332, #5302 ),
 ( #1390, #9706 ),
 ( #3340, #6503 ),
 ( #1604, #5707 ),
 ( #4700, #767 ),
 ( #1554, #4067 ) ),
 .UNSPECIFIED., .F., .F., .F.,
 ( 4, 1, 1, 1, 1, 1, 1, 1, 1, 1, 1, 1, 1, 1, 1, 1, 4 ),
 ( 2, 2 ),
 ( 0.0000000000000000000, 0.08241802022261664196, 0.1603496622879456990, 0.2342482336450726343, 0.3045451807535546895, 0.3706460810175573051, 0.4337613328708727622, 0.4942527676985100649, 0.5518036588782729845, 0.6079209423644332810, 0.6637470867048972378, 0.7187965522786626815, 0.7734135305480146494, 0.8289231476780046792, 0.8846043412639337244, 0.9415582105514962441, 0.9999999999999998890 ),
 ( 0.0000000000000000000, 1.000000000000000000 ),
 .UNSPECIFIED. ) ;
#231 = CARTESIAN_POINT ( 'NONE',  ( 0.6404901916230966163, 0.6999999999999999556, -0.03954593313095176865 ) ) ;
#232 = CARTESIAN_POINT ( 'NONE',  ( 0.3184172657035982956, 0.9000000000000000222, -0.1051134560004005486 ) ) ;
#233 = LINE ( 'NONE', #9825, #5313 ) ;
#234 = AXIS2_PLACEMENT_3D ( 'NONE', #9582, #10299, #3117 ) ;
#235 = ORIENTED_EDGE ( 'NONE', *, *, #9735, .T. ) ;
#236 = LINE ( 'NONE', #8962, #7146 ) ;
#237 = CARTESIAN_POINT ( 'NONE',  ( 0.7651172336689054942, 0.7000000000000000666, -0.08116242306557369668 ) ) ;
#238 = CARTESIAN_POINT ( 'NONE',  ( 0.8614304705778912385, 0.6999999999999997335, -0.1067965028822606965 ) ) ;
#239 = CARTESIAN_POINT ( 'NONE',  ( 0.3394698972825455074, 0.6999999999999998446, 0.03965587473384244582 ) ) ;
#240 = AXIS2_PLACEMENT_3D ( 'NONE', #766, #6347, #9561 ) ;
#241 = CARTESIAN_POINT ( 'NONE',  ( 0.5043821779843000730, 0.6999999999999999556, -0.001604684070575989382 ) ) ;
#242 = CARTESIAN_POINT ( 'NONE',  ( 0.7392443369538017617, 0.7000000000000000666, -0.1274522846622696826 ) ) ;
#243 = CARTESIAN_POINT ( 'NONE',  ( 1.104067423802918890, 0.8999999999999998002, -0.09470488521911271662 ) ) ;
#244 = CARTESIAN_POINT ( 'NONE',  ( 0.7534632788713162554, 0.8999999999999999112, -0.06115973151536300417 ) ) ;
#245 = VERTEX_POINT ( 'NONE', #6966 ) ;
#246 = CARTESIAN_POINT ( 'NONE',  ( 0.2300740748147273029, 0.8999999999999998002, -0.1769856953872979699 ) ) ;
#247 = VERTEX_POINT ( 'NONE', #3729 ) ;
#248 = CARTESIAN_POINT ( 'NONE',  ( -0.4605301027174542594, 0.6999999999999999556, 0.08611461417503804561 ) ) ;
#249 = FILL_AREA_STYLE ('',( #3267 ) ) ;
#250 = CARTESIAN_POINT ( 'NONE',  ( 0.3479676330337241330, 0.8999999999999999112, 0.04712440496472920792 ) ) ;
#251 = CARTESIAN_POINT ( 'NONE',  ( 0.7289435814930720348, 0.9000000000000001332, -0.001604684070575989382 ) ) ;
#252 = CARTESIAN_POINT ( 'NONE',  ( -0.6509996868098357758, 0.9000000000000002442, 0.01108276943571277935 ) ) ;
#253 = CARTESIAN_POINT ( 'NONE',  ( 0.5067454807285272089, 0.9000000000000000222, 0.02738035923233493943 ) ) ;
#254 = CARTESIAN_POINT ( 'NONE',  ( 0.4452617932193364547, 0.6999999999999998446, -0.09002872140742596008 ) ) ;
#255 = CARTESIAN_POINT ( 'NONE',  ( -0.7470010183579628427, 0.7000000000000001776, -0.2170190219515263919 ) ) ;
#256 = CARTESIAN_POINT ( 'NONE',  ( 0.5467394025658773860, 0.6999999999999999556, -0.07731518626360403545 ) ) ;
#257 = CARTESIAN_POINT ( 'NONE',  ( 0.3978204577434938383, 0.8999999999999999112, -0.07630589500505911837 ) ) ;
#258 = CARTESIAN_POINT ( 'NONE',  ( 0.4111412754742977960, 0.9000000000000003553, 0.05210783987843282949 ) ) ;
#259 = ORIENTED_EDGE ( 'NONE', *, *, #9983, .T. ) ;
#260 = EDGE_LOOP ( 'NONE', ( #7233, #8109, #9593, #3598 ) ) ;
#261 = DIRECTION ( 'NONE',  ( 0.0000000000000000000, 1.000000000000000000, 0.0000000000000000000 ) ) ;
#262 = AXIS2_PLACEMENT_3D ( 'NONE', #8152, #1024, #4847 ) ;
#263 = COLOUR_RGB ( '',1.000000000000000000, 0.9607843137254902244, 0.4549019607843137192 ) ;
#264 = ADVANCED_FACE ( 'NONE', ( #5328 ), #2909, .F. ) ;
#265 =( NAMED_UNIT ( * ) SI_UNIT ( $, .STERADIAN. ) SOLID_ANGLE_UNIT ( ) );
#266 = CARTESIAN_POINT ( 'NONE',  ( 1.107039031525355099, 0.6999999999999997335, -0.1074990135416250686 ) ) ;
#267 =( NAMED_UNIT ( * ) SI_UNIT ( $, .STERADIAN. ) SOLID_ANGLE_UNIT ( ) );
#268 = LINE ( 'NONE', #1173, #6215 ) ;
#269 = CARTESIAN_POINT ( 'NONE',  ( 0.9023462238034382077, 0.6999999999999999556, 0.05490956346547812977 ) ) ;
#270 = CARTESIAN_POINT ( 'NONE',  ( -0.7329598771085106268, 0.9000000000000000222, 0.05617363900662205450 ) ) ;
#271 = CARTESIAN_POINT ( 'NONE',  ( 0.9024321519415537951, 0.6999999999999995115, -0.1764029346301912160 ) ) ;
#272 = STYLED_ITEM ( 'NONE', ( #5319 ), #5229 ) ;
#273 = CARTESIAN_POINT ( 'NONE',  ( 0.4628611435016491971, 0.8999999999999999112, 0.05019291657127546852 ) ) ;
#274 = CARTESIAN_POINT ( 'NONE',  ( 1.270879639914568315, 0.0000000000000000000, 0.9760643809100244539 ) ) ;
#275 = CARTESIAN_POINT ( 'NONE',  ( -0.7676293026280023302, 0.9000000000000002442, 0.08500399660217825004 ) ) ;
#276 = CARTESIAN_POINT ( 'NONE',  ( 0.6465432484995263795, 0.8999999999999998002, -0.1241710342058428979 ) ) ;
#277 = ORIENTED_EDGE ( 'NONE', *, *, #7018, .T. ) ;
#278 = DIRECTION ( 'NONE',  ( 0.0000000000000000000, 1.000000000000000000, 0.0000000000000000000 ) ) ;
#279 =( GEOMETRIC_REPRESENTATION_CONTEXT ( 3 ) GLOBAL_UNCERTAINTY_ASSIGNED_CONTEXT ( ( #1801 ) ) GLOBAL_UNIT_ASSIGNED_CONTEXT ( ( #3700, #6882, #7688 ) ) REPRESENTATION_CONTEXT ( 'NONE', 'WORKASPACE' ) );
#280 = CARTESIAN_POINT ( 'NONE',  ( 1.087850396158501987, 0.7000000000000000666, -0.1712263114348641646 ) ) ;
#281 = ADVANCED_FACE ( 'NONE', ( #7879 ), #4671, .T. ) ;
#282 = SURFACE_STYLE_FILL_AREA ( #7534 ) ;
#283 = CARTESIAN_POINT ( 'NONE',  ( -0.1250000000000000000, 0.0000000000000000000, 0.6700000000000000400 ) ) ;
#284 = SURFACE_STYLE_USAGE ( .BOTH. , #9720 ) ;
#285 = CARTESIAN_POINT ( 'NONE',  ( 0.5713310578054900946, 0.9000000000000000222, 0.05249592656743325841 ) ) ;
#286 = DIRECTION ( 'NONE',  ( 0.0000000000000000000, 0.0000000000000000000, -1.000000000000000000 ) ) ;
#287 = VECTOR ( 'NONE', #4997, 1000.000000000000000 ) ;
#288 = EDGE_CURVE ( 'NONE', #8863, #6281, #1520, .T. ) ;
#289 = EDGE_LOOP ( 'NONE', ( #6016, #4423 ) ) ;
#290 = ORIENTED_EDGE ( 'NONE', *, *, #7968, .T. ) ;
#291 = FACE_OUTER_BOUND ( 'NONE', #1515, .T. ) ;
#292 = CARTESIAN_POINT ( 'NONE',  ( 0.0000000000000000000, -0.1000000000000000056, -0.6250000000000001110 ) ) ;
#293 = CARTESIAN_POINT ( 'NONE',  ( 0.8539998913623066956, 0.9000000000000003553, -0.09989736374326872725 ) ) ;
#295 = ADVANCED_FACE ( 'NONE', ( #6268 ), #9479, .T. ) ;
#294 = FACE_OUTER_BOUND ( 'NONE', #589, .T. ) ;
#296 = FILL_AREA_STYLE_COLOUR ( '', #5043 ) ;
#297 = CARTESIAN_POINT ( 'NONE',  ( 1.075832672461557449, 0.6999999999999999556, -0.2124757102040607804 ) ) ;
#298 = CARTESIAN_POINT ( 'NONE',  ( -0.9249999999999998224, -0.1000000000000000056, 0.6249999999999996669 ) ) ;
#299 = LINE ( 'NONE', #6424, #1281 ) ;
#300 = CARTESIAN_POINT ( 'NONE',  ( 1.101911333951356875, 0.9000000000000003553, -0.08925205368102134829 ) ) ;
#301 = CARTESIAN_POINT ( 'NONE',  ( 0.7631957375528390930, 0.6999999999999999556, -0.06875061400778355314 ) ) ;
#302 = CARTESIAN_POINT ( 'NONE',  ( 0.2359204635080683621, 0.9000000000000000222, -0.1233989109764987574 ) ) ;
#303 = ORIENTED_EDGE ( 'NONE', *, *, #5788, .T. ) ;
#304 = DIRECTION ( 'NONE',  ( -0.0000000000000000000, 1.000000000000000000, -0.0000000000000000000 ) ) ;
#305 = CARTESIAN_POINT ( 'NONE',  ( 0.1753574601473501804, 0.9000000000000002442, -0.07517629648685407451 ) ) ;
#306 = CARTESIAN_POINT ( 'NONE',  ( 0.3752280393604026654, 0.8999999999999999112, 0.05752267381020948617 ) ) ;
#307 = CARTESIAN_POINT ( 'NONE',  ( -0.6875356752887249456, 0.8999999999999999112, -0.1247795321179272082 ) ) ;
#308 = DIRECTION ( 'NONE',  ( -0.0000000000000000000, 1.000000000000000000, -0.0000000000000000000 ) ) ;
#309 = CARTESIAN_POINT ( 'NONE',  ( 0.4085472954646953703, 0.9000000000000003553, -0.1062115119796451096 ) ) ;
#310 = CARTESIAN_POINT ( 'NONE',  ( -0.7678993003621391589, 0.7000000000000001776, -0.2119522551197939864 ) ) ;
#311 = CARTESIAN_POINT ( 'NONE',  ( 0.8711519721556796325, 0.9000000000000001332, 0.03704231484631621829 ) ) ;
#312 = ORIENTED_EDGE ( 'NONE', *, *, #1590, .F. ) ;
#313 = EDGE_LOOP ( 'NONE', ( #960, #1477, #1270, #3926 ) ) ;
#314 = PLANE ( 'NONE',  #5918 ) ;
#315 = ORIENTED_EDGE ( 'NONE', *, *, #643, .T. ) ;
#316 = SURFACE_STYLE_USAGE ( .BOTH. , #3432 ) ;
#317 = CARTESIAN_POINT ( 'NONE',  ( 0.8224598189183341956, 0.9000000000000000222, 0.05586581114603456077 ) ) ;
#318 = CARTESIAN_POINT ( 'NONE',  ( -0.7005958806938583638, 0.9000000000000002442, -0.2103453034666390997 ) ) ;
#319 = CARTESIAN_POINT ( 'NONE',  ( 0.7385218010332300631, 0.6999999999999996225, -0.04125322462648152444 ) ) ;
#320 = VECTOR ( 'NONE', #1478, 1000.000000000000000 ) ;
#321 = CARTESIAN_POINT ( 'NONE',  ( -0.7236749815463526803, 0.7000000000000001776, 0.05376464688469138886 ) ) ;
#322 = CARTESIAN_POINT ( 'NONE',  ( 0.9090928627988967836, 0.6999999999999999556, -0.1373702312129746750 ) ) ;
#323 = CARTESIAN_POINT ( 'NONE',  ( 0.4452617932193364547, 0.8999999999999999112, -0.09002872140742596008 ) ) ;
#324 =( NAMED_UNIT ( * ) PLANE_ANGLE_UNIT ( ) SI_UNIT ( $, .RADIAN. ) );
#325 = CARTESIAN_POINT ( 'NONE',  ( -0.8281857491215511846, 0.6999999999999998446, 0.02378832089620073337 ) ) ;
#326 = EDGE_CURVE ( 'NONE', #1115, #7107, #3365, .T. ) ;
#327 = DIRECTION ( 'NONE',  ( 0.0000000000000000000, 1.000000000000000000, 0.0000000000000000000 ) ) ;
#328 = DIRECTION ( 'NONE',  ( 0.5692099788303084384, 0.0000000000000000000, -0.8221921916437784361 ) ) ;
#329 = B_SPLINE_CURVE_WITH_KNOTS ( 'NONE', 3,
 ( #9422, #2130, #3662, #724, #8430, #3715, #1296, #2291, #5424, #4450, #8535, #1347, #562, #6898, #3877, #7646, #6048, #2947, #6098 ),
 .UNSPECIFIED., .F., .F.,
 ( 4, 1, 1, 1, 1, 1, 1, 1, 1, 1, 1, 1, 1, 1, 1, 1, 4 ),
 ( 0.0000000000000000000, 0.09044125987823430080, 0.1747731893049270235, 0.2544508012209609205, 0.3283651613060588614, 0.3970508465704840617, 0.4617853255465036999, 0.5222264584098250673, 0.5790079612547945898, 0.6330243745918888720, 0.6845604001972307451, 0.7349709396407296813, 0.7851580669714138816, 0.8357832448672982695, 0.8880523620114706418, 0.9421453659599439145, 1.000000000000000000 ),
 .UNSPECIFIED. ) ;
#330 = MECHANICAL_DESIGN_GEOMETRIC_PRESENTATION_REPRESENTATION (  '', ( #9816 ), #5615 ) ;
#331 = VERTEX_POINT ( 'NONE', #2599 ) ;
#332 = CARTESIAN_POINT ( 'NONE',  ( 1.044733055177282433, 0.6999999999999998446, -0.1805520524916285896 ) ) ;
#333 = CARTESIAN_POINT ( 'NONE',  ( 0.9640313007913173804, 0.6999999999999999556, 0.08611461417503804561 ) ) ;
#334 = FILL_AREA_STYLE ('',( #4234 ) ) ;
#335 = DIRECTION ( 'NONE',  ( 1.000000000000000000, -0.0000000000000000000, 0.0000000000000000000 ) ) ;
#336 = CARTESIAN_POINT ( 'NONE',  ( 0.5493339999270512308, 0.7000000000000000666, -0.1229090932127587105 ) ) ;
#337 = CARTESIAN_POINT ( 'NONE',  ( -1.399999999999999689, 0.0000000000000000000, 0.1250000000000000555 ) ) ;
#338 =( NAMED_UNIT ( * ) SI_UNIT ( $, .STERADIAN. ) SOLID_ANGLE_UNIT ( ) );
#339 = CARTESIAN_POINT ( 'NONE',  ( 0.4085472954646953703, 0.7000000000000002887, -0.1062115119796451096 ) ) ;
#340 = B_SPLINE_CURVE_WITH_KNOTS ( 'NONE', 3,
 ( #4073, #8832, #122, #4177, #8208, #2584, #3290, #6459, #2629, #1704, #1028, #1755, #1079, #4897, #4129, #3345, #6510, #224, #6560 ),
 .UNSPECIFIED., .F., .F.,
 ( 4, 1, 1, 1, 1, 1, 1, 1, 1, 1, 1, 1, 1, 1, 1, 1, 4 ),
 ( 0.0000000000000000000, 0.04130801225550240208, 0.08275104989364163999, 0.1242094910029070270, 0.1669494763721316999, 0.2105546265911127091, 0.2562091461336836740, 0.3045930921495219601, 0.3557574312479606649, 0.4107993479360809719, 0.4716979659362697808, 0.5392829021373534149, 0.6146590333054852140, 0.6974391222753427710, 0.7895990390856014729, 0.8903636755465397234, 1.000000000000000000 ),
 .UNSPECIFIED. ) ;
#341 = ORIENTED_EDGE ( 'NONE', *, *, #1021, .F. ) ;
#342 = ORIENTED_EDGE ( 'NONE', *, *, #6478, .T. ) ;
#343 = CARTESIAN_POINT ( 'NONE',  ( 0.3750000000000000000, 0.0000000000000000000, -0.0000000000000000000 ) ) ;
#344 = B_SPLINE_CURVE_WITH_KNOTS ( 'NONE', 3,
 ( #1883, #6639, #6492, #5906, #369, #9746, #2656, #3383, #5087, #1791, #1111, #8294, #1163, #5132, #4312, #8243, #3427, #8346, #7408, #4364, #3327, #2617, #7461, #311, #8139, #4982, #5798, #7353, #9695, #3530 ),
 .UNSPECIFIED., .F., .F.,
 ( 4, 1, 1, 1, 1, 1, 1, 1, 1, 1, 1, 1, 1, 1, 1, 1, 1, 1, 1, 1, 1, 1, 1, 1, 1, 1, 1, 4 ),
 ( 0.0000000000000000000, 0.02788876596514769726, 0.05421625487123222370, 0.07915984011312067470, 0.1035353754894376838, 0.1154770059438782887, 0.1272710965375090653, 0.1389522967014684418, 0.1508542318755859979, 0.1629793888097272325, 0.1759311175533763150, 0.1893011571992729014, 0.2036037875023511412, 0.2330439056720955415, 0.2627257580548829075, 0.2930094943604961144, 0.3244022232009525775, 0.3399194315283891044, 0.3547632804434123766, 0.3689840606704876680, 0.3827791677666831371, 0.3963645650445776769, 0.4099499623224724387, 0.4237450694186680744, 0.4379658496457430883, 0.4663018339518760214, 0.4932745115574749262, 0.4999999999993764432 ),
 .UNSPECIFIED. ) ;
#345 = AXIS2_PLACEMENT_3D ( 'NONE', #3064, #2311, #5583 ) ;
#346 = B_SPLINE_CURVE_WITH_KNOTS ( 'NONE', 3,
 ( #4160, #3426, #4980, #5905, #9800, #3475, #5796, #7508, #6637, #3382, #3529, #9132, #2568, #6491, #9694, #7352, #1065, #2914, #2148, #1313, #4414, #6062, #4467, #9389, #9234, #419, #2092, #2859, #3679 ),
 .UNSPECIFIED., .F., .F.,
 ( 4, 1, 1, 1, 1, 1, 1, 1, 1, 1, 1, 1, 1, 1, 1, 1, 1, 1, 1, 1, 1, 1, 1, 1, 1, 1, 4 ),
 ( 0.4999999999993764432, 0.5198405870245135230, 0.5461884398033972632, 0.5593910728033583135, 0.5724241490377116603, 0.5853013682317748101, 0.5985219112101257677, 0.6120922052067776509, 0.6262896717537255187, 0.6410108024404683746, 0.6564995201318607476, 0.6876075521500656373, 0.7175644872833546462, 0.7474961360743195282, 0.7780474713871698977, 0.8082163933622201757, 0.8367520855888999076, 0.8643251420419028053, 0.8920391475800971692, 0.9058571056230396712, 0.9192554317031914612, 0.9324580647031524006, 0.9455647644940068375, 0.9587255127607228200, 0.9722176986649472274, 0.9859129604891354592, 1.000000000000000000 ),
 .UNSPECIFIED. ) ;
#347 = CARTESIAN_POINT ( 'NONE',  ( 0.8042330876030576725, 0.8999999999999999112, -0.09316699479757110935 ) ) ;
#348 = AXIS2_PLACEMENT_3D ( 'NONE', #6155, #8056, #9379 ) ;
#349 =( NAMED_UNIT ( * ) PLANE_ANGLE_UNIT ( ) SI_UNIT ( $, .RADIAN. ) );
#350 = CARTESIAN_POINT ( 'NONE',  ( -0.3973722079806121243, 0.9000000000000000222, -0.05423626301794440968 ) ) ;
#351 = CARTESIAN_POINT ( 'NONE',  ( 1.110216017363253371, 0.7000000000000000666, -0.2001703836918412027 ) ) ;
#352 = CARTESIAN_POINT ( 'NONE',  ( -0.9249999999999998224, 0.0000000000000000000, 0.8749999999999996669 ) ) ;
#353 = CARTESIAN_POINT ( 'NONE',  ( 0.7750377806821813209, 0.6999999999999995115, -0.2067788082763747093 ) ) ;
#354 = CARTESIAN_POINT ( 'NONE',  ( 0.5572274159774927016, 0.9000000000000002442, -0.03972691110536051562 ) ) ;
#355 = DIRECTION ( 'NONE',  ( 0.0000000000000000000, 0.0000000000000000000, -1.000000000000000000 ) ) ;
#356 = CARTESIAN_POINT ( 'NONE',  ( -1.399999999999999689, 0.0000000000000000000, -0.0000000000000000000 ) ) ;
#357 = COLOUR_RGB ( '',0.3764705882352941124, 0.3764705882352941124, 0.3764705882352941124 ) ;
#358 = ORIENTED_EDGE ( 'NONE', *, *, #5374, .F. ) ;
#359 = CARTESIAN_POINT ( 'NONE',  ( -0.8394774711385069033, 0.9000000000000001332, -0.05423626301794441662 ) ) ;
#360 = CARTESIAN_POINT ( 'NONE',  ( 1.399999999999999689, -0.1000000000000000056, -0.6250000000000001110 ) ) ;
#361 = CARTESIAN_POINT ( 'NONE',  ( 0.3691423576480065694, 0.9000000000000000222, 0.05628700181967688509 ) ) ;
#362 = VECTOR ( 'NONE', #6573, 1000.000000000000000 ) ;
#363 = FILL_AREA_STYLE ('',( #3378 ) ) ;
#364 = VECTOR ( 'NONE', #9413, 1000.000000000000114 ) ;
#365 = CARTESIAN_POINT ( 'NONE',  ( -0.7359686992086823532, 0.6999999999999999556, -0.2173941577547864601 ) ) ;
#366 = CARTESIAN_POINT ( 'NONE',  ( 0.4738191286679980796, 0.9000000000000001332, 0.02831857602974234209 ) ) ;
#367 = CARTESIAN_POINT ( 'NONE',  ( 0.1947213831801820894, 0.9000000000000000222, -0.1633610825987966420 ) ) ;
#368 = CARTESIAN_POINT ( 'NONE',  ( -0.8378675972610961642, 0.7000000000000001776, -0.09245257611852367163 ) ) ;
#369 = CARTESIAN_POINT ( 'NONE',  ( 0.7683156845839036464, 0.8999999999999995781, 0.02521840137787144734 ) ) ;
#370 = LINE ( 'NONE', #1836, #4440 ) ;
#371 = ORIENTED_EDGE ( 'NONE', *, *, #7002, .T. ) ;
#372 =( GEOMETRIC_REPRESENTATION_CONTEXT ( 3 ) GLOBAL_UNCERTAINTY_ASSIGNED_CONTEXT ( ( #9505 ) ) GLOBAL_UNIT_ASSIGNED_CONTEXT ( ( #1853, #7375, #7318 ) ) REPRESENTATION_CONTEXT ( 'NONE', 'WORKASPACE' ) );
#373 = VERTEX_POINT ( 'NONE', #2449 ) ;
#374 = CARTESIAN_POINT ( 'NONE',  ( -0.1394774711385069477, 0.9000000000000000222, -0.01213099986004967552 ) ) ;
#375 = VECTOR ( 'NONE', #3414, 1000.000000000000000 ) ;
#376 =( NAMED_UNIT ( * ) PLANE_ANGLE_UNIT ( ) SI_UNIT ( $, .RADIAN. ) );
#377 = VECTOR ( 'NONE', #2187, 1000.000000000000000 ) ;
#378 = CARTESIAN_POINT ( 'NONE',  ( 0.7290630955248225131, 0.7000000000000001776, -0.005101888520668995501 ) ) ;
#379 = CARTESIAN_POINT ( 'NONE',  ( 0.8245032806308049134, 0.9000000000000002442, 0.08973780313695599309 ) ) ;
#380 = CARTESIAN_POINT ( 'NONE',  ( -0.6915668938505157293, 0.6999999999999996225, -0.1474260254462588793 ) ) ;
#381 = CARTESIAN_POINT ( 'NONE',  ( 0.6216233593469234764, 0.7000000000000002887, -0.2155448196487805834 ) ) ;
#382 = CARTESIAN_POINT ( 'NONE',  ( 0.3111418237727117120, 0.9000000000000002442, 0.06367434020839532471 ) ) ;
#383 = FACE_OUTER_BOUND ( 'NONE', #4391, .T. ) ;
#384 = CARTESIAN_POINT ( 'NONE',  ( -0.8355226635265936563, 0.8999999999999998002, -0.003772631282838377967 ) ) ;
#385 = CARTESIAN_POINT ( 'NONE',  ( 0.5043821779843000730, 0.6999999999999999556, -0.001604684070575989382 ) ) ;
#386 = ORIENTED_EDGE ( 'NONE', *, *, #6522, .F. ) ;
#387 = CARTESIAN_POINT ( 'NONE',  ( 1.107890949914124512, 0.6999999999999999556, -0.1226573156495233408 ) ) ;
#388 = CARTESIAN_POINT ( 'NONE',  ( 0.7710488446509666804, 0.7000000000000000666, -0.1402011752986461468 ) ) ;
#389 = EDGE_CURVE ( 'NONE', #5738, #9053, #81, .T. ) ;
#390 = CARTESIAN_POINT ( 'NONE',  ( -0.007898523770085786114, 0.6999999999999999556, -0.2173941577547864601 ) ) ;
#391 = DIRECTION ( 'NONE',  ( -0.0000000000000000000, 0.0000000000000000000, -1.000000000000000000 ) ) ;
#392 = SURFACE_STYLE_FILL_AREA ( #4388 ) ;
#393 = CARTESIAN_POINT ( 'NONE',  ( 1.059401218542794565, 0.9000000000000001332, -0.1798682102911343395 ) ) ;
#394 = VERTEX_POINT ( 'NONE', #3254 ) ;
#395 = ORIENTED_EDGE ( 'NONE', *, *, #1425, .T. ) ;
#396 = DIRECTION ( 'NONE',  ( -1.000000000000000000, 0.0000000000000000000, 0.0000000000000000000 ) ) ;
#397 = CARTESIAN_POINT ( 'NONE',  ( 0.7820582450649415929, 0.9000000000000003553, -0.2104651057289956273 ) ) ;
#398 = MECHANICAL_DESIGN_GEOMETRIC_PRESENTATION_REPRESENTATION (  '', ( #9558 ), #4206 ) ;
#399 = CARTESIAN_POINT ( 'NONE',  ( 0.8281819565217191093, 0.9000000000000004663, -0.09125856083493659454 ) ) ;
#400 = ADVANCED_FACE ( 'NONE', ( #7932 ), #4814, .T. ) ;
#401 = ADVANCED_FACE ( 'NONE', ( #3208 ), #9581, .F. ) ;
#402 = CARTESIAN_POINT ( 'NONE',  ( -0.04123185710341913113, 0.6999999999999999556, -0.1507274910881198082 ) ) ;
#403 = LINE ( 'NONE', #3564, #8864 ) ;
#404 = CARTESIAN_POINT ( 'NONE',  ( 0.7745576165807911417, 0.9000000000000000222, -0.07528889459689178110 ) ) ;
#405 = CARTESIAN_POINT ( 'NONE',  ( 0.8535768401126081484, 0.6999999999999999556, -0.2140002896161382340 ) ) ;
#406 = PLANE ( 'NONE',  #5879 ) ;
#407 = CARTESIAN_POINT ( 'NONE',  ( 0.2106116303978625703, 0.6999999999999997335, -0.06700190136883846237 ) ) ;
#408 = FILL_AREA_STYLE ('',( #144 ) ) ;
#409 = CIRCLE ( 'NONE', #56, 0.1380183217409907959 ) ;
#410 = CARTESIAN_POINT ( 'NONE',  ( 0.1233692486027744561, 0.9000000000000002442, 0.04296286389590490973 ) ) ;
#411 = VERTEX_POINT ( 'NONE', #1042 ) ;
#412 = CARTESIAN_POINT ( 'NONE',  ( 0.5464874411421946077, 0.8999999999999998002, -0.1402011752986460913 ) ) ;
#413 = CARTESIAN_POINT ( 'NONE',  ( 0.1155025528518914268, 0.8999999999999998002, -0.1719287578015626927 ) ) ;
#414 = CARTESIAN_POINT ( 'NONE',  ( -0.5798283483314893294, 0.6999999999999999556, -0.1279204735442601715 ) ) ;
#415 = PRESENTATION_STYLE_ASSIGNMENT (( #3676 ) ) ;
#416 = CARTESIAN_POINT ( 'NONE',  ( 0.1854210235282093000, 0.6999999999999998446, -0.09184802689162505085 ) ) ;
#417 = CARTESIAN_POINT ( 'NONE',  ( 0.4692001774812038506, 0.9000000000000003553, 0.03953241326057040095 ) ) ;
#418 = CARTESIAN_POINT ( 'NONE',  ( 0.1507250037417900979, 0.9000000000000002442, -0.1860473035785043527 ) ) ;
#419 = CARTESIAN_POINT ( 'NONE',  ( 0.5415066631567807542, 0.7000000000000001776, -0.01342908326495971874 ) ) ;
#420 = CARTESIAN_POINT ( 'NONE',  ( 0.5648914990874253084, 0.6999999999999997335, -0.2131160910121949470 ) ) ;
#421 = ADVANCED_FACE ( 'NONE', ( #1248 ), #4396, .T. ) ;
#422 = VERTEX_POINT ( 'NONE', #402 ) ;
#423 = SURFACE_STYLE_FILL_AREA ( #2808 ) ;
#424 = VERTEX_POINT ( 'NONE', #8174 ) ;
#425 = CARTESIAN_POINT ( 'NONE',  ( 0.3527741871535465257, 0.7000000000000001776, 0.05016362618077466196 ) ) ;
#426 = UNCERTAINTY_MEASURE_WITH_UNIT (LENGTH_MEASURE( 1.000000000000000082E-05 ), #2542, 'distance_accuracy_value', 'NONE');
#427 = SHAPE_DEFINITION_REPRESENTATION ( #652, #2573 ) ;
#428 = CARTESIAN_POINT ( 'NONE',  ( -0.5061441378051735329, 0.9000000000000000222, 0.08611461417503804561 ) ) ;
#429 = CARTESIAN_POINT ( 'NONE',  ( -1.500000000000000000, 0.9000000000000000222, 2.602085213965210642E-16 ) ) ;
#430 = CARTESIAN_POINT ( 'NONE',  ( 0.8744410929070787208, 0.7000000000000002887, 0.08034611070217466400 ) ) ;
#431 = CARTESIAN_POINT ( 'NONE',  ( 0.5262740858589701753, 0.7000000000000001776, -0.09480968791772782789 ) ) ;
#432 = PLANE ( 'NONE',  #3587 ) ;
#433 = FACE_OUTER_BOUND ( 'NONE', #2460, .T. ) ;
#434 = CARTESIAN_POINT ( 'NONE',  ( -0.9249999999999998224, -0.1000000000000000056, -0.3749999999999999445 ) ) ;
#435 = PRESENTATION_LAYER_ASSIGNMENT (  '', '', ( #5227 ) ) ;
#436 = VERTEX_POINT ( 'NONE', #2791 ) ;
#437 = PLANE ( 'NONE',  #1302 ) ;
#438 = DIRECTION ( 'NONE',  ( 0.0000000000000000000, 0.0000000000000000000, 1.000000000000000000 ) ) ;
#439 = CARTESIAN_POINT ( 'NONE',  ( 0.7865395828807054679, 0.6999999999999997335, -0.1031005013175879809 ) ) ;
#440 = CARTESIAN_POINT ( 'NONE',  ( 0.6820161816461272064, 0.6999999999999999556, 0.04796074110148944303 ) ) ;
#441 = PLANE ( 'NONE',  #4488 ) ;
#442 = CARTESIAN_POINT ( 'NONE',  ( -0.7191856440064009481, 0.6999999999999999556, 0.05176031556486621749 ) ) ;
#443 = MECHANICAL_DESIGN_GEOMETRIC_PRESENTATION_REPRESENTATION (  '', ( #5409 ), #1935 ) ;
#444 = VECTOR ( 'NONE', #4557, 1000.000000000000000 ) ;
#445 = DIRECTION ( 'NONE',  ( 0.0000000000000000000, 0.0000000000000000000, -1.000000000000000000 ) ) ;
#446 =( LENGTH_UNIT ( ) NAMED_UNIT ( * ) SI_UNIT ( .MILLI., .METRE. ) );
#447 = CARTESIAN_POINT ( 'NONE',  ( 0.3486259907513036826, 0.6999999999999999556, 0.08545122001923140254 ) ) ;
#448 = ORIENTED_EDGE ( 'NONE', *, *, #4023, .T. ) ;
#449 = ORIENTED_EDGE ( 'NONE', *, *, #9157, .T. ) ;
#450 = AXIS2_PLACEMENT_3D ( 'NONE', #7858, #10088, #8633 ) ;
#451 = CARTESIAN_POINT ( 'NONE',  ( 0.8579534289743935283, 0.9000000000000002442, -0.1030944160399638460 ) ) ;
#452 = PRESENTATION_STYLE_ASSIGNMENT (( #5886 ) ) ;
#453 = CARTESIAN_POINT ( 'NONE',  ( 1.123776642647587920, 0.6999999999999999556, -0.1894188947965035619 ) ) ;
#454 = DIRECTION ( 'NONE',  ( -0.1930218602933347349, 0.0000000000000000000, -0.9811944564911180278 ) ) ;
#455 = CARTESIAN_POINT ( 'NONE',  ( 0.9030547897169235450, 0.6999999999999998446, -0.1105164985942328620 ) ) ;
#456 = CARTESIAN_POINT ( 'NONE',  ( 0.1897459577083053239, 0.7000000000000000666, -0.03773343197525480530 ) ) ;
#457 = VECTOR ( 'NONE', #278, 1000.000000000000000 ) ;
#458 = FILL_AREA_STYLE ('',( #6681 ) ) ;
#459 = CARTESIAN_POINT ( 'NONE',  ( 0.8664476549941552141, 0.8999999999999999112, -0.07279017902696312270 ) ) ;
#460 = CARTESIAN_POINT ( 'NONE',  ( 0.1149084937737737538, 0.9000000000000000222, 0.05278128084170470580 ) ) ;
#461 = VERTEX_POINT ( 'NONE', #5938 ) ;
#462 = EDGE_CURVE ( 'NONE', #586, #1343, #2694, .T. ) ;
#463 = CARTESIAN_POINT ( 'NONE',  ( -0.6868809174019950836, 0.8999999999999999112, -0.1099876216223844294 ) ) ;
#464 = CARTESIAN_POINT ( 'NONE',  ( -0.7088841589663568143, 0.6999999999999998446, -0.2134630585525770508 ) ) ;
#465 = CARTESIAN_POINT ( 'NONE',  ( 1.044733055177282433, 0.6999999999999999556, -0.06476257880741809192 ) ) ;
#466 = CARTESIAN_POINT ( 'NONE',  ( 0.3345579279216298052, 0.9000000000000003553, 0.08003242219445083627 ) ) ;
#467 = CARTESIAN_POINT ( 'NONE',  ( 0.1929298028267642795, 0.9000000000000002442, -0.1067641622361169829 ) ) ;
#468 = FACE_OUTER_BOUND ( 'NONE', #9611, .T. ) ;
#469 = CARTESIAN_POINT ( 'NONE',  ( 0.5147258745799309088, 0.7000000000000001776, -0.1545263873557253531 ) ) ;
#470 = CARTESIAN_POINT ( 'NONE',  ( 0.4311550394411047260, 0.9000000000000002442, -0.05761116026290052927 ) ) ;
#471 = ORIENTED_EDGE ( 'NONE', *, *, #8755, .F. ) ;
#472 = CARTESIAN_POINT ( 'NONE',  ( 0.5247663592282426626, 0.6999999999999998446, -0.05692393037834885677 ) ) ;
#473 = ORIENTED_EDGE ( 'NONE', *, *, #5988, .T. ) ;
#474 = CARTESIAN_POINT ( 'NONE',  ( 0.3941350363634700815, 0.6999999999999999556, 0.05767862998367976474 ) ) ;
#475 = EDGE_CURVE ( 'NONE', #9396, #9431, #8225, .T. ) ;
#476 = CARTESIAN_POINT ( 'NONE',  ( 0.7648178941552947752, 0.9000000000000003553, 0.006665521304670404129 ) ) ;
#477 = DIRECTION ( 'NONE',  ( 0.0000000000000000000, 0.0000000000000000000, 1.000000000000000000 ) ) ;
#478 = DIRECTION ( 'NONE',  ( 0.1911021538340951509, 0.0000000000000000000, 0.9815701537842160818 ) ) ;
#479 = CARTESIAN_POINT ( 'NONE',  ( 1.065752168774513065, 0.9000000000000002442, -0.03163284780237368005 ) ) ;
#480 = LINE ( 'NONE', #106, #3326 ) ;
#481 = EDGE_CURVE ( 'NONE', #5215, #8712, #5018, .T. ) ;
#482 = CARTESIAN_POINT ( 'NONE',  ( -0.6869960626756717037, 0.7000000000000000666, -0.02091489518061831129 ) ) ;
#483 = CARTESIAN_POINT ( 'NONE',  ( 0.5163122640861576018, 0.6999999999999996225, -0.1185802113258997009 ) ) ;
#484 = CARTESIAN_POINT ( 'NONE',  ( 0.3163252637584519356, 0.8999999999999995781, 0.06833276793167442076 ) ) ;
#485 = CARTESIAN_POINT ( 'NONE',  ( 0.5196774264890352546, 0.8999999999999999112, 0.05879053918433069931 ) ) ;
#486 = CARTESIAN_POINT ( 'NONE',  ( -0.8377966848651688947, 0.8999999999999999112, -0.01945797295351580150 ) ) ;
#487 = CARTESIAN_POINT ( 'NONE',  ( 0.6399000801217674672, 0.8999999999999996891, -0.1108435323114342480 ) ) ;
#488 = B_SPLINE_CURVE_WITH_KNOTS ( 'NONE', 3,
 ( #2136, #5270, #6258, #7007, #9323, #10142, #8539, #3826, #1404, #4561, #7764, #6153, #5476, #8641, #8590 ),
 .UNSPECIFIED., .F., .F.,
 ( 4, 1, 1, 1, 1, 1, 1, 1, 1, 1, 1, 1, 4 ),
 ( 0.0000000000000000000, 0.1145105498247864784, 0.2302031866621340739, 0.3471693992089874836, 0.4688404420012889373, 0.5311804737393308606, 0.5938148586756558656, 0.6568022517791173298, 0.7215569478898301581, 0.7875450307650617709, 0.8561245034591701275, 0.9266314737662006973, 1.000000000000000000 ),
 .UNSPECIFIED. ) ;
#489 = ADVANCED_FACE ( 'NONE', ( #1096 ), #5069, .T. ) ;
#490 = VERTEX_POINT ( 'NONE', #6733 ) ;
#491 = CARTESIAN_POINT ( 'NONE',  ( 0.7648760051447934805, 0.8999999999999998002, -0.003359070035488264262 ) ) ;
#492 = AXIS2_PLACEMENT_3D ( 'NONE', #4048, #5544, #5495 ) ;
#493 = LINE ( 'NONE', #387, #898 ) ;
#494 = CARTESIAN_POINT ( 'NONE',  ( 0.8735561597025738312, 0.6999999999999998446, -0.1372836826229789087 ) ) ;
#495 = CARTESIAN_POINT ( 'NONE',  ( 0.9249999999999998224, 0.0000000000000000000, 0.0000000000000000000 ) ) ;
#496 = DIRECTION ( 'NONE',  ( -1.000000000000000000, 0.0000000000000000000, 0.0000000000000000000 ) ) ;
#497 = FILL_AREA_STYLE ('',( #8681 ) ) ;
#498 = DIRECTION ( 'NONE',  ( 1.000000000000000000, 0.0000000000000000000, 0.0000000000000000000 ) ) ;
#499 = CARTESIAN_POINT ( 'NONE',  ( 1.146817213773536626, 0.6999999999999999556, -0.1028212687259633801 ) ) ;
#500 = CARTESIAN_POINT ( 'NONE',  ( 0.3640363228164114062, 0.6999999999999999556, 0.08869338857927029640 ) ) ;
#501 = ORIENTED_EDGE ( 'NONE', *, *, #4810, .T. ) ;
#502 = VECTOR ( 'NONE', #8753, 1000.000000000000000 ) ;
#503 = ORIENTED_EDGE ( 'NONE', *, *, #4082, .T. ) ;
#504 = ADVANCED_FACE ( 'NONE', ( #294 ), #7597, .T. ) ;
#505 = ORIENTED_EDGE ( 'NONE', *, *, #6912, .F. ) ;
#506 = FILL_AREA_STYLE_COLOUR ( '', #2663 ) ;
#507 = CARTESIAN_POINT ( 'NONE',  ( 0.8535768401126081484, 0.9000000000000001332, -0.2140002896161382340 ) ) ;
#508 = SURFACE_SIDE_STYLE ('',( #7058 ) ) ;
#509 = DIRECTION ( 'NONE',  ( -0.0000000000000000000, 1.000000000000000000, -0.0000000000000000000 ) ) ;
#510 = CARTESIAN_POINT ( 'NONE',  ( 0.7508354893677423592, 0.9000000000000003553, -0.09480968791772781401 ) ) ;
#511 = CARTESIAN_POINT ( 'NONE',  ( 0.8998181030318412876, 0.7000000000000001776, -0.1040516228456580677 ) ) ;
#512 = CARTESIAN_POINT ( 'NONE',  ( 0.2359204635080683621, 0.6999999999999999556, -0.1233989109764987574 ) ) ;
#513 = LINE ( 'NONE', #2847, #3763 ) ;
#514 = CARTESIAN_POINT ( 'NONE',  ( 0.9180634569450665250, 0.8999999999999999112, 0.01047452221563135305 ) ) ;
#515 = CARTESIAN_POINT ( 'NONE',  ( 0.1240053165567367166, 0.6999999999999998446, -0.1773234790724849408 ) ) ;
#516 = ORIENTED_EDGE ( 'NONE', *, *, #4966, .F. ) ;
#517 = CARTESIAN_POINT ( 'NONE',  ( 0.1965917646614885328, 0.8999999999999999112, -0.1164635169614938320 ) ) ;
#518 = COLOUR_RGB ( '',1.000000000000000000, 0.9607843137254902244, 0.4549019607843137192 ) ;
#519 = CARTESIAN_POINT ( 'NONE',  ( 0.8404787620965757933, 0.7000000000000000666, -0.05263561285479319979 ) ) ;
#520 = CARTESIAN_POINT ( 'NONE',  ( -0.9903546641209628465, 0.9000000000000000222, -0.2138853858249619433 ) ) ;
#521 = CARTESIAN_POINT ( 'NONE',  ( 0.4808223221819901694, 0.9000000000000001332, -0.01821556951366404276 ) ) ;
#522 = CARTESIAN_POINT ( 'NONE',  ( 0.09481010449772891979, 0.9000000000000003553, -0.1462963218802443011 ) ) ;
#523 = CARTESIAN_POINT ( 'NONE',  ( 0.7903102730151341238, 0.9000000000000002442, -0.09988129960736176483 ) ) ;
#524 = CARTESIAN_POINT ( 'NONE',  ( 0.6849890944250826008, 0.6999999999999999556, -0.1436387183427899616 ) ) ;
#525 = ADVANCED_FACE ( 'NONE', ( #1201 ), #9165, .F. ) ;
#526 = DIRECTION ( 'NONE',  ( 0.0000000000000000000, 1.000000000000000000, -0.0000000000000000000 ) ) ;
#527 =( LENGTH_UNIT ( ) NAMED_UNIT ( * ) SI_UNIT ( .MILLI., .METRE. ) );
#528 =( GEOMETRIC_REPRESENTATION_CONTEXT ( 3 ) GLOBAL_UNCERTAINTY_ASSIGNED_CONTEXT ( ( #4259 ) ) GLOBAL_UNIT_ASSIGNED_CONTEXT ( ( #1616, #1571, #19 ) ) REPRESENTATION_CONTEXT ( 'NONE', 'WORKASPACE' ) );
#529 = EDGE_LOOP ( 'NONE', ( #2806, #9901, #6584 ) ) ;
#530 = ORIENTED_EDGE ( 'NONE', *, *, #1241, .T. ) ;
#531 = CARTESIAN_POINT ( 'NONE',  ( 0.5176895266850098931, 0.9000000000000000222, -0.04779836126451664918 ) ) ;
#532 = ORIENTED_EDGE ( 'NONE', *, *, #8272, .T. ) ;
#533 =( NAMED_UNIT ( * ) SI_UNIT ( $, .STERADIAN. ) SOLID_ANGLE_UNIT ( ) );
#534 = COLOUR_RGB ( '',1.000000000000000000, 0.9607843137254902244, 0.4549019607843137192 ) ;
#535 = CARTESIAN_POINT ( 'NONE',  ( 0.7958924613142623894, 0.9000000000000003553, 0.05249592656743325841 ) ) ;
#536 = CARTESIAN_POINT ( 'NONE',  ( -0.8378675972610961642, 0.9000000000000002442, -0.09245257611852367163 ) ) ;
#537 = CARTESIAN_POINT ( 'NONE',  ( 1.085354557929775421, 0.9000000000000000222, -0.03467967968997766326 ) ) ;
#538 = DIRECTION ( 'NONE',  ( 1.000000000000000000, 0.0000000000000000000, 1.141265444721583757E-16 ) ) ;
#539 = PRESENTATION_LAYER_ASSIGNMENT (  '', '', ( #5002 ) ) ;
#540 = CARTESIAN_POINT ( 'NONE',  ( 0.5973644583056022528, 0.6999999999999999556, -0.2174582174730951278 ) ) ;
#541 = CARTESIAN_POINT ( 'NONE',  ( 0.6156921531819941062, 0.6999999999999998446, -0.1846041876227582645 ) ) ;
#542 = CARTESIAN_POINT ( 'NONE',  ( 0.8801810587242085981, 0.9000000000000001332, -0.01968724215881657510 ) ) ;
#543 = CARTESIAN_POINT ( 'NONE',  ( 1.399999999999999689, 0.0000000000000000000, 0.1250000000000001665 ) ) ;
#544 = LINE ( 'NONE', #2379, #9972 ) ;
#545 = CARTESIAN_POINT ( 'NONE',  ( 0.3112107585879143601, 0.7000000000000001776, -0.09294829071087562511 ) ) ;
#546 = LINE ( 'NONE', #3701, #10037 ) ;
#547 = CARTESIAN_POINT ( 'NONE',  ( -0.8377966848651688947, 0.6999999999999998446, -0.01945797295351580150 ) ) ;
#548 = AXIS2_PLACEMENT_3D ( 'NONE', #7570, #477, #9963 ) ;
#549 = DIRECTION ( 'NONE',  ( 0.0000000000000000000, 0.0000000000000000000, -1.000000000000000000 ) ) ;
#550 = DIRECTION ( 'NONE',  ( 0.0000000000000000000, 0.0000000000000000000, 1.000000000000000000 ) ) ;
#551 = CARTESIAN_POINT ( 'NONE',  ( 0.06442304981394826602, 0.7000000000000002887, -0.1588522662684429820 ) ) ;
#552 = DIRECTION ( 'NONE',  ( 0.0000000000000000000, 1.000000000000000000, 0.0000000000000000000 ) ) ;
#553 = EDGE_CURVE ( 'NONE', #1911, #7782, #5314, .T. ) ;
#554 = DIRECTION ( 'NONE',  ( 0.0000000000000000000, 0.0000000000000000000, -1.000000000000000000 ) ) ;
#555 = ADVANCED_FACE ( 'NONE', ( #4558 ), #5218, .T. ) ;
#556 = CARTESIAN_POINT ( 'NONE',  ( 1.138806195593275117, 0.7000000000000001776, -0.07685595026465359692 ) ) ;
#557 = CARTESIAN_POINT ( 'NONE',  ( 1.087850396158501987, 0.9000000000000000222, -0.1712263114348641646 ) ) ;
#558 = EDGE_LOOP ( 'NONE', ( #2432, #9687, #290, #1271 ) ) ;
#559 = EDGE_LOOP ( 'NONE', ( #9313, #9121, #4686, #6414 ) ) ;
#560 = ORIENTED_EDGE ( 'NONE', *, *, #3764, .T. ) ;
#561 = CARTESIAN_POINT ( 'NONE',  ( -0.5763195764016647571, 0.9000000000000000222, -0.1279204735442601715 ) ) ;
#562 = CARTESIAN_POINT ( 'NONE',  ( -0.7099689828695514571, 0.8999999999999999112, -0.1766116949956408611 ) ) ;
#563 =( NAMED_UNIT ( * ) PLANE_ANGLE_UNIT ( ) SI_UNIT ( $, .RADIAN. ) );
#564 = CARTESIAN_POINT ( 'NONE',  ( 0.6395212624015580438, 0.7000000000000000666, 0.04411498321868766864 ) ) ;
#565 = CARTESIAN_POINT ( 'NONE',  ( 1.148172972064894770, 0.8999999999999999112, -0.1260832657079198615 ) ) ;
#566 = CARTESIAN_POINT ( 'NONE',  ( 0.7894529025961974922, 0.9000000000000001332, -0.2131160910121950858 ) ) ;
#567 = CARTESIAN_POINT ( 'NONE',  ( 0.8219258618143739925, 0.6999999999999998446, -0.2174582174730951556 ) ) ;
#568 = ADVANCED_FACE ( 'NONE', ( #4608 ), #9372, .F. ) ;
#569 = CARTESIAN_POINT ( 'NONE',  ( 0.8978367903897952473, 0.9000000000000000222, 0.06119393409309491216 ) ) ;
#570 = CARTESIAN_POINT ( 'NONE',  ( 0.1982406951294203856, 0.6999999999999998446, -0.1556026855024011668 ) ) ;
#571 = ORIENTED_EDGE ( 'NONE', *, *, #875, .T. ) ;
#572 = CARTESIAN_POINT ( 'NONE',  ( 0.2002549855366854425, 0.9000000000000002442, -0.1470509791108767783 ) ) ;
#573 = B_SPLINE_CURVE_WITH_KNOTS ( 'NONE', 3,
 ( #4122, #8936, #8145, #6553, #4064, #7418, #4841, #165, #2721, #4171, #1747, #4217, #2531, #7360, #1073, #266, #5650, #7250, #4272 ),
 .UNSPECIFIED., .F., .F.,
 ( 4, 1, 1, 1, 1, 1, 1, 1, 1, 1, 1, 1, 1, 1, 1, 1, 4 ),
 ( 0.0000000000000000000, 0.07692593325025513795, 0.1488529299476251400, 0.2160416949975357270, 0.2793107189404878121, 0.3392993647692230663, 0.3948473440049879435, 0.4482115247261652669, 0.4993651078138849897, 0.5496477854401067287, 0.6016617756196722677, 0.6559843521032423519, 0.7144382503702820797, 0.7775493241491353569, 0.8458073571416045988, 0.9197980192852882597, 0.9999999999999998890 ),
 .UNSPECIFIED. ) ;
#574 = CARTESIAN_POINT ( 'NONE',  ( 1.399999999999999689, -0.1000000000000000056, 0.0000000000000000000 ) ) ;
#575 = FILL_AREA_STYLE_COLOUR ( '', #2264 ) ;
#576 = CARTESIAN_POINT ( 'NONE',  ( 0.2342002202765953722, 0.6999999999999998446, -0.1160972739496143324 ) ) ;
#577 = CARTESIAN_POINT ( 'NONE',  ( 0.4345160892268601915, 0.9000000000000002442, 0.07772374261236110471 ) ) ;
#578 = CARTESIAN_POINT ( 'NONE',  ( 0.2007679308973661925, 0.6999999999999996225, -0.1376799718627219338 ) ) ;
#579 = CARTESIAN_POINT ( 'NONE',  ( 0.8397489621093242596, 0.9000000000000003553, -0.09316472472550178796 ) ) ;
#580 = CARTESIAN_POINT ( 'NONE',  ( 0.8825710567690119301, 0.6999999999999998446, 0.006483180057497016542 ) ) ;
#581 = CARTESIAN_POINT ( 'NONE',  ( 0.4430616860430475756, 0.9000000000000002442, -0.01559734329951117417 ) ) ;
#582 = ORIENTED_EDGE ( 'NONE', *, *, #3036, .F. ) ;
#583 = ORIENTED_EDGE ( 'NONE', *, *, #3239, .F. ) ;
#584 = PRESENTATION_STYLE_ASSIGNMENT (( #7578 ) ) ;
#585 = CARTESIAN_POINT ( 'NONE',  ( -0.3750000000000000000, -0.1000000000000000056, -0.6699999999999965983 ) ) ;
#586 = VERTEX_POINT ( 'NONE', #2184 ) ;
#587 = FILL_AREA_STYLE ('',( #1319 ) ) ;
#588 = VERTEX_POINT ( 'NONE', #6840 ) ;
#589 = EDGE_LOOP ( 'NONE', ( #2658, #691, #277, #371 ) ) ;
#590 = STYLED_ITEM ( 'NONE', ( #10071 ), #2805 ) ;
#591 = CARTESIAN_POINT ( 'NONE',  ( 0.8801963505179613012, 0.9000000000000001332, 0.01876640561800682963 ) ) ;
#592 = CARTESIAN_POINT ( 'NONE',  ( 1.129576883259168385, 0.7000000000000003997, -0.06227962170383868207 ) ) ;
#593 = CARTESIAN_POINT ( 'NONE',  ( 0.7442388299978074384, 0.7000000000000001776, 0.05879053918433072012 ) ) ;
#594 = VECTOR ( 'NONE', #8046, 1000.000000000000000 ) ;
#595 = CARTESIAN_POINT ( 'NONE',  ( 0.6058014909441196139, 0.6999999999999999556, -0.2172870409041417206 ) ) ;
#596 = B_SPLINE_CURVE_WITH_KNOTS ( 'NONE', 3,
 ( #9064, #988, #2594, #2687, #182, #3405, #339, #4952, #1140, #5830, #1908, #9872, #7484, #5010, #8166, #3502, #8220, #5726, #9779, #6667, #4139, #7326, #5880, #7271, #133, #6521, #3299, #9722, #6568, #6466, #9670, #8957, #5772, #9107, #1038, #8070, #9010, #2547, #2888, #7640, #500, #6144, #447, #5113, #1342, #10090, #1291, #2071, #5214, #5933, #5161, #4497, #8528, #10036, #8373, #1242, #2942, #9160, #2125 ),
 .UNSPECIFIED., .F., .F.,
 ( 4, 1, 1, 1, 1, 1, 1, 1, 1, 1, 1, 1, 1, 1, 1, 1, 1, 1, 1, 1, 1, 1, 1, 1, 1, 1, 1, 1, 1, 1, 1, 1, 1, 1, 1, 1, 1, 1, 1, 1, 1, 1, 1, 1, 1, 1, 1, 1, 1, 1, 1, 1, 1, 1, 1, 1, 4 ),
 ( 0.0000000000000000000, 0.02339060017219310450, 0.04517986543185938814, 0.06560851666955329342, 0.08481673395408259597, 0.1028215277340060324, 0.1199493035969553673, 0.1364306057304524311, 0.1524681571679053493, 0.1679728364055787515, 0.1825350919767174951, 0.1964170808566476356, 0.2095718663239099777, 0.2220688583914118275, 0.2340882851388991492, 0.2455968413222376634, 0.2567677404238422612, 0.2786946680820042710, 0.3008585057422885067, 0.3232618719071513880, 0.3462640184278400479, 0.3694422876909643771, 0.3926202032142966369, 0.4158504136314967736, 0.4393877743124520729, 0.4631470269356309788, 0.4873710522443753246, 0.5124727293572427511, 0.5387323911679382515, 0.5521933792517128570, 0.5657967515018456073, 0.5798302936873204194, 0.5942414356984750956, 0.6092675608163371503, 0.6248655584144788833, 0.6413095076961483620, 0.6586541958282371434, 0.6760738827576544541, 0.6927387256340344912, 0.7089592788270964174, 0.7246855322183991532, 0.7398728509457501712, 0.7548967933028343236, 0.7695253357635453151, 0.7841314417962345074, 0.7984117032029630634, 0.8123720238610163680, 0.8260595167059100463, 0.8395661096230383480, 0.8530890826305731478, 0.8666628895116406106, 0.8803509813584314836, 0.8944282736516604437, 0.9222586171127556964, 0.9489041680028120762, 0.9747702830266540275, 1.000000000000000000 ),
 .UNSPECIFIED. ) ;
#597 = CARTESIAN_POINT ( 'NONE',  ( 0.7713449940857859399, 0.9000000000000001332, -0.02701382103186776573 ) ) ;
#598 = EDGE_CURVE ( 'NONE', #6508, #3449, #2133, .T. ) ;
#599 = ORIENTED_EDGE ( 'NONE', *, *, #6661, .F. ) ;
#600 = CARTESIAN_POINT ( 'NONE',  ( 0.2850839323702649697, 0.6999999999999999556, -0.01823886210826279955 ) ) ;
#601 = FILL_AREA_STYLE_COLOUR ( '', #4035 ) ;
#602 = LINE ( 'NONE', #6194, #3714 ) ;
#603 = FACE_OUTER_BOUND ( 'NONE', #1368, .T. ) ;
#604 = CARTESIAN_POINT ( 'NONE',  ( 0.6922103755512303280, 0.6999999999999999556, 0.02173709294237781420 ) ) ;
#605 = CARTESIAN_POINT ( 'NONE',  ( 1.004382177984299851, 0.9000000000000000222, 0.08611461417503804561 ) ) ;
#606 = CARTESIAN_POINT ( 'NONE',  ( 0.06403130079131762187, 0.6999999999999999556, 0.08436022821012574557 ) ) ;
#607 = DIRECTION ( 'NONE',  ( -0.1930218602933347627, 0.0000000000000000000, -0.9811944564911180278 ) ) ;
#608 = VECTOR ( 'NONE', #2244, 1000.000000000000000 ) ;
#609 = CARTESIAN_POINT ( 'NONE',  ( 1.077949468971568514, 0.8999999999999999112, -0.1758585520502410626 ) ) ;
#610 = ORIENTED_EDGE ( 'NONE', *, *, #8340, .F. ) ;
#611 = ORIENTED_EDGE ( 'NONE', *, *, #2409, .T. ) ;
#612 =( NAMED_UNIT ( * ) SI_UNIT ( $, .STERADIAN. ) SOLID_ANGLE_UNIT ( ) );
#613 = ADVANCED_FACE ( 'NONE', ( #3048 ), #6204, .F. ) ;
#614 = ADVANCED_FACE ( 'NONE', ( #3102 ), #830, .F. ) ;
#615 = DIRECTION ( 'NONE',  ( -0.0000000000000000000, 0.0000000000000000000, 1.000000000000000000 ) ) ;
#616 = CARTESIAN_POINT ( 'NONE',  ( -0.6656014688988536321, 0.6999999999999999556, 0.04974327701429313159 ) ) ;
#617 = CARTESIAN_POINT ( 'NONE',  ( -0.7617434753162600769, 0.9000000000000000222, 0.05002613301229404813 ) ) ;
#618 = CARTESIAN_POINT ( 'NONE',  ( 0.05819062696804545853, 0.9000000000000000222, -0.1434641620304624166 ) ) ;
#619 = CARTESIAN_POINT ( 'NONE',  ( 0.8790836879326082709, 0.9000000000000002442, -0.08198834608482927222 ) ) ;
#620 = CARTESIAN_POINT ( 'NONE',  ( 0.1447330551772826601, 0.7000000000000000666, -0.2191485437196987740 ) ) ;
#621 = CARTESIAN_POINT ( 'NONE',  ( 0.8026521538269113520, 0.6999999999999996225, 0.05420695099237284043 ) ) ;
#622 = CARTESIAN_POINT ( 'NONE',  ( 0.9065775851548998343, 0.9000000000000003553, 0.04796074110148960262 ) ) ;
#623 = EDGE_CURVE ( 'NONE', #461, #5266, #6514, .T. ) ;
#624 = VECTOR ( 'NONE', #4612, 1000.000000000000000 ) ;
#625 = CARTESIAN_POINT ( 'NONE',  ( 0.1890497865628411600, 0.6999999999999997335, -0.09835380394852781538 ) ) ;
#626 = ORIENTED_EDGE ( 'NONE', *, *, #662, .T. ) ;
#627 = DIRECTION ( 'NONE',  ( 2.602085213965210642E-16, 0.0000000000000000000, 1.000000000000000000 ) ) ;
#628 = ADVANCED_FACE ( 'NONE', ( #5718 ), #2734, .T. ) ;
#629 = SURFACE_SIDE_STYLE ('',( #9333 ) ) ;
#630 = CARTESIAN_POINT ( 'NONE',  ( -0.6853476189333476132, 0.7000000000000000666, -0.2011811679382112250 ) ) ;
#631 = PRESENTATION_LAYER_ASSIGNMENT (  '', '', ( #8119 ) ) ;
#632 = CARTESIAN_POINT ( 'NONE',  ( 0.2367349714098769820, 0.9000000000000001332, -0.1555716300765016824 ) ) ;
#633 = CARTESIAN_POINT ( 'NONE',  ( 0.6294384878535345118, 0.9000000000000000222, -0.09989736374326885215 ) ) ;
#634 = CARTESIAN_POINT ( 'NONE',  ( 0.8735561597025738312, 0.8999999999999998002, -0.1372836826229789087 ) ) ;
#635 = ORIENTED_EDGE ( 'NONE', *, *, #7667, .T. ) ;
#636 = ORIENTED_EDGE ( 'NONE', *, *, #3630, .F. ) ;
#637 = CARTESIAN_POINT ( 'NONE',  ( -0.5184248395595594250, 0.6999999999999999556, -0.01563977178987422875 ) ) ;
#638 = FACE_BOUND ( 'NONE', #3216, .T. ) ;
#639 = ORIENTED_EDGE ( 'NONE', *, *, #9158, .T. ) ;
#640 = CARTESIAN_POINT ( 'NONE',  ( 0.4345939214901636261, 0.6999999999999996225, -0.05279788871361951880 ) ) ;
#641 = COLOUR_RGB ( '',0.3764705882352941124, 0.3764705882352941124, 0.3764705882352941124 ) ;
#642 = ORIENTED_EDGE ( 'NONE', *, *, #1241, .F. ) ;
#643 = EDGE_CURVE ( 'NONE', #4421, #721, #1810, .T. ) ;
#644 = CARTESIAN_POINT ( 'NONE',  ( 0.6466023571497387934, 0.8999999999999998002, -0.1593970091212278950 ) ) ;
#645 = CARTESIAN_POINT ( 'NONE',  ( -0.007898523770085786114, 0.6999999999999999556, -0.01213099986004967552 ) ) ;
#646 = CARTESIAN_POINT ( 'NONE',  ( 1.134529095213654415, 0.6999999999999997335, -0.06931826883441230547 ) ) ;
#647 = DIRECTION ( 'NONE',  ( -0.9815701537842161928, 0.0000000000000000000, 0.1911021538340951786 ) ) ;
#648 = CARTESIAN_POINT ( 'NONE',  ( 0.6421340633269989606, 0.6999999999999999556, -0.07488039167738852475 ) ) ;
#649 =( NAMED_UNIT ( * ) SI_UNIT ( $, .STERADIAN. ) SOLID_ANGLE_UNIT ( ) );
#650 = ORIENTED_EDGE ( 'NONE', *, *, #1931, .T. ) ;
#651 = CARTESIAN_POINT ( 'NONE',  ( 0.8816102225316947427, 0.9000000000000000222, -0.01512198665577825334 ) ) ;
#652 = PRODUCT_DEFINITION_SHAPE ( 'NONE', 'NONE',  #8566 ) ;
#653 = VERTEX_POINT ( 'NONE', #8160 ) ;
#654 = UNCERTAINTY_MEASURE_WITH_UNIT (LENGTH_MEASURE( 1.000000000000000082E-05 ), #2555, 'distance_accuracy_value', 'NONE');
#655 = DIRECTION ( 'NONE',  ( -0.0000000000000000000, 1.000000000000000000, -0.0000000000000000000 ) ) ;
#656 = DIRECTION ( 'NONE',  ( 0.0000000000000000000, 1.000000000000000000, 0.0000000000000000000 ) ) ;
#657 =( NAMED_UNIT ( * ) SI_UNIT ( $, .STERADIAN. ) SOLID_ANGLE_UNIT ( ) );
#658 = CARTESIAN_POINT ( 'NONE',  ( 0.6593127802271496751, 0.8999999999999996891, -0.06571319511617655651 ) ) ;
#659 = FACE_OUTER_BOUND ( 'NONE', #1423, .T. ) ;
#660 = PLANE ( 'NONE',  #6159 ) ;
#661 = LINE ( 'NONE', #9414, #4597 ) ;
#662 = EDGE_CURVE ( 'NONE', #2983, #5243, #1954, .T. ) ;
#663 = VERTEX_POINT ( 'NONE', #4334 ) ;
#664 = ORIENTED_EDGE ( 'NONE', *, *, #7298, .F. ) ;
#665 = VERTEX_POINT ( 'NONE', #5107 ) ;
#666 = DIRECTION ( 'NONE',  ( -1.000000000000000000, 0.0000000000000000000, 0.0000000000000000000 ) ) ;
#667 = SURFACE_SIDE_STYLE ('',( #5365 ) ) ;
#668 = CARTESIAN_POINT ( 'NONE',  ( 0.5550764747189403936, 0.6999999999999999556, 0.04385138482649052205 ) ) ;
#669 = CARTESIAN_POINT ( 'NONE',  ( 0.07746149948566036225, 0.9000000000000000222, -0.1819995348951007341 ) ) ;
#670 = CARTESIAN_POINT ( 'NONE',  ( 0.9088443570543563998, 0.9000000000000000222, -0.1555126056336625096 ) ) ;
#671 = CARTESIAN_POINT ( 'NONE',  ( -1.399999999999999689, 0.0000000000000000000, 0.8749999999999996669 ) ) ;
#672 = FILL_AREA_STYLE_COLOUR ( '', #171 ) ;
#673 = STYLED_ITEM ( 'NONE', ( #4155 ), #7136 ) ;
#674 = CARTESIAN_POINT ( 'NONE',  ( 0.7869438344896469983, 0.7000000000000000666, 0.04888778245758314267 ) ) ;
#675 = EDGE_CURVE ( 'NONE', #6713, #7000, #2780, .T. ) ;
#676 = LINE ( 'NONE', #1254, #2166 ) ;
#677 = VERTEX_POINT ( 'NONE', #1084 ) ;
#678 = CARTESIAN_POINT ( 'NONE',  ( -0.7440962922377618582, 0.8999999999999999112, 0.05607452052274408683 ) ) ;
#679 = AXIS2_PLACEMENT_3D ( 'NONE', #4289, #7482, #1085 ) ;
#680 = CARTESIAN_POINT ( 'NONE',  ( 0.7975409840548587370, 0.7000000000000000666, -0.04977362794843819688 ) ) ;
#681 = CARTESIAN_POINT ( 'NONE',  ( 0.5043821779843000730, 0.9000000000000000222, -0.001604684070575989382 ) ) ;
#682 = CARTESIAN_POINT ( 'NONE',  ( 0.2126176449830994575, 0.6999999999999998446, -0.2006804613290076866 ) ) ;
#683 =( NAMED_UNIT ( * ) PLANE_ANGLE_UNIT ( ) SI_UNIT ( $, .RADIAN. ) );
#684 = CARTESIAN_POINT ( 'NONE',  ( -0.6464950149981558702, 0.9000000000000000222, -0.03318363143899703133 ) ) ;
#685 = LINE ( 'NONE', #1475, #696 ) ;
#686 = ADVANCED_FACE ( 'NONE', ( #1187 ), #4233, .T. ) ;
#687 = ORIENTED_EDGE ( 'NONE', *, *, #8388, .F. ) ;
#688 = ORIENTED_EDGE ( 'NONE', *, *, #6846, .T. ) ;
#689 = DIRECTION ( 'NONE',  ( 0.0000000000000000000, 1.000000000000000000, 0.0000000000000000000 ) ) ;
#690 =( LENGTH_UNIT ( ) NAMED_UNIT ( * ) SI_UNIT ( .MILLI., .METRE. ) );
#691 = ORIENTED_EDGE ( 'NONE', *, *, #3588, .F. ) ;
#692 = ORIENTED_EDGE ( 'NONE', *, *, #8553, .F. ) ;
#693 = CARTESIAN_POINT ( 'NONE',  ( 0.7778209903331807507, 0.7000000000000000666, -0.1145862049331559801 ) ) ;
#694 = CARTESIAN_POINT ( 'NONE',  ( 0.6466023571497387934, 0.6999999999999998446, -0.1593970091212278950 ) ) ;
#695 = FILL_AREA_STYLE_COLOUR ( '', #6037 ) ;
#696 = VECTOR ( 'NONE', #9341, 1000.000000000000000 ) ;
#697 = CARTESIAN_POINT ( 'NONE',  ( 1.142298983332442841, 0.8999999999999998002, -0.08495726109205088694 ) ) ;
#698 = CARTESIAN_POINT ( 'NONE',  ( 0.7299385271918233942, 0.8999999999999999112, 0.01820488221624567970 ) ) ;
#699 = FILL_AREA_STYLE ('',( #4784 ) ) ;
#700 = EDGE_CURVE ( 'NONE', #1911, #8324, #2170, .T. ) ;
#701 = CARTESIAN_POINT ( 'NONE',  ( 0.6545222844238361981, 0.8999999999999999112, -0.08198834608482906405 ) ) ;
#702 = CARTESIAN_POINT ( 'NONE',  ( 0.6490800253822358590, 0.7000000000000000666, -0.1390211194399857408 ) ) ;
#703 = CARTESIAN_POINT ( 'NONE',  ( 0.8832732323654995943, 0.6999999999999999556, -0.001550926232035576514 ) ) ;
#704 =( GEOMETRIC_REPRESENTATION_CONTEXT ( 3 ) GLOBAL_UNCERTAINTY_ASSIGNED_CONTEXT ( ( #4886 ) ) GLOBAL_UNIT_ASSIGNED_CONTEXT ( ( #2198, #3783, #4570 ) ) REPRESENTATION_CONTEXT ( 'NONE', 'WORKASPACE' ) );
#705 = CARTESIAN_POINT ( 'NONE',  ( 0.1623071350982900063, 0.9000000000000000222, -0.05663036050617845096 ) ) ;
#706 = CARTESIAN_POINT ( 'NONE',  ( 0.8076352868407050689, 0.8999999999999998002, -0.05293438414718564661 ) ) ;
#707 = VERTEX_POINT ( 'NONE', #7585 ) ;
#708 = CARTESIAN_POINT ( 'NONE',  ( -1.399999999999999689, 0.0000000000000000000, 0.6249999999999996669 ) ) ;
#709 = CARTESIAN_POINT ( 'NONE',  ( -0.8355226635265936563, 0.6999999999999997335, -0.003772631282838377967 ) ) ;
#710 = STYLED_ITEM ( 'NONE', ( #7868 ), #613 ) ;
#711 = CARTESIAN_POINT ( 'NONE',  ( -0.04123185710341913113, 0.9000000000000000222, 0.08436022821012574557 ) ) ;
#712 = SURFACE_STYLE_USAGE ( .BOTH. , #2228 ) ;
#713 = PRESENTATION_STYLE_ASSIGNMENT (( #6089 ) ) ;
#714 = VECTOR ( 'NONE', #2283, 1000.000000000000000 ) ;
#715 = DIRECTION ( 'NONE',  ( -0.0000000000000000000, 0.0000000000000000000, 1.000000000000000000 ) ) ;
#716 = CARTESIAN_POINT ( 'NONE',  ( -1.399999999999999689, -0.1000000000000000056, 0.1250000000000000555 ) ) ;
#717 = ORIENTED_EDGE ( 'NONE', *, *, #73, .T. ) ;
#718 = VECTOR ( 'NONE', #6576, 1000.000000000000000 ) ;
#719 = ORIENTED_EDGE ( 'NONE', *, *, #5996, .F. ) ;
#720 = B_SPLINE_CURVE_WITH_KNOTS ( 'NONE', 3,
 ( #1578, #7936, #1102, #4868, #4148, #1823, #6579, #9787, #1778, #7496, #9734, #7393, #300, #243, #1048, #3415, #6626, #1918, #4249 ),
 .UNSPECIFIED., .F., .F.,
 ( 4, 1, 1, 1, 1, 1, 1, 1, 1, 1, 1, 1, 1, 1, 1, 1, 4 ),
 ( 0.0000000000000000000, 0.07692593325025513795, 0.1488529299476251400, 0.2160416949975357270, 0.2793107189404878121, 0.3392993647692230663, 0.3948473440049879435, 0.4482115247261652669, 0.4993651078138849897, 0.5496477854401067287, 0.6016617756196722677, 0.6559843521032423519, 0.7144382503702820797, 0.7775493241491353569, 0.8458073571416045988, 0.9197980192852882597, 0.9999999999999998890 ),
 .UNSPECIFIED. ) ;
#721 = VERTEX_POINT ( 'NONE', #10085 ) ;
#722 = CARTESIAN_POINT ( 'NONE',  ( -0.3750000000000000000, 0.0000000000000000000, 0.6699999999999965983 ) ) ;
#723 = VECTOR ( 'NONE', #9990, 1000.000000000000000 ) ;
#724 = CARTESIAN_POINT ( 'NONE',  ( -0.6875356752887249456, 0.8999999999999999112, -0.1247795321179272082 ) ) ;
#725 = CARTESIAN_POINT ( 'NONE',  ( -0.7951815833516764354, 0.9000000000000003553, -0.01603270295209041976 ) ) ;
#726 = CARTESIAN_POINT ( 'NONE',  ( 0.5666498100701458096, 0.6999999999999999556, 0.05085808285939464463 ) ) ;
#727 = AXIS2_PLACEMENT_3D ( 'NONE', #6820, #6083, #5731 ) ;
#728 = SURFACE_STYLE_FILL_AREA ( #7116 ) ;
#729 = B_SPLINE_CURVE_WITH_KNOTS ( 'NONE', 3,
 ( #7684, #5925, #2112, #7631, #2876, #6878, #1329, #9199, #5148, #5203, #5975, #6711, #9970, #8413, #384, #486, #9252, #3547, #9148 ),
 .UNSPECIFIED., .F., .F.,
 ( 4, 1, 1, 1, 1, 1, 1, 1, 1, 1, 1, 1, 1, 1, 1, 1, 4 ),
 ( 0.0000000000000000000, 0.05218201233707395192, 0.1029965178562888967, 0.1530183298534089631, 0.2032950781096808102, 0.2535995982658101888, 0.3056125094226887495, 0.3590487410749054198, 0.4149176470907441350, 0.4733938749958848113, 0.5343369502098772594, 0.5990688144071919519, 0.6685229076657359659, 0.7424721223888556265, 0.8223421438233432523, 0.9081945674151160608, 0.9999999999999998890 ),
 .UNSPECIFIED. ) ;
#730 = CARTESIAN_POINT ( 'NONE',  ( 0.8115446596219272335, 0.6999999999999998446, 0.05542553893573529122 ) ) ;
#731 = CARTESIAN_POINT ( 'NONE',  ( 0.3047164403770541985, 0.6999999999999998446, -0.08146419177985651794 ) ) ;
#732 = CARTESIAN_POINT ( 'NONE',  ( 0.6151875586005524088, 0.9000000000000001332, -0.09316472472550185735 ) ) ;
#733 = ORIENTED_EDGE ( 'NONE', *, *, #9907, .T. ) ;
#734 = LINE ( 'NONE', #3162, #6983 ) ;
#735 = EDGE_CURVE ( 'NONE', #9213, #10166, #6139, .T. ) ;
#736 = CARTESIAN_POINT ( 'NONE',  ( 0.9249999999999998224, -0.1000000000000000056, -0.0000000000000000000 ) ) ;
#737 = CARTESIAN_POINT ( 'NONE',  ( 0.2053985643825646523, 0.6999999999999998446, -0.2060241469509341561 ) ) ;
#738 = LINE ( 'NONE', #3122, #10252 ) ;
#739 = LINE ( 'NONE', #2502, #3741 ) ;
#740 = DIRECTION ( 'NONE',  ( 0.0000000000000000000, 0.0000000000000000000, 1.000000000000000000 ) ) ;
#741 = VECTOR ( 'NONE', #12, 1000.000000000000000 ) ;
#742 = ORIENTED_EDGE ( 'NONE', *, *, #981, .T. ) ;
#743 = PRODUCT ( '5C2A46E1-C488-46A8-B1BA-F9B57C110212', '5C2A46E1-C488-46A8-B1BA-F9B57C110212', '', ( #2102 ) ) ;
#744 = ORIENTED_EDGE ( 'NONE', *, *, #5813, .T. ) ;
#745 = FACE_OUTER_BOUND ( 'NONE', #1768, .T. ) ;
#746 = CARTESIAN_POINT ( 'NONE',  ( 0.4286892871827502338, 0.7000000000000000666, -0.06029225667020118862 ) ) ;
#747 = VERTEX_POINT ( 'NONE', #4595 ) ;
#748 = ORIENTED_EDGE ( 'NONE', *, *, #9907, .F. ) ;
#749 = VECTOR ( 'NONE', #4218, 1000.000000000000000 ) ;
#750 = CARTESIAN_POINT ( 'NONE',  ( 0.8501370033053710085, 0.9000000000000000222, 0.05132234542843823466 ) ) ;
#751 = CARTESIAN_POINT ( 'NONE',  ( -0.8325636534197465854, 0.9000000000000003553, -0.1258794925501565687 ) ) ;
#752 = CARTESIAN_POINT ( 'NONE',  ( 0.8402535566907660680, 0.9000000000000001332, -0.1846041876227582645 ) ) ;
#753 = CARTESIAN_POINT ( 'NONE',  ( 1.148241827107107094, 0.9000000000000000222, -0.1226573156495233408 ) ) ;
#754 = CARTESIAN_POINT ( 'NONE',  ( 0.6665042742482101268, 0.8999999999999999112, -0.09222156738872502868 ) ) ;
#755 = CARTESIAN_POINT ( 'NONE',  ( 0.6466023571497387934, 0.6999999999999998446, -0.1593970091212278950 ) ) ;
#756 = CARTESIAN_POINT ( 'NONE',  ( -0.5342143132437700004, 0.6999999999999999556, 0.08611461417503804561 ) ) ;
#757 = STYLED_ITEM ( 'NONE', ( #8815 ), #2906 ) ;
#758 = ORIENTED_EDGE ( 'NONE', *, *, #4651, .T. ) ;
#759 = CARTESIAN_POINT ( 'NONE',  ( 0.1851616164981699508, 0.7000000000000000666, -0.09131191583142246604 ) ) ;
#760 = CARTESIAN_POINT ( 'NONE',  ( 0.7648760051447934805, 0.8999999999999998002, -0.003359070035488264262 ) ) ;
#761 = UNCERTAINTY_MEASURE_WITH_UNIT (LENGTH_MEASURE( 1.000000000000000082E-05 ), #7544, 'distance_accuracy_value', 'NONE');
#762 = ADVANCED_FACE ( 'NONE', ( #3811 ), #3925, .T. ) ;
#763 = LINE ( 'NONE', #5514, #6683 ) ;
#764 = CARTESIAN_POINT ( 'NONE',  ( -0.6579795181606986620, 0.7000000000000000666, 0.03486701823024122848 ) ) ;
#765 = PRESENTATION_LAYER_ASSIGNMENT (  '', '', ( #590 ) ) ;
#766 = CARTESIAN_POINT ( 'NONE',  ( 0.9640313007913173804, 0.6999999999999999556, -0.2138853858249619433 ) ) ;
#767 = CARTESIAN_POINT ( 'NONE',  ( 0.1422805335678562211, 0.9000000000000000222, -0.2189510575283422078 ) ) ;
#768 =( NAMED_UNIT ( * ) PLANE_ANGLE_UNIT ( ) SI_UNIT ( $, .RADIAN. ) );
#769 = CARTESIAN_POINT ( 'NONE',  ( 0.6490765801514682964, 0.7000000000000000666, -0.1389509197478257796 ) ) ;
#770 = CARTESIAN_POINT ( 'NONE',  ( 1.399999999999999689, -0.1000000000000000056, -0.1250000000000001665 ) ) ;
#771 = CARTESIAN_POINT ( 'NONE',  ( 1.044733055177282433, 0.8999999999999999112, -0.1805520524916285896 ) ) ;
#772 = ORIENTED_EDGE ( 'NONE', *, *, #222, .T. ) ;
#773 = VECTOR ( 'NONE', #891, 1000.000000000000000 ) ;
#774 = ORIENTED_EDGE ( 'NONE', *, *, #7683, .F. ) ;
#775 = ORIENTED_EDGE ( 'NONE', *, *, #7469, .T. ) ;
#776 = CARTESIAN_POINT ( 'NONE',  ( 0.3216263545675480673, 0.8999999999999999112, -0.01496462130554788821 ) ) ;
#777 = SURFACE_STYLE_FILL_AREA ( #7263 ) ;
#778 = PRESENTATION_STYLE_ASSIGNMENT (( #9271 ) ) ;
#779 = CARTESIAN_POINT ( 'NONE',  ( 0.5623824309808747035, 0.6999999999999998446, 0.04888778245758301083 ) ) ;
#780 = MECHANICAL_DESIGN_GEOMETRIC_PRESENTATION_REPRESENTATION (  '', ( #5227 ), #8263 ) ;
#781 = VECTOR ( 'NONE', #8380, 1000.000000000000000 ) ;
#782 = PRESENTATION_STYLE_ASSIGNMENT (( #7921 ) ) ;
#783 = FACE_OUTER_BOUND ( 'NONE', #7566, .T. ) ;
#784 =( NAMED_UNIT ( * ) PLANE_ANGLE_UNIT ( ) SI_UNIT ( $, .RADIAN. ) );
#785 = LINE ( 'NONE', #9524, #9747 ) ;
#786 = CARTESIAN_POINT ( 'NONE',  ( 0.7313068842372989486, 0.9000000000000003553, 0.02738035923233495678 ) ) ;
#787 = CARTESIAN_POINT ( 'NONE',  ( 0.6203373216024066217, 0.6999999999999998446, -0.09493943077805883091 ) ) ;
#788 = ORIENTED_EDGE ( 'NONE', *, *, #3752, .F. ) ;
#789 = CARTESIAN_POINT ( 'NONE',  ( 1.399999999999999689, -0.1000000000000000056, 0.3750000000000002220 ) ) ;
#790 = CARTESIAN_POINT ( 'NONE',  ( 0.5414504229454667472, 0.6999999999999999556, 0.01626577587549255313 ) ) ;
#791 = B_SPLINE_SURFACE_WITH_KNOTS ( 'NONE', 3, 1, ( 
 ( #8465, #4283 ),
 ( #1898, #1130 ),
 ( #6655, #9863 ),
 ( #1381, #9355 ),
 ( #4542, #7741 ),
 ( #8624, #7043 ),
 ( #9502, #4587 ),
 ( #1486, #3033 ),
 ( #3753, #6936 ),
 ( #1435, #2275 ),
 ( #10125, #3916 ),
 ( #2981, #10226 ),
 ( #4640, #2220 ),
 ( #3085, #7097 ),
 ( #7850, #10177 ),
 ( #6988, #3143 ),
 ( #7795, #8571 ),
 ( #6291, #9456 ),
 ( #9407, #5408 ),
 ( #6238, #705 ),
 ( #3863, #2324 ),
 ( #5457, #1549 ),
 ( #4695, #7903 ),
 ( #759, #9304 ),
 ( #6693, #9285 ),
 ( #5131, #467 ),
 ( #6859, #5183 ),
 ( #10062, #5280 ),
 ( #578, #5955 ),
 ( #2913, #3626 ),
 ( #6795, #6061 ),
 ( #8498, #367 ),
 ( #9337, #10003 ),
 ( #2858, #6013 ),
 ( #8343, #5234 ),
 ( #9233, #2091 ),
 ( #1361, #4363 ),
 ( #1312, #418 ),
 ( #3732, #2037 ),
 ( #4519, #7721 ),
 ( #6917, #8447 ),
 ( #4466, #2802 ),
 ( #7663, #7559 ),
 ( #10110, #3579 ),
 ( #4413, #522 ),
 ( #2964, #1161 ),
 ( #2201, #6113 ) ),
 .UNSPECIFIED., .F., .F., .F.,
 ( 4, 1, 1, 1, 1, 1, 1, 1, 1, 1, 1, 1, 1, 1, 1, 1, 1, 1, 1, 1, 1, 1, 1, 1, 1, 1, 1, 1, 1, 1, 1, 1, 1, 1, 1, 1, 1, 1, 1, 1, 1, 1, 1, 1, 4 ),
 ( 2, 2 ),
 ( 0.0000000000000000000, 0.01552874283920271589, 0.03086416310325769061, 0.04632002045477106450, 0.06205331277792014433, 0.07807926949457176524, 0.09464066561982480141, 0.1118157970838652565, 0.1298048624533338913, 0.1492157910023371725, 0.1703673063727564330, 0.1934893600690184012, 0.2184957403152757160, 0.2454880365938955644, 0.2743887016596694983, 0.3051867763412015599, 0.3378862982683744076, 0.3704218387210683194, 0.4007344451700047272, 0.4288022165058739121, 0.4545463371750488313, 0.4780315439852043657, 0.4993180566928124842, 0.5184278310070072893, 0.5352590335941694866, 0.5652146769179604568, 0.5921015246570999757, 0.6161602294093980747, 0.6380886902788545090, 0.6585443121031453462, 0.6783480571834740180, 0.6983684844564240768, 0.7190873752847973810, 0.7398698466195908763, 0.7600558227398173106, 0.7803152678392412112, 0.8015928446120662576, 0.8234931016616584554, 0.8454848888775634563, 0.8684475511612355092, 0.8923113088129334125, 0.9169976546678417773, 0.9428596992094543383, 0.9703610779248007523, 1.000000000000000000 ),
 ( 0.0000000000000000000, 1.000000000000000000 ),
 .UNSPECIFIED. ) ;
#792 = CARTESIAN_POINT ( 'NONE',  ( 0.3592872249716891897, 0.6999999999999999556, -0.07418575425895362896 ) ) ;
#793 = DIRECTION ( 'NONE',  ( 0.0000000000000000000, 0.0000000000000000000, -1.000000000000000000 ) ) ;
#794 = CARTESIAN_POINT ( 'NONE',  ( 0.6490765801514682964, 0.7000000000000000666, -0.1389509197478257796 ) ) ;
#795 =( NAMED_UNIT ( * ) SI_UNIT ( $, .STERADIAN. ) SOLID_ANGLE_UNIT ( ) );
#796 = CARTESIAN_POINT ( 'NONE',  ( 0.6490765801514682964, 0.9000000000000000222, -0.1389509197478257796 ) ) ;
#797 = CARTESIAN_POINT ( 'NONE',  ( -0.5219336114893839973, 0.6999999999999999556, -0.01563977178987422875 ) ) ;
#798 = FACE_OUTER_BOUND ( 'NONE', #4555, .T. ) ;
#799 = VECTOR ( 'NONE', #9036, 1000.000000000000000 ) ;
#800 =( NAMED_UNIT ( * ) PLANE_ANGLE_UNIT ( ) SI_UNIT ( $, .RADIAN. ) );
#801 = ORIENTED_EDGE ( 'NONE', *, *, #7595, .T. ) ;
#802 = ADVANCED_FACE ( 'NONE', ( #7611 ), #10060, .T. ) ;
#803 = EDGE_LOOP ( 'NONE', ( #7622, #2776, #1052, #2740 ) ) ;
#804 = CARTESIAN_POINT ( 'NONE',  ( 1.148241827107107094, 0.6999999999999999556, -0.1226573156495233408 ) ) ;
#805 = CARTESIAN_POINT ( 'NONE',  ( -0.7554714747521731333, 0.7000000000000002887, -0.1800916313610576858 ) ) ;
#806 = VERTEX_POINT ( 'NONE', #7505 ) ;
#807 = CARTESIAN_POINT ( 'NONE',  ( 0.6139404444992926368, 0.8999999999999998002, -0.2166492977353445537 ) ) ;
#808 = CARTESIAN_POINT ( 'NONE',  ( 0.8677933965441041453, 0.9000000000000001332, 0.04075349424776242985 ) ) ;
#809 = CARTESIAN_POINT ( 'NONE',  ( -0.8378675972610961642, 0.7000000000000001776, -0.09245257611852367163 ) ) ;
#810 = CARTESIAN_POINT ( 'NONE',  ( 0.8350365073761881751, 0.8999999999999999112, -0.1855089401953294859 ) ) ;
#811 =( NAMED_UNIT ( * ) PLANE_ANGLE_UNIT ( ) SI_UNIT ( $, .RADIAN. ) );
#812 = CARTESIAN_POINT ( 'NONE',  ( 0.3527741871535465257, 0.9000000000000002442, 0.05016362618077466196 ) ) ;
#813 = CARTESIAN_POINT ( 'NONE',  ( 0.6807402726685816141, 0.9000000000000001332, -0.1173389452988362058 ) ) ;
#814 = AXIS2_PLACEMENT_3D ( 'NONE', #2875, #6029, #6134 ) ;
#815 = EDGE_CURVE ( 'NONE', #8636, #7642, #5129, .T. ) ;
#816 = EDGE_CURVE ( 'NONE', #9171, #7225, #2911, .T. ) ;
#817 = CARTESIAN_POINT ( 'NONE',  ( 0.8744410929070787208, 0.7000000000000002887, 0.08034611070217466400 ) ) ;
#818 = CARTESIAN_POINT ( 'NONE',  ( -0.7951822216793285047, 0.8999999999999999112, -0.1031362252029644766 ) ) ;
#819 = EDGE_CURVE ( 'NONE', #4212, #5265, #7661, .T. ) ;
#820 = CARTESIAN_POINT ( 'NONE',  ( 0.8058468575724836436, 0.6999999999999999556, -0.1843623592287816637 ) ) ;
#821 = FILL_AREA_STYLE ('',( #4124 ) ) ;
#822 = CARTESIAN_POINT ( 'NONE',  ( -0.5605301027174541817, 0.9000000000000000222, -0.2138853858249619433 ) ) ;
#823 = CARTESIAN_POINT ( 'NONE',  ( 0.6418862514853833634, 0.8999999999999996891, -0.07279017902696312270 ) ) ;
#824 =( NAMED_UNIT ( * ) SI_UNIT ( $, .STERADIAN. ) SOLID_ANGLE_UNIT ( ) );
#825 = EDGE_LOOP ( 'NONE', ( #4820, #1070, #2316, #5470 ) ) ;
#826 = EDGE_CURVE ( 'NONE', #3449, #8324, #6793, .T. ) ;
#827 = EDGE_LOOP ( 'NONE', ( #1780, #922, #8860, #4447 ) ) ;
#828 = CARTESIAN_POINT ( 'NONE',  ( 0.3394698972825455074, 0.8999999999999998002, 0.03965587473384245970 ) ) ;
#829 =( NAMED_UNIT ( * ) SI_UNIT ( $, .STERADIAN. ) SOLID_ANGLE_UNIT ( ) );
#830 = PLANE ( 'NONE',  #6164 ) ;
#831 = CARTESIAN_POINT ( 'NONE',  ( 1.047289849739204248, 0.9000000000000002442, -0.06479813767573384953 ) ) ;
#832 = CARTESIAN_POINT ( 'NONE',  ( 0.5495088729056010202, 0.7000000000000000666, -0.03102923392518786017 ) ) ;
#833 = CARTESIAN_POINT ( 'NONE',  ( 0.1422805335678562211, 0.9000000000000000222, -0.2189510575283422078 ) ) ;
#834 = CARTESIAN_POINT ( 'NONE',  ( -0.4605301027174542594, 0.9000000000000000222, 0.08611461417503804561 ) ) ;
#835 = PRESENTATION_STYLE_ASSIGNMENT (( #1714 ) ) ;
#836 = CARTESIAN_POINT ( 'NONE',  ( 0.5973646592230803520, 0.6999999999999998446, -0.09098620907987550743 ) ) ;
#837 = CARTESIAN_POINT ( 'NONE',  ( 0.5780907503181398344, 0.6999999999999999556, 0.05420695099237279879 ) ) ;
#838 = VECTOR ( 'NONE', #7468, 1000.000000000000000 ) ;
#839 = PRESENTATION_STYLE_ASSIGNMENT (( #4909 ) ) ;
#840 = CARTESIAN_POINT ( 'NONE',  ( 0.9249999999999998224, -0.1000000000000000056, -0.6250000000000001110 ) ) ;
#841 = CARTESIAN_POINT ( 'NONE',  ( -0.7266315142928404525, 0.6999999999999999556, -0.2171432480292601885 ) ) ;
#842 =( LENGTH_UNIT ( ) NAMED_UNIT ( * ) SI_UNIT ( .MILLI., .METRE. ) );
#843 = CARTESIAN_POINT ( 'NONE',  ( 0.8724500199343846463, 0.8999999999999996891, -0.1547683944831418357 ) ) ;
#844 = LINE ( 'NONE', #7128, #6548 ) ;
#845 = FACE_OUTER_BOUND ( 'NONE', #8130, .T. ) ;
#846 = DIRECTION ( 'NONE',  ( -0.0000000000000000000, -1.000000000000000000, -0.0000000000000000000 ) ) ;
#847 = ORIENTED_EDGE ( 'NONE', *, *, #2977, .F. ) ;
#848 = ORIENTED_EDGE ( 'NONE', *, *, #8823, .T. ) ;
#849 = CARTESIAN_POINT ( 'NONE',  ( 1.094268780773597127, 0.9000000000000000222, -0.2079828849751340358 ) ) ;
#850 = CARTESIAN_POINT ( 'NONE',  ( -0.7427453311691228910, 0.6999999999999999556, -0.1838079556331576325 ) ) ;
#851 = VERTEX_POINT ( 'NONE', #2035 ) ;
#852 = VECTOR ( 'NONE', #3943, 1000.000000000000000 ) ;
#853 = PLANE ( 'NONE',  #9532 ) ;
#854 = CARTESIAN_POINT ( 'NONE',  ( 0.6216233593469234764, 0.9000000000000003553, -0.2155448196487805834 ) ) ;
#855 = UNCERTAINTY_MEASURE_WITH_UNIT (LENGTH_MEASURE( 1.000000000000000082E-05 ), #1925, 'distance_accuracy_value', 'NONE');
#856 = EDGE_CURVE ( 'NONE', #2408, #2787, #5084, .T. ) ;
#857 = PRESENTATION_STYLE_ASSIGNMENT (( #6334 ) ) ;
#858 = CARTESIAN_POINT ( 'NONE',  ( 1.399999999999999689, -0.1000000000000000056, -0.0000000000000000000 ) ) ;
#859 =( GEOMETRIC_REPRESENTATION_CONTEXT ( 3 ) GLOBAL_UNCERTAINTY_ASSIGNED_CONTEXT ( ( #3136 ) ) GLOBAL_UNIT_ASSIGNED_CONTEXT ( ( #3820, #10191, #7593 ) ) REPRESENTATION_CONTEXT ( 'NONE', 'WORKASPACE' ) );
#860 = CARTESIAN_POINT ( 'NONE',  ( 0.8737238832981831793, 0.9000000000000000222, -0.1445432502515861806 ) ) ;
#861 = CARTESIAN_POINT ( 'NONE',  ( 0.6849890944250826008, 0.6999999999999999556, -0.1436387183427899616 ) ) ;
#862 = CARTESIAN_POINT ( 'NONE',  ( 0.9107503331909652111, 0.6999999999999998446, 0.04037004714145223799 ) ) ;
#863 = EDGE_CURVE ( 'NONE', #9, #7590, #9952, .T. ) ;
#864 = CARTESIAN_POINT ( 'NONE',  ( -1.399999999999999689, -0.1000000000000000056, -0.0000000000000000000 ) ) ;
#865 = CARTESIAN_POINT ( 'NONE',  ( -0.7848984082226360126, 0.9000000000000001332, -0.1470156721091067931 ) ) ;
#866 = EDGE_CURVE ( 'NONE', #8987, #4130, #3526, .T. ) ;
#867 = CARTESIAN_POINT ( 'NONE',  ( -0.7972372608427568119, 0.6999999999999999556, -0.04292065456779164956 ) ) ;
#868 = CARTESIAN_POINT ( 'NONE',  ( 0.8989529646802616458, 0.9000000000000000222, -0.05508091743133417678 ) ) ;
#869 =( LENGTH_UNIT ( ) NAMED_UNIT ( * ) SI_UNIT ( .MILLI., .METRE. ) );
#870 = VECTOR ( 'NONE', #3019, 1000.000000000000227 ) ;
#871 = B_SPLINE_SURFACE_WITH_KNOTS ( 'NONE', 3, 1, ( 
 ( #9049, #5046 ),
 ( #8255, #7472 ),
 ( #7738, #5293 ),
 ( #5973, #9249 ),
 ( #431, #7629 ),
 ( #2772, #4482 ),
 ( #8358, #9967 ),
 ( #483, #8303 ),
 ( #9093, #4374 ),
 ( #8410, #5920 ),
 ( #6709, #1276 ),
 ( #6812, #5198 ),
 ( #5099, #7525 ),
 ( #7575, #4432 ),
 ( #9195, #9144 ),
 ( #1995, #5250 ),
 ( #9913, #5144 ),
 ( #1230, #3593 ),
 ( #3542, #2162 ),
 ( #6763, #2818 ),
 ( #10019, #2054 ),
 ( #4539, #2873 ),
 ( #6027, #2109 ),
 ( #8463, #1327 ),
 ( #1177, #7677 ),
 ( #540, #10122 ),
 ( #595, #4323 ),
 ( #3696, #8513 ),
 ( #381, #6874 ),
 ( #10075, #6077 ),
 ( #9301, #1377 ),
 ( #3750, #6933 ),
 ( #5865, #1942 ),
 ( #4742, #8674 ),
 ( #1544, #7954 ),
 ( #5507, #1431 ),
 ( #7040, #4586 ),
 ( #2422, #3959 ),
 ( #10319, #5405 ),
 ( #10223, #8001 ),
 ( #6132, #4637 ),
 ( #861, #6289 ),
 ( #9453, #4692 ),
 ( #10175, #8726 ),
 ( #6186, #2322 ),
 ( #7846, #813 ),
 ( #5347, #7901 ),
 ( #6985, #3140 ),
 ( #9352, #3031 ),
 ( #9404, #754 ),
 ( #8567, #2273 ),
 ( #7142, #701 ),
 ( #2377, #3181 ),
 ( #648, #5554 ),
 ( #3860, #2216 ) ),
 .UNSPECIFIED., .F., .F., .F.,
 ( 4, 1, 1, 1, 1, 1, 1, 1, 1, 1, 1, 1, 1, 1, 1, 1, 1, 1, 1, 1, 1, 1, 1, 1, 1, 1, 1, 1, 1, 1, 1, 1, 1, 1, 1, 1, 1, 1, 1, 1, 1, 1, 1, 1, 1, 1, 1, 1, 1, 1, 1, 1, 4 ),
 ( 2, 2 ),
 ( 0.0000000000000000000, 0.02711602562264980171, 0.05148408465197752693, 0.07330893139100205791, 0.09338707466369845778, 0.1130498385486980728, 0.1334251767883783690, 0.1546145932784846189, 0.1767704619677569478, 0.1986833557745584788, 0.2193288811037053254, 0.2386257969712027305, 0.2569944355474991227, 0.2751548003530538411, 0.2939005173924352232, 0.3131474774665388150, 0.3332074851477243582, 0.3531742158837228862, 0.3723061508163812983, 0.3908123364128364696, 0.4090887018891569138, 0.4277458989977938053, 0.4467157508060436433, 0.4664309901656222279, 0.4866675617175703072, 0.5069000716233581505, 0.5261158961255940625, 0.5443845511394104220, 0.5617869070496617212, 0.5794756636271609640, 0.5983493392648941978, 0.6188005978445932920, 0.6409007551073124809, 0.6637212409488342235, 0.6866766374970016962, 0.7105914334274896493, 0.7358885402537506115, 0.7490865094717922279, 0.7625198997533864098, 0.7762275485905906214, 0.7904818864548405211, 0.8052213442764393214, 0.8206549825373041784, 0.8367331901577697018, 0.8534949667571384291, 0.8705042759358446736, 0.8874312452516689431, 0.9044743434548085936, 0.9219950383623610746, 0.9399871788566730446, 0.9589910406946546839, 0.9788888544171292505, 1.000000000000000000 ),
 ( 0.0000000000000000000, 1.000000000000000000 ),
 .UNSPECIFIED. ) ;
#872 = ORIENTED_EDGE ( 'NONE', *, *, #4489, .T. ) ;
#873 = CARTESIAN_POINT ( 'NONE',  ( 0.3295142620770518671, 0.9000000000000002442, 0.02591555647463207254 ) ) ;
#874 = STYLED_ITEM ( 'NONE', ( #778 ), #9535 ) ;
#875 = EDGE_CURVE ( 'NONE', #5114, #9053, #6690, .T. ) ;
#876 = CARTESIAN_POINT ( 'NONE',  ( 0.6580096532611542370, 0.9000000000000000222, 0.006483180050141718748 ) ) ;
#877 = PLANE ( 'NONE',  #3087 ) ;
#878 = CARTESIAN_POINT ( 'NONE',  ( 0.4430616860430475756, 0.7000000000000001776, -0.01559734329951117417 ) ) ;
#879 = PLANE ( 'NONE',  #6 ) ;
#880 = VECTOR ( 'NONE', #1456, 1000.000000000000000 ) ;
#881 = VECTOR ( 'NONE', #5998, 1000.000000000000000 ) ;
#882 = EDGE_LOOP ( 'NONE', ( #2644, #3533, #2508, #1209 ) ) ;
#883 = CARTESIAN_POINT ( 'NONE',  ( 0.6556349470091893394, 0.7000000000000000666, 0.01876640561800684351 ) ) ;
#884 = VECTOR ( 'NONE', #1915, 1000.000000000000000 ) ;
#886 = EDGE_CURVE ( 'NONE', #5395, #7894, #9080, .T. ) ;
#885 = FILL_AREA_STYLE_COLOUR ( '', #6321 ) ;
#887 = CARTESIAN_POINT ( 'NONE',  ( 0.5210295594020738497, 0.9000000000000000222, -0.05247184290646548371 ) ) ;
#888 = CARTESIAN_POINT ( 'NONE',  ( -0.7175458184478218371, 0.6999999999999999556, -0.2157417184617632655 ) ) ;
#889 = LINE ( 'NONE', #9629, #7705 ) ;
#890 = CARTESIAN_POINT ( 'NONE',  ( 0.8693869070253344988, 0.8999999999999998002, -0.1636676406171664322 ) ) ;
#891 = DIRECTION ( 'NONE',  ( 0.0000000000000000000, 0.0000000000000000000, -1.000000000000000000 ) ) ;
#892 = CARTESIAN_POINT ( 'NONE',  ( -0.6868458921911384518, 0.9000000000000000222, -0.1068678419653128070 ) ) ;
#893 = SURFACE_STYLE_FILL_AREA ( #3065 ) ;
#894 = ORIENTED_EDGE ( 'NONE', *, *, #1745, .T. ) ;
#895 = ORIENTED_EDGE ( 'NONE', *, *, #3318, .F. ) ;
#896 = CARTESIAN_POINT ( 'NONE',  ( 1.085339112031938669, 0.6999999999999999556, -0.2106078576347537867 ) ) ;
#897 = CARTESIAN_POINT ( 'NONE',  ( -0.7910825917853512301, 0.6999999999999998446, -0.1275336613611066372 ) ) ;
#898 = VECTOR ( 'NONE', #4958, 1000.000000000000000 ) ;
#899 = EDGE_LOOP ( 'NONE', ( #9037, #4655, #7031, #7032 ) ) ;
#900 = CARTESIAN_POINT ( 'NONE',  ( 0.0000000000000000000, -0.1000000000000000056, 0.0000000000000000000 ) ) ;
#901 = CARTESIAN_POINT ( 'NONE',  ( 0.6290154366038362976, 0.9000000000000001332, -0.2140002896161381230 ) ) ;
#902 = CARTESIAN_POINT ( 'NONE',  ( 0.5670264088422187765, 0.8999999999999999112, -0.1792856095216535939 ) ) ;
#903 = CARTESIAN_POINT ( 'NONE',  ( 0.6820161816461272064, 0.9000000000000000222, 0.04796074110148944303 ) ) ;
#904 = LINE ( 'NONE', #8816, #9740 ) ;
#905 = CARTESIAN_POINT ( 'NONE',  ( 0.8497050325232113899, 0.6999999999999997335, -0.1816037037863546533 ) ) ;
#906 = DIRECTION ( 'NONE',  ( 3.393063237284570376E-13, 1.000000000000000000, -9.558454202912474997E-13 ) ) ;
#907 = CARTESIAN_POINT ( 'NONE',  ( 1.058815242178130722, 0.9000000000000000222, -0.03149824362605486289 ) ) ;
#908 = VERTEX_POINT ( 'NONE', #8341 ) ;
#909 = CARTESIAN_POINT ( 'NONE',  ( 0.8295398396310783573, 0.6999999999999998446, -0.05448074153678757192 ) ) ;
#910 = ORIENTED_EDGE ( 'NONE', *, *, #9752, .T. ) ;
#911 = CARTESIAN_POINT ( 'NONE',  ( 0.7807958060217028429, 0.6999999999999997335, 0.08372307155064834250 ) ) ;
#912 = PRESENTATION_LAYER_ASSIGNMENT (  '', '', ( #6357 ) ) ;
#913 = SURFACE_STYLE_FILL_AREA ( #3337 ) ;
#914 = CARTESIAN_POINT ( 'NONE',  ( 0.1250000000000000000, -0.1000000000000000056, 1.149999999999999911 ) ) ;
#915 = CARTESIAN_POINT ( 'NONE',  ( 0.8711637606585114213, 0.7000000000000000666, -0.1593970091212280893 ) ) ;
#916 = CARTESIAN_POINT ( 'NONE',  ( 0.8838741837359219700, 0.6999999999999999556, -0.06571319511617655651 ) ) ;
#917 = FILL_AREA_STYLE_COLOUR ( '', #4825 ) ;
#918 = CARTESIAN_POINT ( 'NONE',  ( 0.9076989527507820510, 0.9000000000000002442, -0.1611068460104883304 ) ) ;
#919 = CARTESIAN_POINT ( 'NONE',  ( 0.3570137569316684245, 0.9000000000000000222, -0.1016046840705759902 ) ) ;
#920 = CARTESIAN_POINT ( 'NONE',  ( -0.007898523770085786114, 0.9000000000000000222, -0.2173941577547864601 ) ) ;
#921 = ADVANCED_FACE ( 'NONE', ( #3577 ), #2446, .T. ) ;
#922 = ORIENTED_EDGE ( 'NONE', *, *, #2173, .F. ) ;
#923 = DIRECTION ( 'NONE',  ( -1.000000000000000000, 0.0000000000000000000, 0.0000000000000000000 ) ) ;
#924 = ORIENTED_EDGE ( 'NONE', *, *, #1647, .F. ) ;
#925 = CARTESIAN_POINT ( 'NONE',  ( 0.1250000000000000000, -0.1000000000000000056, 0.0000000000000000000 ) ) ;
#926 = VECTOR ( 'NONE', #5952, 1000.000000000000000 ) ;
#927 = CARTESIAN_POINT ( 'NONE',  ( 1.087850396158501987, 0.6999999999999997335, -0.07408831986418250304 ) ) ;
#928 = CARTESIAN_POINT ( 'NONE',  ( 0.5830738833319334402, 0.9000000000000000222, -0.05293438414718563967 ) ) ;
#929 = CARTESIAN_POINT ( 'NONE',  ( -0.7359686992086823532, 0.9000000000000000222, -0.1840608244214531619 ) ) ;
#930 = CARTESIAN_POINT ( 'NONE',  ( -0.3750000000000000000, 0.0000000000000000000, 0.0000000000000000000 ) ) ;
#931 = CARTESIAN_POINT ( 'NONE',  ( -0.5798283483314893294, 0.9000000000000000222, 0.08611461417503804561 ) ) ;
#932 = VECTOR ( 'NONE', #8671, 1000.000000000000000 ) ;
#933 = ADVANCED_FACE ( 'NONE', ( #9679 ), #8024, .T. ) ;
#934 = EDGE_LOOP ( 'NONE', ( #2619, #3073, #315, #2943 ) ) ;
#935 = ORIENTED_EDGE ( 'NONE', *, *, #5873, .T. ) ;
#936 = CARTESIAN_POINT ( 'NONE',  ( 0.6580096532602401904, 0.7000000000000000666, 0.006483180057496948021 ) ) ;
#937 = STYLED_ITEM ( 'NONE', ( #9540 ), #4165 ) ;
#938 = SURFACE_STYLE_FILL_AREA ( #9728 ) ;
#939 = CARTESIAN_POINT ( 'NONE',  ( 0.3251619030596976101, 0.6999999999999998446, 0.01533359062074406490 ) ) ;
#940 = CARTESIAN_POINT ( 'NONE',  ( -0.9500037869279804870, 0.6999999999999999556, -0.2138853858249619433 ) ) ;
#941 = SURFACE_SIDE_STYLE ('',( #6575 ) ) ;
#942 = UNCERTAINTY_MEASURE_WITH_UNIT (LENGTH_MEASURE( 1.000000000000000082E-05 ), #4235, 'distance_accuracy_value', 'NONE');
#943 = DIRECTION ( 'NONE',  ( -1.000000000000000000, 0.0000000000000000000, 0.0000000000000000000 ) ) ;
#944 = ORIENTED_EDGE ( 'NONE', *, *, #7750, .F. ) ;
#945 = VECTOR ( 'NONE', #2396, 1000.000000000000000 ) ;
#946 = CARTESIAN_POINT ( 'NONE',  ( 1.144966921568653095, 0.7000000000000002887, -0.1517010106398129776 ) ) ;
#947 = LINE ( 'NONE', #3314, #6121 ) ;
#948 = ORIENTED_EDGE ( 'NONE', *, *, #8842, .F. ) ;
#949 =( NAMED_UNIT ( * ) PLANE_ANGLE_UNIT ( ) SI_UNIT ( $, .RADIAN. ) );
#950 = CARTESIAN_POINT ( 'NONE',  ( 0.5318885568593608726, 0.8999999999999999112, -0.1902900081931199194 ) ) ;
#951 = CARTESIAN_POINT ( 'NONE',  ( 0.5468696979989233764, 0.6999999999999999556, -0.1486365113446471986 ) ) ;
#952 = CARTESIAN_POINT ( 'NONE',  ( -0.6882318020559247129, 0.9000000000000001332, 0.07391855591007494286 ) ) ;
#953 = CARTESIAN_POINT ( 'NONE',  ( 0.5392802413555848329, 0.9000000000000000222, 0.07591974514482885406 ) ) ;
#954 = DIRECTION ( 'NONE',  ( -1.000000000000000000, 0.0000000000000000000, -0.0000000000000000000 ) ) ;
#955 = CARTESIAN_POINT ( 'NONE',  ( -0.8176490827418646523, 0.9000000000000001332, -0.1662060439421389202 ) ) ;
#956 = B_SPLINE_SURFACE_WITH_KNOTS ( 'NONE', 3, 1, ( 
 ( #1728, #194 ),
 ( #6627, #3371 ),
 ( #6532, #1824 ),
 ( #7451, #5021 ),
 ( #4967, #998 ),
 ( #8180, #5075 ),
 ( #9682, #1103 ),
 ( #1049, #4196 ),
 ( #8917, #89 ),
 ( #1779, #244 ),
 ( #6581, #4916 ),
 ( #301, #4250 ),
 ( #8286, #2699 ),
 ( #5845, #1153 ),
 ( #8127, #7232 ) ),
 .UNSPECIFIED., .F., .F., .F.,
 ( 4, 1, 1, 1, 1, 1, 1, 1, 1, 1, 1, 1, 4 ),
 ( 2, 2 ),
 ( 0.0000000000000000000, 0.1145105498247864784, 0.2302031866621340739, 0.3471693992089874836, 0.4688404420012889373, 0.5311804737393308606, 0.5938148586756558656, 0.6568022517791173298, 0.7215569478898301581, 0.7875450307650617709, 0.8561245034591701275, 0.9266314737662006973, 1.000000000000000000 ),
 ( 0.0000000000000000000, 1.000000000000000000 ),
 .UNSPECIFIED. ) ;
#957 = CARTESIAN_POINT ( 'NONE',  ( 0.8350365073761881751, 0.6999999999999997335, -0.1855089401953294859 ) ) ;
#958 = CARTESIAN_POINT ( 'NONE',  ( 0.4038813033863780100, 0.8999999999999999112, -0.07466397334766607108 ) ) ;
#959 = DIRECTION ( 'NONE',  ( -0.0000000000000000000, 1.000000000000000000, -0.0000000000000000000 ) ) ;
#960 = ORIENTED_EDGE ( 'NONE', *, *, #981, .F. ) ;
#961 = VERTEX_POINT ( 'NONE', #6783 ) ;
#962 = EDGE_CURVE ( 'NONE', #3658, #2180, #10295, .T. ) ;
#963 = CARTESIAN_POINT ( 'NONE',  ( 0.7289847299233008782, 0.6999999999999998446, 0.001819326693621051887 ) ) ;
#964 = AXIS2_PLACEMENT_3D ( 'NONE', #3052, #5530, #2189 ) ;
#965 = MECHANICAL_DESIGN_GEOMETRIC_PRESENTATION_REPRESENTATION (  '', ( #2938 ), #7079 ) ;
#966 = UNCERTAINTY_MEASURE_WITH_UNIT (LENGTH_MEASURE( 1.000000000000000082E-05 ), #5732, 'distance_accuracy_value', 'NONE');
#967 = FACE_OUTER_BOUND ( 'NONE', #8769, .T. ) ;
#968 = FACE_BOUND ( 'NONE', #8297, .T. ) ;
#969 = DIRECTION ( 'NONE',  ( -0.0000000000000000000, 1.000000000000000000, -0.0000000000000000000 ) ) ;
#970 = CARTESIAN_POINT ( 'NONE',  ( -0.7502925000023584756, 0.7000000000000001776, 0.05487466274688537066 ) ) ;
#971 = CARTESIAN_POINT ( 'NONE',  ( 0.9072805602690056093, 0.6999999999999995115, -0.04486466269463379453 ) ) ;
#972 =( GEOMETRIC_REPRESENTATION_CONTEXT ( 3 ) GLOBAL_UNCERTAINTY_ASSIGNED_CONTEXT ( ( #4889 ) ) GLOBAL_UNIT_ASSIGNED_CONTEXT ( ( #6563, #124, #5715 ) ) REPRESENTATION_CONTEXT ( 'NONE', 'WORKASPACE' ) );
#973 = SURFACE_STYLE_USAGE ( .BOTH. , #2243 ) ;
#974 = CARTESIAN_POINT ( 'NONE',  ( 0.9095504979338548956, 0.7000000000000000666, -0.1436387183427900449 ) ) ;
#975 = PRESENTATION_STYLE_ASSIGNMENT (( #6399 ) ) ;
#976 = CARTESIAN_POINT ( 'NONE',  ( 0.6579084059082873637, 0.9000000000000000222, 0.007297907905921104804 ) ) ;
#977 = CARTESIAN_POINT ( 'NONE',  ( -0.7377230851735945283, 0.6999999999999999556, 0.08962338610486259016 ) ) ;
#978 = EDGE_LOOP ( 'NONE', ( #583, #5078, #5753, #7641 ) ) ;
#979 = DIRECTION ( 'NONE',  ( 0.0000000000000000000, 0.0000000000000000000, 1.000000000000000000 ) ) ;
#980 = B_SPLINE_CURVE_WITH_KNOTS ( 'NONE', 3,
 ( #388, #9922, #2779, #8368, #4383, #7584, #439, #3603, #6770, #2587, #5717, #8950, #1809, #8159, #7374, #1386, #2985, #6821, #8575, #6992, #2117, #5980, #3650, #9206, #6036, #6085, #2063, #5207, #494, #7746 ),
 .UNSPECIFIED., .F., .F.,
 ( 4, 1, 1, 1, 1, 1, 1, 1, 1, 1, 1, 1, 1, 1, 1, 1, 1, 1, 1, 1, 1, 1, 1, 1, 1, 1, 1, 4 ),
 ( 0.0000000000000000000, 0.02740524723032105800, 0.05503395209103754959, 0.08377220195114452872, 0.1142238255655481788, 0.1299202037005439681, 0.1453459343363628919, 0.1610557224508527285, 0.1772109197982086881, 0.1941500347021351269, 0.2118240675998736555, 0.2306351098182595483, 0.2507635006051835425, 0.2708918913921075644, 0.2899066873408583933, 0.3077809418997917712, 0.3249141191778430193, 0.3414404525715339922, 0.3574949690632406862, 0.3733926337609954627, 0.3895060661075427921, 0.4054724606372513418, 0.4212437877979878786, 0.4368459733576778303, 0.4526266441179075950, 0.4681598439945419687, 0.4841854783496180037, 0.5000000000000026645 ),
 .UNSPECIFIED. ) ;
#981 = EDGE_CURVE ( 'NONE', #6835, #7109, #5071, .T. ) ;
#982 = CARTESIAN_POINT ( 'NONE',  ( 1.092153710913561726, 0.9000000000000002442, -0.07692235706989913879 ) ) ;
#983 = FACE_OUTER_BOUND ( 'NONE', #2127, .T. ) ;
#984 = PLANE ( 'NONE',  #2554 ) ;
#985 = CARTESIAN_POINT ( 'NONE',  ( 0.6569555937960128711, 0.6999999999999998446, 0.07645579815884674668 ) ) ;
#986 = FACE_OUTER_BOUND ( 'NONE', #5934, .T. ) ;
#987 = CARTESIAN_POINT ( 'NONE',  ( 0.4387740025567462565, 0.6999999999999998446, 0.01671639941601483700 ) ) ;
#988 = CARTESIAN_POINT ( 'NONE',  ( 0.3608575004915505202, 0.7000000000000000666, -0.1025466908020650630 ) ) ;
#989 = ORIENTED_EDGE ( 'NONE', *, *, #8882, .T. ) ;
#990 = LINE ( 'NONE', #343, #10309 ) ;
#991 = DIRECTION ( 'NONE',  ( 0.0000000000000000000, 0.0000000000000000000, -1.000000000000000000 ) ) ;
#992 =( NAMED_UNIT ( * ) PLANE_ANGLE_UNIT ( ) SI_UNIT ( $, .RADIAN. ) );
#993 = CARTESIAN_POINT ( 'NONE',  ( 0.3233775178232934366, 0.7000000000000002887, -0.02733581157424380334 ) ) ;
#995 = EDGE_CURVE ( 'NONE', #1608, #7894, #2020, .T. ) ;
#994 = CARTESIAN_POINT ( 'NONE',  ( -0.7359686992086823532, 0.6999999999999999556, -0.2173941577547864601 ) ) ;
#996 = CARTESIAN_POINT ( 'NONE',  ( 0.6205919826954976459, 0.8999999999999999112, -0.1833162086894176701 ) ) ;
#997 = CARTESIAN_POINT ( 'NONE',  ( 0.6159173585878038315, 0.8999999999999999112, -0.05263561285479318591 ) ) ;
#998 = CARTESIAN_POINT ( 'NONE',  ( 0.7346986826635786283, 0.9000000000000003553, -0.03287577982225470957 ) ) ;
#999 = ORIENTED_EDGE ( 'NONE', *, *, #8259, .F. ) ;
#1000 = ORIENTED_EDGE ( 'NONE', *, *, #5249, .F. ) ;
#1001 = CARTESIAN_POINT ( 'NONE',  ( 0.2126176449830994575, 0.8999999999999999112, -0.2006804613290076866 ) ) ;
#1002 = ORIENTED_EDGE ( 'NONE', *, *, #7886, .T. ) ;
#1003 = DIRECTION ( 'NONE',  ( 0.0000000000000000000, 0.0000000000000000000, 1.000000000000000000 ) ) ;
#1004 = DIRECTION ( 'NONE',  ( -0.0000000000000000000, 0.0000000000000000000, -1.000000000000000000 ) ) ;
#1005 = VECTOR ( 'NONE', #8989, 1000.000000000000000 ) ;
#1006 = PLANE ( 'NONE',  #8912 ) ;
#1008 = ADVANCED_FACE ( 'NONE', ( #5220 ), #8381, .T. ) ;
#1007 = CARTESIAN_POINT ( 'NONE',  ( 0.5253490194883745357, 0.6999999999999999556, 0.06520695268748691320 ) ) ;
#1009 = CARTESIAN_POINT ( 'NONE',  ( 0.4508632940070209094, 0.6999999999999999556, -0.08576209605798169877 ) ) ;
#1010 = CARTESIAN_POINT ( 'NONE',  ( -0.7866452025298015238, 0.6999999999999998446, -0.2016908055031140512 ) ) ;
#1011 = CARTESIAN_POINT ( 'NONE',  ( 0.7735015762183455879, 0.9000000000000000222, -0.1566810548650774126 ) ) ;
#1012 = LINE ( 'NONE', #4163, #799 ) ;
#1013 = ORIENTED_EDGE ( 'NONE', *, *, #1334, .F. ) ;
#1014 = ORIENTED_EDGE ( 'NONE', *, *, #475, .F. ) ;
#1015 = CARTESIAN_POINT ( 'NONE',  ( 0.5043821779843000730, 0.9000000000000000222, -0.001604684070575989382 ) ) ;
#1016 = COLOUR_RGB ( '',1.000000000000000000, 0.9607843137254902244, 0.4549019607843137192 ) ;
#1017 = SURFACE_STYLE_USAGE ( .BOTH. , #8883 ) ;
#1018 =( LENGTH_UNIT ( ) NAMED_UNIT ( * ) SI_UNIT ( .MILLI., .METRE. ) );
#1019 = SURFACE_SIDE_STYLE ('',( #9756 ) ) ;
#1020 = CARTESIAN_POINT ( 'NONE',  ( 0.8474985942040176301, 0.9000000000000001332, 0.08823581943322279797 ) ) ;
#1021 = EDGE_CURVE ( 'NONE', #5362, #2864, #8433, .T. ) ;
#1022 = CARTESIAN_POINT ( 'NONE',  ( -0.7099689828695514571, 0.6999999999999998446, -0.1766116949956408611 ) ) ;
#1023 = CARTESIAN_POINT ( 'NONE',  ( 0.8718706799226584314, 0.6999999999999995115, -0.07749480513128052805 ) ) ;
#1024 = DIRECTION ( 'NONE',  ( -1.000000000000000000, 0.0000000000000000000, 0.0000000000000000000 ) ) ;
#1025 = CARTESIAN_POINT ( 'NONE',  ( 0.6743915611714897951, 0.8999999999999999112, -0.05508091743133427393 ) ) ;
#1026 = LINE ( 'NONE', #1700, #2205 ) ;
#1027 = VECTOR ( 'NONE', #5184, 1000.000000000000000 ) ;
#1028 = CARTESIAN_POINT ( 'NONE',  ( -0.6986528581650234271, 0.8999999999999999112, 0.03267147131436344554 ) ) ;
#1029 = EDGE_LOOP ( 'NONE', ( #733, #1654, #8185, #10162, #2263, #9960, #7513, #4971, #9289, #872, #1756 ) ) ;
#1030 = SURFACE_STYLE_FILL_AREA ( #5822 ) ;
#1031 = DIRECTION ( 'NONE',  ( 0.0000000000000000000, 0.0000000000000000000, 1.000000000000000000 ) ) ;
#1032 = CARTESIAN_POINT ( 'NONE',  ( 1.044733055177282433, 0.6999999999999999556, -0.06476257880741809192 ) ) ;
#1033 = CARTESIAN_POINT ( 'NONE',  ( 0.5729795805460869973, 0.9000000000000000222, -0.04977362794843824545 ) ) ;
#1034 = PRESENTATION_LAYER_ASSIGNMENT (  '', '', ( #5484 ) ) ;
#1035 = DIRECTION ( 'NONE',  ( 4.336808689942019708E-16, 0.0000000000000000000, 1.000000000000000000 ) ) ;
#1036 = CARTESIAN_POINT ( 'NONE',  ( 0.3184172657035982956, 0.6999999999999999556, -0.1051134560004005486 ) ) ;
#1037 = CARTESIAN_POINT ( 'NONE',  ( 0.4345939214901636261, 0.6999999999999996225, -0.05279788871361951880 ) ) ;
#1038 = CARTESIAN_POINT ( 'NONE',  ( 0.4141310030133795728, 0.7000000000000000666, 0.08612927054665288351 ) ) ;
#1039 = VERTEX_POINT ( 'NONE', #8281 ) ;
#1040 = DIRECTION ( 'NONE',  ( -0.0000000000000000000, -1.000000000000000000, -0.0000000000000000000 ) ) ;
#1041 = DIRECTION ( 'NONE',  ( -1.000000000000000000, 0.0000000000000000000, 0.0000000000000000000 ) ) ;
#1042 = CARTESIAN_POINT ( 'NONE',  ( 0.8825710567690119301, 0.8999999999999998002, 0.006483180057497016542 ) ) ;
#1043 = CARTESIAN_POINT ( 'NONE',  ( 0.3270957517648064861, 0.6999999999999998446, 0.02076163148706105729 ) ) ;
#1044 = PRESENTATION_LAYER_ASSIGNMENT (  '', '', ( #9367 ) ) ;
#1045 = CARTESIAN_POINT ( 'NONE',  ( -0.6606945527254977080, 0.8999999999999999112, -0.1725188232157757462 ) ) ;
#1046 = DIRECTION ( 'NONE',  ( -1.000000000000000000, 0.0000000000000000000, 0.0000000000000000000 ) ) ;
#1047 = CARTESIAN_POINT ( 'NONE',  ( 0.8058468575724836436, 0.9000000000000000222, -0.1843623592287816637 ) ) ;
#1048 = CARTESIAN_POINT ( 'NONE',  ( 1.105833814659736403, 0.9000000000000001332, -0.1007696268097383330 ) ) ;
#1049 = CARTESIAN_POINT ( 'NONE',  ( 0.7455909629108458114, 0.6999999999999997335, -0.05247184290646532412 ) ) ;
#1050 = CARTESIAN_POINT ( 'NONE',  ( -0.9249999999999998224, 0.0000000000000000000, -0.6249999999999996669 ) ) ;
#1051 = STYLED_ITEM ( 'NONE', ( #7775 ), #9893 ) ;
#1052 = ORIENTED_EDGE ( 'NONE', *, *, #5801, .F. ) ;
#1053 = ORIENTED_EDGE ( 'NONE', *, *, #5683, .T. ) ;
#1054 = CARTESIAN_POINT ( 'NONE',  ( 0.1475900245574190139, 0.9000000000000000222, -0.2193776831618438339 ) ) ;
#1055 = EDGE_CURVE ( 'NONE', #6668, #10267, #1148, .T. ) ;
#1056 = VERTEX_POINT ( 'NONE', #5119 ) ;
#1057 = EDGE_CURVE ( 'NONE', #2524, #6851, #403, .T. ) ;
#1058 = LINE ( 'NONE', #248, #7315 ) ;
#1059 = CARTESIAN_POINT ( 'NONE',  ( 0.1009399011842584404, 0.8999999999999999112, 0.01775777397853152417 ) ) ;
#1060 = CARTESIAN_POINT ( 'NONE',  ( -0.5184248395595594250, 0.6999999999999999556, -0.01563977178987422875 ) ) ;
#1061 = CARTESIAN_POINT ( 'NONE',  ( 0.6251436290144394281, 0.8999999999999996891, -0.1816037037863547643 ) ) ;
#1062 = CARTESIAN_POINT ( 'NONE',  ( -0.6471543501141175936, 0.8999999999999999112, -0.01749328552203504444 ) ) ;
#1063 = CARTESIAN_POINT ( 'NONE',  ( 0.5879583400388257441, 0.7000000000000002887, 0.08939866747417399284 ) ) ;
#1064 = CARTESIAN_POINT ( 'NONE',  ( 0.3993755561869924420, 0.8999999999999998002, -0.1070189019077570497 ) ) ;
#1065 = CARTESIAN_POINT ( 'NONE',  ( 0.5830738833319334402, 0.7000000000000000666, -0.05293438414718563967 ) ) ;
#1066 = CARTESIAN_POINT ( 'NONE',  ( 0.5262740858589701753, 0.7000000000000001776, -0.09480968791772782789 ) ) ;
#1067 = FACE_OUTER_BOUND ( 'NONE', #9487, .T. ) ;
#1068 = AXIS2_PLACEMENT_3D ( 'NONE', #7267, #6309, #2485 ) ;
#1069 = AXIS2_PLACEMENT_3D ( 'NONE', #6165, #2249, #1466 ) ;
#1070 = ORIENTED_EDGE ( 'NONE', *, *, #7002, .F. ) ;
#1071 = ORIENTED_EDGE ( 'NONE', *, *, #2786, .F. ) ;
#1072 = FILL_AREA_STYLE ('',( #8402 ) ) ;
#1073 = CARTESIAN_POINT ( 'NONE',  ( 1.105833814659736403, 0.7000000000000000666, -0.1007696268097383330 ) ) ;
#1074 = FILL_AREA_STYLE ('',( #1939 ) ) ;
#1075 = EDGE_CURVE ( 'NONE', #8687, #8666, #5997, .T. ) ;
#1076 = CARTESIAN_POINT ( 'NONE',  ( -0.6897459168670520002, 0.7000000000000000666, -0.1405048282037807683 ) ) ;
#1077 = CARTESIAN_POINT ( 'NONE',  ( 0.9030547897169235450, 0.9000000000000000222, -0.1105164985942328620 ) ) ;
#1078 = CARTESIAN_POINT ( 'NONE',  ( 0.6498796893983066481, 0.9000000000000002442, 0.08034611070217456685 ) ) ;
#1079 = CARTESIAN_POINT ( 'NONE',  ( -0.6927841045093758865, 0.8999999999999999112, 0.01901329247266213968 ) ) ;
#1080 = ORIENTED_EDGE ( 'NONE', *, *, #4052, .F. ) ;
#1081 = DIRECTION ( 'NONE',  ( 0.0000000000000000000, 1.000000000000000000, 0.0000000000000000000 ) ) ;
#1082 = CARTESIAN_POINT ( 'NONE',  ( 1.099115773067611324, 0.6999999999999997335, -0.1607903596804801938 ) ) ;
#1083 = VECTOR ( 'NONE', #1552, 1000.000000000000000 ) ;
#1084 = CARTESIAN_POINT ( 'NONE',  ( -0.9500037869279804870, 0.9000000000000000222, -0.2138853858249619433 ) ) ;
#1085 = DIRECTION ( 'NONE',  ( 0.0000000000000000000, 0.0000000000000000000, -1.000000000000000000 ) ) ;
#1086 = DIRECTION ( 'NONE',  ( -0.0000000000000000000, 1.000000000000000000, -0.0000000000000000000 ) ) ;
#1087 = SURFACE_STYLE_USAGE ( .BOTH. , #8795 ) ;
#1088 = CARTESIAN_POINT ( 'NONE',  ( -0.9903546641209628465, 0.6999999999999999556, 0.08611461417503804561 ) ) ;
#1089 = VECTOR ( 'NONE', #6216, 1000.000000000000000 ) ;
#1090 = ORIENTED_EDGE ( 'NONE', *, *, #9201, .T. ) ;
#1091 = EDGE_CURVE ( 'NONE', #7849, #6923, #9220, .T. ) ;
#1092 = ORIENTED_EDGE ( 'NONE', *, *, #10303, .T. ) ;
#1093 = CARTESIAN_POINT ( 'NONE',  ( 4.279745417705937550E-17, -0.1000000000000000056, 0.3749999999999998335 ) ) ;
#1094 = CARTESIAN_POINT ( 'NONE',  ( 0.7462899201893880008, 0.9000000000000000222, -0.1022908942736979743 ) ) ;
#1095 = CARTESIAN_POINT ( 'NONE',  ( 0.8281819565217191093, 0.7000000000000002887, -0.09125856083493659454 ) ) ;
#1096 = FACE_OUTER_BOUND ( 'NONE', #1452, .T. ) ;
#1097 = CARTESIAN_POINT ( 'NONE',  ( 0.3356999380836635516, 0.7000000000000001776, 0.03541353917541952001 ) ) ;
#1098 = COLOUR_RGB ( '',1.000000000000000000, 0.9607843137254902244, 0.4549019607843137192 ) ;
#1099 = CARTESIAN_POINT ( 'NONE',  ( -0.6480636698997199741, 0.7000000000000000666, -0.1194216272665689915 ) ) ;
#1100 = CARTESIAN_POINT ( 'NONE',  ( 0.6426287107000455689, 0.8999999999999998002, -0.1675965103596913086 ) ) ;
#1101 = CARTESIAN_POINT ( 'NONE',  ( 0.7462899201893880008, 0.6999999999999998446, -0.1022908942736979743 ) ) ;
#1102 = CARTESIAN_POINT ( 'NONE',  ( 1.052237288733257170, 0.9000000000000000222, -0.06486694466332283693 ) ) ;
#1103 = CARTESIAN_POINT ( 'NONE',  ( 0.7422509301937817439, 0.9000000000000003553, -0.04779836126451674633 ) ) ;
#1104 = ORIENTED_EDGE ( 'NONE', *, *, #9515, .F. ) ;
#1105 = CARTESIAN_POINT ( 'NONE',  ( 0.1988042118388245738, 0.9000000000000002442, -0.04980644460835309539 ) ) ;
#1106 = ORIENTED_EDGE ( 'NONE', *, *, #3204, .T. ) ;
#1107 = LINE ( 'NONE', #7453, #5950 ) ;
#1108 = CARTESIAN_POINT ( 'NONE',  ( 0.1547237864621630599, 0.9000000000000003553, -0.04635257002964225659 ) ) ;
#1109 = CARTESIAN_POINT ( 'NONE',  ( -0.7115604712220993111, 0.9000000000000001332, 0.08578648716709628974 ) ) ;
#1110 = CARTESIAN_POINT ( 'NONE',  ( 0.4641493821221924776, 0.7000000000000001776, -0.07201117682011251575 ) ) ;
#1111 = CARTESIAN_POINT ( 'NONE',  ( 0.7869438344896469983, 0.9000000000000001332, 0.04888778245758314267 ) ) ;
#1112 = EDGE_CURVE ( 'NONE', #9492, #4553, #9469, .T. ) ;
#1113 = COLOUR_RGB ( '',1.000000000000000000, 0.9607843137254902244, 0.4549019607843137192 ) ;
#1114 =( NAMED_UNIT ( * ) SI_UNIT ( $, .STERADIAN. ) SOLID_ANGLE_UNIT ( ) );
#1115 = VERTEX_POINT ( 'NONE', #3105 ) ;
#1116 = ORIENTED_EDGE ( 'NONE', *, *, #8967, .F. ) ;
#1117 = CARTESIAN_POINT ( 'NONE',  ( -0.9249999999999997113, -0.1000000000000000056, -0.1250000000000000555 ) ) ;
#1118 = CARTESIAN_POINT ( 'NONE',  ( 0.7831224730430564884, 0.7000000000000000666, 0.04648009192836394243 ) ) ;
#1119 = DIRECTION ( 'NONE',  ( -1.000000000000000000, 0.0000000000000000000, 0.0000000000000000000 ) ) ;
#1120 = CARTESIAN_POINT ( 'NONE',  ( 0.9167717790600019567, 0.9000000000000000222, 0.02173709294237782114 ) ) ;
#1121 = CARTESIAN_POINT ( 'NONE',  ( -0.6868809174019950836, 0.6999999999999998446, -0.1099876216223844294 ) ) ;
#1122 = EDGE_CURVE ( 'NONE', #9660, #6225, #6902, .T. ) ;
#1123 = EDGE_CURVE ( 'NONE', #6756, #247, #4443, .T. ) ;
#1124 = CARTESIAN_POINT ( 'NONE',  ( 0.8971988853923354990, 0.7000000000000001776, -0.1852002767618871892 ) ) ;
#1125 = MECHANICAL_DESIGN_GEOMETRIC_PRESENTATION_REPRESENTATION (  '', ( #3762 ), #6927 ) ;
#1126 = CARTESIAN_POINT ( 'NONE',  ( 0.4214098030359668678, 0.8999999999999999112, 0.08384671102415808264 ) ) ;
#1127 = PRESENTATION_STYLE_ASSIGNMENT (( #4224 ) ) ;
#1128 = MECHANICAL_DESIGN_GEOMETRIC_PRESENTATION_REPRESENTATION (  '', ( #937 ), #9935 ) ;
#1129 = CARTESIAN_POINT ( 'NONE',  ( -0.7941855588012711742, 0.6999999999999999556, 0.07047838443549440945 ) ) ;
#1130 = CARTESIAN_POINT ( 'NONE',  ( 0.06424352532088142831, 0.9000000000000002442, 0.07516957789278193303 ) ) ;
#1131 = FACE_OUTER_BOUND ( 'NONE', #6301, .T. ) ;
#1132 = ORIENTED_EDGE ( 'NONE', *, *, #2753, .F. ) ;
#1133 = SURFACE_SIDE_STYLE ('',( #1030 ) ) ;
#1134 = COLOUR_RGB ( '',1.000000000000000000, 0.9607843137254902244, 0.4549019607843137192 ) ;
#1135 = LINE ( 'NONE', #6717, #3893 ) ;
#1136 = DIRECTION ( 'NONE',  ( 0.0000000000000000000, 0.0000000000000000000, 1.000000000000000000 ) ) ;
#1137 = SURFACE_STYLE_FILL_AREA ( #334 ) ;
#1138 = CARTESIAN_POINT ( 'NONE',  ( 0.5403146016360218518, 0.9000000000000000222, -0.003359070035488265129 ) ) ;
#1139 = EDGE_CURVE ( 'NONE', #2014, #2891, #488, .T. ) ;
#1140 = CARTESIAN_POINT ( 'NONE',  ( 0.4251082984804047116, 0.7000000000000001776, -0.1017977523492318570 ) ) ;
#1141 = VECTOR ( 'NONE', #7965, 1000.000000000000000 ) ;
#1142 = ORIENTED_EDGE ( 'NONE', *, *, #2085, .T. ) ;
#1143 = VERTEX_POINT ( 'NONE', #3000 ) ;
#1144 = SURFACE_STYLE_USAGE ( .BOTH. , #8275 ) ;
#1145 = CARTESIAN_POINT ( 'NONE',  ( 0.8385018480080650427, 0.7000000000000000666, -0.2166492977353447202 ) ) ;
#1146 = CARTESIAN_POINT ( 'NONE',  ( 0.8219260627318522028, 0.6999999999999998446, -0.09098620907987550743 ) ) ;
#1147 = SURFACE_STYLE_FILL_AREA ( #2744 ) ;
#1148 = LINE ( 'NONE', #5888, #6501 ) ;
#1149 = DIRECTION ( 'NONE',  ( -1.000000000000000000, 0.0000000000000000000, 0.0000000000000000000 ) ) ;
#1150 = CARTESIAN_POINT ( 'NONE',  ( 0.7621889112281218237, 0.6999999999999999556, -0.1964123158144566172 ) ) ;
#1151 = CARTESIAN_POINT ( 'NONE',  ( 0.5415066631567807542, 0.9000000000000002442, -0.01342908326495971874 ) ) ;
#1152 = EDGE_CURVE ( 'NONE', #9713, #6895, #9188, .T. ) ;
#1153 = CARTESIAN_POINT ( 'NONE',  ( 0.7725703962907713995, 0.9000000000000000222, -0.07425645494990004702 ) ) ;
#1154 = CARTESIAN_POINT ( 'NONE',  ( 0.2342002202765953722, 0.8999999999999999112, -0.1160972739496143324 ) ) ;
#1155 = VERTEX_POINT ( 'NONE', #3355 ) ;
#1156 = CARTESIAN_POINT ( 'NONE',  ( -1.399999999999999689, -0.1000000000000000056, -0.6249999999999996669 ) ) ;
#1157 = CARTESIAN_POINT ( 'NONE',  ( -0.7973260621935025494, 0.6999999999999999556, -0.05267577070165154612 ) ) ;
#1158 = LINE ( 'NONE', #2797, #7791 ) ;
#1159 = CARTESIAN_POINT ( 'NONE',  ( -0.6869486018616739464, 0.9000000000000001332, -0.1160164390153436698 ) ) ;
#1160 = CARTESIAN_POINT ( 'NONE',  ( 0.3980698751965556226, 0.6999999999999999556, 0.08903034335481008199 ) ) ;
#1161 = CARTESIAN_POINT ( 'NONE',  ( 0.09187140595597027837, 0.9000000000000002442, -0.1388173780407440661 ) ) ;
#1162 = CARTESIAN_POINT ( 'NONE',  ( -0.7775795623313618288, 0.6999999999999999556, -0.2075280106819931969 ) ) ;
#1163 = CARTESIAN_POINT ( 'NONE',  ( 0.7958924613142623894, 0.9000000000000002442, 0.05249592656743325841 ) ) ;
#1164 = DIRECTION ( 'NONE',  ( 0.0000000000000000000, 0.0000000000000000000, -1.000000000000000000 ) ) ;
#1165 = ORIENTED_EDGE ( 'NONE', *, *, #7773, .T. ) ;
#1166 = EDGE_LOOP ( 'NONE', ( #9904, #4304, #9873, #2920 ) ) ;
#1167 = LINE ( 'NONE', #4213, #4613 ) ;
#1168 = ORIENTED_EDGE ( 'NONE', *, *, #4308, .T. ) ;
#1169 = VECTOR ( 'NONE', #4317, 1000.000000000000000 ) ;
#1170 = CARTESIAN_POINT ( 'NONE',  ( -0.3750000000000000000, -0.1000000000000000056, 0.0000000000000000000 ) ) ;
#1171 = EDGE_CURVE ( 'NONE', #1840, #6405, #6359, .T. ) ;
#1172 = CARTESIAN_POINT ( 'NONE',  ( -0.6718040763311345920, 0.9000000000000000222, -0.1884813693525110301 ) ) ;
#1173 = CARTESIAN_POINT ( 'NONE',  ( 0.6580096532602542903, 0.6999999999999999556, 0.006483180057383631546 ) ) ;
#1174 = AXIS2_PLACEMENT_3D ( 'NONE', #1170, #4369, #10011 ) ;
#1175 = CARTESIAN_POINT ( 'NONE',  ( 0.9142376350144473252, 0.7000000000000000666, 0.03168865755623486574 ) ) ;
#1176 = CARTESIAN_POINT ( 'NONE',  ( -0.7282793445112604180, 0.6999999999999997335, 0.05519195565477232057 ) ) ;
#1177 = CARTESIAN_POINT ( 'NONE',  ( 0.5888544585666312114, 0.7000000000000001776, -0.2172497489325814490 ) ) ;
#1178 = CARTESIAN_POINT ( 'NONE',  ( 0.5999418771220332847, 0.8999999999999999112, 0.08973780313695602084 ) ) ;
#1179 = FACE_OUTER_BOUND ( 'NONE', #529, .T. ) ;
#1180 = DIRECTION ( 'NONE',  ( 1.000000000000000000, 0.0000000000000000000, 0.0000000000000000000 ) ) ;
#1181 = CARTESIAN_POINT ( 'NONE',  ( 0.6425882557813258344, 0.9000000000000002442, -0.1150618645473976548 ) ) ;
#1182 = ADVANCED_FACE ( 'NONE', ( #4028 ), #4903, .T. ) ;
#1183 = VECTOR ( 'NONE', #9673, 1000.000000000000000 ) ;
#1184 = ORIENTED_EDGE ( 'NONE', *, *, #598, .T. ) ;
#1185 = FACE_OUTER_BOUND ( 'NONE', #8426, .T. ) ;
#1186 = CARTESIAN_POINT ( 'NONE',  ( 0.0000000000000000000, -0.1000000000000000056, -1.149999999999996581 ) ) ;
#1187 = FACE_OUTER_BOUND ( 'NONE', #6375, .T. ) ;
#1188 = CARTESIAN_POINT ( 'NONE',  ( 0.5407027871732185131, 0.6999999999999998446, -0.008451402390986909735 ) ) ;
#1189 =( NAMED_UNIT ( * ) PLANE_ANGLE_UNIT ( ) SI_UNIT ( $, .RADIAN. ) );
#1190 = CARTESIAN_POINT ( 'NONE',  ( 0.5085333076339983993, 0.7000000000000002887, 0.03608327600374149763 ) ) ;
#1191 = STYLED_ITEM ( 'NONE', ( #9316 ), #7761 ) ;
#1192 = CARTESIAN_POINT ( 'NONE',  ( 0.5437542810751322397, 0.9000000000000001332, 0.02521840137787147162 ) ) ;
#1193 = CARTESIAN_POINT ( 'NONE',  ( 1.072269338387594084, 0.8999999999999995781, -0.1776290341069270973 ) ) ;
#1194 = ORIENTED_EDGE ( 'NONE', *, *, #5859, .T. ) ;
#1195 = ORIENTED_EDGE ( 'NONE', *, *, #6610, .T. ) ;
#1196 = DIRECTION ( 'NONE',  ( 1.000000000000000000, 0.0000000000000000000, 0.0000000000000000000 ) ) ;
#1197 = CARTESIAN_POINT ( 'NONE',  ( 0.7384316748862482793, 0.9000000000000003553, -0.1366515634528985834 ) ) ;
#1198 =( GEOMETRIC_REPRESENTATION_CONTEXT ( 3 ) GLOBAL_UNCERTAINTY_ASSIGNED_CONTEXT ( ( #3525 ) ) GLOBAL_UNIT_ASSIGNED_CONTEXT ( ( #9351, #3801, #2872 ) ) REPRESENTATION_CONTEXT ( 'NONE', 'WORKASPACE' ) );
#1199 = EDGE_CURVE ( 'NONE', #1244, #8712, #8067, .T. ) ;
#1200 = CARTESIAN_POINT ( 'NONE',  ( 0.8579534289743935283, 0.6999999999999999556, -0.1030944160399638460 ) ) ;
#1201 = FACE_OUTER_BOUND ( 'NONE', #9542, .T. ) ;
#1202 = CARTESIAN_POINT ( 'NONE',  ( -0.6482494009630682674, 0.9000000000000000222, -0.1068678419653128070 ) ) ;
#1203 = FACE_OUTER_BOUND ( 'NONE', #7669, .T. ) ;
#1204 = CARTESIAN_POINT ( 'NONE',  ( 0.7436615195207337825, 0.7000000000000000666, -0.1700630549731481644 ) ) ;
#1205 = CARTESIAN_POINT ( 'NONE',  ( 0.2300740748147273029, 0.6999999999999997335, -0.1769856953872979699 ) ) ;
#1206 = SURFACE_STYLE_USAGE ( .BOTH. , #10050 ) ;
#1207 = CARTESIAN_POINT ( 'NONE',  ( 1.107890949914124512, 0.8999999999999999112, -0.1226573156495233408 ) ) ;
#1208 = CARTESIAN_POINT ( 'NONE',  ( 0.1316436971444675252, 0.8999999999999996891, 0.03342736916559797822 ) ) ;
#1209 = ORIENTED_EDGE ( 'NONE', *, *, #4966, .T. ) ;
#1210 = LINE ( 'NONE', #2648, #2349 ) ;
#1211 = CARTESIAN_POINT ( 'NONE',  ( 0.1851616164981699508, 0.9000000000000001332, -0.09131191583142246604 ) ) ;
#1212 = DIRECTION ( 'NONE',  ( -1.000000000000000000, 0.0000000000000000000, 0.0000000000000000000 ) ) ;
#1213 = EDGE_CURVE ( 'NONE', #1631, #373, #5722, .T. ) ;
#1214 = COLOUR_RGB ( '',1.000000000000000000, 0.9607843137254902244, 0.4549019607843137192 ) ;
#1215 = DIRECTION ( 'NONE',  ( 0.0000000000000000000, 0.0000000000000000000, 1.000000000000000000 ) ) ;
#1216 = AXIS2_PLACEMENT_3D ( 'NONE', #1340, #1555, #5303 ) ;
#1217 = CARTESIAN_POINT ( 'NONE',  ( 0.4403876918760531445, 0.8999999999999999112, 0.07397216522413449513 ) ) ;
#1218 = CARTESIAN_POINT ( 'NONE',  ( -0.8033091670869664247, 0.7000000000000001776, -0.1864774582956748583 ) ) ;
#1219 = CARTESIAN_POINT ( 'NONE',  ( 0.1250000000000000000, 0.0000000000000000000, 0.6700000000000000400 ) ) ;
#1220 = ORIENTED_EDGE ( 'NONE', *, *, #2996, .T. ) ;
#1221 = MECHANICAL_DESIGN_GEOMETRIC_PRESENTATION_REPRESENTATION (  '', ( #4020 ), #2704 ) ;
#1222 = ORIENTED_EDGE ( 'NONE', *, *, #3069, .F. ) ;
#1223 = CARTESIAN_POINT ( 'NONE',  ( -0.5763195764016647571, 0.6999999999999999556, -0.1279204735442601715 ) ) ;
#1224 = VECTOR ( 'NONE', #1046, 1000.000000000000000 ) ;
#1225 = PRESENTATION_STYLE_ASSIGNMENT (( #1272 ) ) ;
#1226 =( NAMED_UNIT ( * ) PLANE_ANGLE_UNIT ( ) SI_UNIT ( $, .RADIAN. ) );
#1227 = LINE ( 'NONE', #4373, #4397 ) ;
#1228 = CARTESIAN_POINT ( 'NONE',  ( 0.9065775851548998343, 0.9000000000000003553, 0.04796074110148960262 ) ) ;
#1229 = CARTESIAN_POINT ( 'NONE',  ( -0.6986528581650234271, 0.6999999999999998446, 0.03267147131436344554 ) ) ;
#1230 = CARTESIAN_POINT ( 'NONE',  ( 0.5376275077193501950, 0.6999999999999998446, -0.1964123158144563952 ) ) ;
#1231 = CARTESIAN_POINT ( 'NONE',  ( 0.2920382406137632114, 0.9000000000000000222, 0.03224449500130015245 ) ) ;
#1232 = CARTESIAN_POINT ( 'NONE',  ( 0.5765387762895753943, 0.8999999999999999112, 0.08822479956790063582 ) ) ;
#1233 = CARTESIAN_POINT ( 'NONE',  ( -0.8392580568476514236, 0.9000000000000002442, -0.03642640320749505195 ) ) ;
#1234 = CARTESIAN_POINT ( 'NONE',  ( 0.6250000000000000000, -0.1000000000000000056, 0.6700000000000000400 ) ) ;
#1235 = VERTEX_POINT ( 'NONE', #929 ) ;
#1236 = CARTESIAN_POINT ( 'NONE',  ( 0.2882169030703533585, 0.7000000000000001776, -0.04148117273833584057 ) ) ;
#1237 = CARTESIAN_POINT ( 'NONE',  ( -1.399999999999999689, 0.0000000000000000000, 0.3750000000000000000 ) ) ;
#1238 = CARTESIAN_POINT ( 'NONE',  ( 1.148241827107107094, 0.6999999999999999556, -0.1226573156495233408 ) ) ;
#1239 = FACE_OUTER_BOUND ( 'NONE', #161, .T. ) ;
#1240 = CARTESIAN_POINT ( 'NONE',  ( 0.6203373216024066217, 0.6999999999999998446, -0.09493943077805883091 ) ) ;
#1241 = EDGE_CURVE ( 'NONE', #4525, #4653, #8113, .T. ) ;
#1242 = CARTESIAN_POINT ( 'NONE',  ( 0.2860166613052498308, 0.6999999999999997335, 0.007787528307629958992 ) ) ;
#1243 = ORIENTED_EDGE ( 'NONE', *, *, #8651, .T. ) ;
#1244 = VERTEX_POINT ( 'NONE', #5528 ) ;
#1245 = SURFACE_SIDE_STYLE ('',( #8588 ) ) ;
#1246 = CARTESIAN_POINT ( 'NONE',  ( 0.8461847628556948830, 0.8999999999999999112, -0.2155448196487803614 ) ) ;
#1247 = VECTOR ( 'NONE', #5399, 1000.000000000000000 ) ;
#1248 = FACE_OUTER_BOUND ( 'NONE', #2765, .T. ) ;
#1249 = CARTESIAN_POINT ( 'NONE',  ( 1.134531557979950867, 0.6999999999999998446, -0.1759974010566235370 ) ) ;
#1250 = DIRECTION ( 'NONE',  ( 0.9811944564911180278, 0.0000000000000000000, -0.1930218602933347349 ) ) ;
#1251 = CARTESIAN_POINT ( 'NONE',  ( 0.2288021206528247087, 0.7000000000000000666, -0.1004781246870458944 ) ) ;
#1252 = PRESENTATION_LAYER_ASSIGNMENT (  '', '', ( #4053 ) ) ;
#1253 = EDGE_CURVE ( 'NONE', #6429, #9736, #9667, .T. ) ;
#1254 = CARTESIAN_POINT ( 'NONE',  ( 0.0000000000000000000, 0.0000000000000000000, -0.1250000000000001665 ) ) ;
#1255 = ORIENTED_EDGE ( 'NONE', *, *, #8711, .F. ) ;
#1256 = CARTESIAN_POINT ( 'NONE',  ( -0.7934061127298297489, 0.8999999999999998002, -0.004352027052458925724 ) ) ;
#1257 = PRESENTATION_LAYER_ASSIGNMENT (  '', '', ( #64 ) ) ;
#1258 = ADVANCED_FACE ( 'NONE', ( #8746 ), #984, .F. ) ;
#1259 = CARTESIAN_POINT ( 'NONE',  ( -0.7192869078816735984, 0.9000000000000004663, -0.1814573529095354631 ) ) ;
#1260 = CARTESIAN_POINT ( 'NONE',  ( -0.7328231410485460673, 0.7000000000000000666, -0.2173096300152482507 ) ) ;
#1261 = CARTESIAN_POINT ( 'NONE',  ( 0.1475900245574190139, 0.6999999999999999556, -0.2193776831618438339 ) ) ;
#1262 = CARTESIAN_POINT ( 'NONE',  ( 0.3894287103645609482, 0.9000000000000002442, 0.08969775790305527241 ) ) ;
#1263 = CARTESIAN_POINT ( 'NONE',  ( 0.5576810130642838592, 0.9000000000000002442, -0.1079953606916306125 ) ) ;
#1264 = DIRECTION ( 'NONE',  ( -0.0000000000000000000, 1.000000000000000000, -0.0000000000000000000 ) ) ;
#1265 = DIRECTION ( 'NONE',  ( -1.000000000000000000, 0.0000000000000000000, 0.0000000000000000000 ) ) ;
#1266 = EDGE_LOOP ( 'NONE', ( #3781, #4470, #9214, #611 ) ) ;
#1267 = ORIENTED_EDGE ( 'NONE', *, *, #2271, .F. ) ;
#1268 = PRESENTATION_STYLE_ASSIGNMENT (( #3791 ) ) ;
#1269 = VECTOR ( 'NONE', #9954, 1000.000000000000000 ) ;
#1270 = ORIENTED_EDGE ( 'NONE', *, *, #1784, .T. ) ;
#1271 = ORIENTED_EDGE ( 'NONE', *, *, #6779, .T. ) ;
#1272 = SURFACE_STYLE_USAGE ( .BOTH. , #9138 ) ;
#1273 = CARTESIAN_POINT ( 'NONE',  ( -0.6482494009630682674, 0.9000000000000000222, -0.1068678419653128070 ) ) ;
#1274 = UNCERTAINTY_MEASURE_WITH_UNIT (LENGTH_MEASURE( 1.000000000000000082E-05 ), #446, 'distance_accuracy_value', 'NONE');
#1275 = CARTESIAN_POINT ( 'NONE',  ( 1.075830014573646576, 0.6999999999999996225, -0.03284702881822879755 ) ) ;
#1276 = CARTESIAN_POINT ( 'NONE',  ( 0.5138287442134685801, 0.8999999999999999112, -0.1458124477128922292 ) ) ;
#1277 = CARTESIAN_POINT ( 'NONE',  ( 0.3980698751965556226, 0.9000000000000000222, 0.08903034335481008199 ) ) ;
#1278 = EDGE_LOOP ( 'NONE', ( #687, #910, #1331, #6160 ) ) ;
#1279 = CARTESIAN_POINT ( 'NONE',  ( -1.399999999999999689, -0.1000000000000000056, -0.3750000000000000000 ) ) ;
#1280 = CARTESIAN_POINT ( 'NONE',  ( -1.399999999999999689, -0.1000000000000000056, 0.3750000000000000000 ) ) ;
#1281 = VECTOR ( 'NONE', #4248, 1000.000000000000000 ) ;
#1282 = ORIENTED_EDGE ( 'NONE', *, *, #7160, .F. ) ;
#1283 = FILL_AREA_STYLE ('',( #5206 ) ) ;
#1284 = DIRECTION ( 'NONE',  ( -1.000000000000000000, 0.0000000000000000000, 0.0000000000000000000 ) ) ;
#1285 = CARTESIAN_POINT ( 'NONE',  ( 0.6532101598777617646, 0.7000000000000001776, -0.06865698566720361551 ) ) ;
#1286 =( NAMED_UNIT ( * ) SI_UNIT ( $, .STERADIAN. ) SOLID_ANGLE_UNIT ( ) );
#1287 = CARTESIAN_POINT ( 'NONE',  ( -0.7236749815463526803, 0.7000000000000001776, 0.05376464688469138886 ) ) ;
#1288 = VECTOR ( 'NONE', #7976, 1000.000000000000000 ) ;
#1289 = CARTESIAN_POINT ( 'NONE',  ( 0.5112796291258482340, 0.6999999999999995115, 0.04420882317578790632 ) ) ;
#1290 =( NAMED_UNIT ( * ) SI_UNIT ( $, .STERADIAN. ) SOLID_ANGLE_UNIT ( ) );
#1291 = CARTESIAN_POINT ( 'NONE',  ( 0.3218975355758117995, 0.7000000000000002887, 0.07273216131514148586 ) ) ;
#1292 = ORIENTED_EDGE ( 'NONE', *, *, #3588, .T. ) ;
#1293 = ORIENTED_EDGE ( 'NONE', *, *, #163, .T. ) ;
#1294 = VECTOR ( 'NONE', #6247, 1000.000000000000000 ) ;
#1295 = CARTESIAN_POINT ( 'NONE',  ( 0.8608515144147662612, 0.6999999999999999556, -0.2116679104145388901 ) ) ;
#1296 = CARTESIAN_POINT ( 'NONE',  ( -0.6915668938505157293, 0.8999999999999996891, -0.1474260254462588793 ) ) ;
#1297 =( NAMED_UNIT ( * ) PLANE_ANGLE_UNIT ( ) SI_UNIT ( $, .RADIAN. ) );
#1298 = CARTESIAN_POINT ( 'NONE',  ( -0.6481862572434217151, 0.9000000000000001332, -0.1111358016984619612 ) ) ;
#1299 = CARTESIAN_POINT ( 'NONE',  ( 0.4306979674579842210, 0.6999999999999999556, -0.2173941577547864601 ) ) ;
#1300 = CARTESIAN_POINT ( 'NONE',  ( 0.9083628815628277398, 0.6999999999999998446, -0.1308698035821563299 ) ) ;
#1301 = CARTESIAN_POINT ( 'NONE',  ( 0.1763386995959458914, 0.6999999999999998446, -0.2183662028914507836 ) ) ;
#1302 = AXIS2_PLACEMENT_3D ( 'NONE', #10081, #9151, #8468 ) ;
#1303 = CARTESIAN_POINT ( 'NONE',  ( 0.7394988312979093870, 0.8999999999999996891, 0.05179795047569909355 ) ) ;
#1304 = CARTESIAN_POINT ( 'NONE',  ( 0.09472925726633370236, 0.7000000000000001776, 0.02420067479620540557 ) ) ;
#1305 = ORIENTED_EDGE ( 'NONE', *, *, #7149, .T. ) ;
#1306 = CARTESIAN_POINT ( 'NONE',  ( -0.7882687094678405559, 0.9000000000000001332, 0.01554838020102773666 ) ) ;
#1307 = EDGE_CURVE ( 'NONE', #436, #3097, #7696, .T. ) ;
#1308 = CARTESIAN_POINT ( 'NONE',  ( 0.7660680666655529381, 0.6999999999999999556, -0.01342908326495968578 ) ) ;
#1309 = DIRECTION ( 'NONE',  ( 0.0000000000000000000, 0.0000000000000000000, 1.000000000000000000 ) ) ;
#1310 = CARTESIAN_POINT ( 'NONE',  ( 0.1612900414162520835, 0.7000000000000001776, -0.2199072207398642675 ) ) ;
#1311 = CARTESIAN_POINT ( 'NONE',  ( 0.4628611435016491971, 0.6999999999999998446, 0.05019291657127546852 ) ) ;
#1312 = CARTESIAN_POINT ( 'NONE',  ( 0.1507250037417900979, 0.7000000000000001776, -0.1860473035785043527 ) ) ;
#1313 = CARTESIAN_POINT ( 'NONE',  ( 0.5572274159774927016, 0.7000000000000001776, -0.03972691110536051562 ) ) ;
#1314 =( NAMED_UNIT ( * ) SI_UNIT ( $, .STERADIAN. ) SOLID_ANGLE_UNIT ( ) );
#1315 = ORIENTED_EDGE ( 'NONE', *, *, #2628, .F. ) ;
#1316 = ORIENTED_EDGE ( 'NONE', *, *, #1683, .F. ) ;
#1317 =( NAMED_UNIT ( * ) SI_UNIT ( $, .STERADIAN. ) SOLID_ANGLE_UNIT ( ) );
#1318 = ORIENTED_EDGE ( 'NONE', *, *, #7223, .T. ) ;
#1319 = FILL_AREA_STYLE_COLOUR ( '', #9648 ) ;
#1320 = ORIENTED_EDGE ( 'NONE', *, *, #9242, .T. ) ;
#1321 = ORIENTED_EDGE ( 'NONE', *, *, #2299, .F. ) ;
#1322 = CARTESIAN_POINT ( 'NONE',  ( 0.7912112135789175493, 0.6999999999999998446, 0.05085808285939458911 ) ) ;
#1323 = APPLICATION_PROTOCOL_DEFINITION ( 'draft international standard', 'automotive_design', 1998, #4532 ) ;
#1324 = LINE ( 'NONE', #3799, #2078 ) ;
#1325 = CARTESIAN_POINT ( 'NONE',  ( 1.123776275760349330, 0.8999999999999998002, -0.05589628326794654489 ) ) ;
#1326 = CARTESIAN_POINT ( 'NONE',  ( 0.7638416448643570167, 0.9000000000000002442, 0.07591974514482906222 ) ) ;
#1327 = CARTESIAN_POINT ( 'NONE',  ( 0.5805626221271245058, 0.8999999999999995781, -0.2163921072683878677 ) ) ;
#1328 = CARTESIAN_POINT ( 'NONE',  ( 0.4472773632424942858, 0.9000000000000000222, 0.06812769845276721303 ) ) ;
#1329 = CARTESIAN_POINT ( 'NONE',  ( -0.7857488084596150335, 0.9000000000000000222, 0.07641800433812752369 ) ) ;
#1330 = CARTESIAN_POINT ( 'NONE',  ( 0.8838741837359219700, 0.6999999999999999556, -0.06571319511617655651 ) ) ;
#1331 = ORIENTED_EDGE ( 'NONE', *, *, #7173, .T. ) ;
#1332 = CARTESIAN_POINT ( 'NONE',  ( 0.2946070652426597825, 0.9000000000000000222, -0.06143108319164181097 ) ) ;
#1333 = VECTOR ( 'NONE', #5805, 1000.000000000000000 ) ;
#1334 = EDGE_CURVE ( 'NONE', #1537, #908, #6550, .T. ) ;
#1335 = SURFACE_SIDE_STYLE ('',( #2881 ) ) ;
#1336 = CARTESIAN_POINT ( 'NONE',  ( -0.8099340036645221730, 0.6999999999999999556, 0.05546391663034374447 ) ) ;
#1337 = PRESENTATION_STYLE_ASSIGNMENT (( #6086 ) ) ;
#1338 = CARTESIAN_POINT ( 'NONE',  ( 0.6649052857953990925, 0.9000000000000001332, -0.06252780171503076467 ) ) ;
#1339 = CARTESIAN_POINT ( 'NONE',  ( 0.07281094462635705200, 0.9000000000000001332, -0.1750012563459351078 ) ) ;
#1340 = CARTESIAN_POINT ( 'NONE',  ( 0.3903470902650017504, 0.6999999999999999556, -0.2173941577547864601 ) ) ;
#1341 = SURFACE_STYLE_FILL_AREA ( #8476 ) ;
#1342 = CARTESIAN_POINT ( 'NONE',  ( 0.3345579279216298052, 0.7000000000000002887, 0.08003242219445083627 ) ) ;
#1343 = VERTEX_POINT ( 'NONE', #8302 ) ;
#1344 = VECTOR ( 'NONE', #6107, 1000.000000000000000 ) ;
#1345 = ORIENTED_EDGE ( 'NONE', *, *, #3204, .F. ) ;
#1346 = PLANE ( 'NONE',  #9654 ) ;
#1347 = CARTESIAN_POINT ( 'NONE',  ( -0.7059068930198486580, 0.9000000000000000222, -0.1732674969671386400 ) ) ;
#1348 = STYLED_ITEM ( 'NONE', ( #2632 ), #7916 ) ;
#1349 = DIRECTION ( 'NONE',  ( -1.000000000000000000, -3.542693767621044349E-13, 0.0000000000000000000 ) ) ;
#1350 = CARTESIAN_POINT ( 'NONE',  ( 0.5494601110111786424, 0.7000000000000001776, 0.03728399068047648368 ) ) ;
#1351 = CARTESIAN_POINT ( 'NONE',  ( 1.134531557979950867, 0.8999999999999999112, -0.1759974010566235370 ) ) ;
#1352 = CARTESIAN_POINT ( 'NONE',  ( 0.7750377806821813209, 0.8999999999999995781, -0.2067788082763747093 ) ) ;
#1353 = CARTESIAN_POINT ( 'NONE',  ( 0.8608515144147662612, 0.7000000000000000666, -0.2116679104145388901 ) ) ;
#1354 = CARTESIAN_POINT ( 'NONE',  ( 0.1692035781474996448, 0.7000000000000001776, -0.06622697596792595509 ) ) ;
#1355 = VECTOR ( 'NONE', #8708, 1000.000000000000000 ) ;
#1356 = CARTESIAN_POINT ( 'NONE',  ( 0.0000000000000000000, -0.1000000000000000056, 0.1250000000000001665 ) ) ;
#1357 = CARTESIAN_POINT ( 'NONE',  ( 0.1890497865628411600, 0.8999999999999998002, -0.09835380394852781538 ) ) ;
#1358 = CARTESIAN_POINT ( 'NONE',  ( 0.7713449940857859399, 0.7000000000000000666, -0.02701382103186776573 ) ) ;
#1359 = DIRECTION ( 'NONE',  ( 0.0000000000000000000, 1.000000000000000000, -0.0000000000000000000 ) ) ;
#1360 = CARTESIAN_POINT ( 'NONE',  ( 0.2987174825717079929, 0.8999999999999999112, 0.04721484865590540314 ) ) ;
#1361 = CARTESIAN_POINT ( 'NONE',  ( 0.1596909902372917189, 0.6999999999999997335, -0.1861981861161744745 ) ) ;
#1362 = CARTESIAN_POINT ( 'NONE',  ( 0.7715800471502924918, 0.8999999999999998002, -0.1314927984018289253 ) ) ;
#1363 = CARTESIAN_POINT ( 'NONE',  ( 0.6589647239908764664, 0.7000000000000001776, -0.1990456219702590734 ) ) ;
#1364 = CARTESIAN_POINT ( 'NONE',  ( 0.4427980719902633866, 0.9000000000000002442, -0.02428829187586244512 ) ) ;
#1365 = VECTOR ( 'NONE', #5817, 1000.000000000000000 ) ;
#1366 = EDGE_CURVE ( 'NONE', #4955, #5687, #5045, .T. ) ;
#1367 = ORIENTED_EDGE ( 'NONE', *, *, #6706, .T. ) ;
#1368 = EDGE_LOOP ( 'NONE', ( #9398, #2563, #5256, #5350 ) ) ;
#1369 = FACE_BOUND ( 'NONE', #1029, .T. ) ;
#1370 = AXIS2_PLACEMENT_3D ( 'NONE', #5779, #1962, #7443 ) ;
#1371 = AXIS2_PLACEMENT_3D ( 'NONE', #7071, #6168, #2252 ) ;
#1372 = CARTESIAN_POINT ( 'NONE',  ( 0.8771460551714559406, 0.8999999999999999112, 0.02670807625952663356 ) ) ;
#1373 = CARTESIAN_POINT ( 'NONE',  ( 0.3184172657035982956, 0.9000000000000000222, -0.1051134560004005486 ) ) ;
#1374 = UNCERTAINTY_MEASURE_WITH_UNIT (LENGTH_MEASURE( 1.000000000000000082E-05 ), #9197, 'distance_accuracy_value', 'NONE');
#1375 = CARTESIAN_POINT ( 'NONE',  ( 1.144981346968267699, 0.7000000000000000666, -0.09363042176086122659 ) ) ;
#1376 = CARTESIAN_POINT ( 'NONE',  ( 0.7394988312979093870, 0.8999999999999998002, 0.05179795047569909355 ) ) ;
#1377 = CARTESIAN_POINT ( 'NONE',  ( 0.6362901109059937443, 0.8999999999999998002, -0.2116679104145387513 ) ) ;
#1378 = CARTESIAN_POINT ( 'NONE',  ( 0.5990297557975292619, 0.6999999999999999556, -0.1861417119858499170 ) ) ;
#1379 = AXIS2_PLACEMENT_3D ( 'NONE', #8540, #1405, #3051 ) ;
#1380 = ADVANCED_FACE ( 'NONE', ( #3540 ), #7259, .T. ) ;
#1381 = CARTESIAN_POINT ( 'NONE',  ( 0.06614647186037914128, 0.6999999999999996225, 0.06449637198131932814 ) ) ;
#1382 = CARTESIAN_POINT ( 'NONE',  ( 0.8509003046451260044, 0.9000000000000001332, -0.04865509161013197026 ) ) ;
#1383 = ORIENTED_EDGE ( 'NONE', *, *, #9838, .F. ) ;
#1384 = CARTESIAN_POINT ( 'NONE',  ( 0.5217285166806163721, 0.8999999999999999112, -0.1022908942736979604 ) ) ;
#1385 = VECTOR ( 'NONE', #5209, 1000.000000000000000 ) ;
#1386 = CARTESIAN_POINT ( 'NONE',  ( 0.8341686268108265967, 0.6999999999999997335, -0.09193149816508758287 ) ) ;
#1387 = UNCERTAINTY_MEASURE_WITH_UNIT (LENGTH_MEASURE( 1.000000000000000082E-05 ), #8659, 'distance_accuracy_value', 'NONE');
#1388 = ADVANCED_FACE ( 'NONE', ( #8462, #8512, #6131 ), #8048, .T. ) ;
#1389 = CARTESIAN_POINT ( 'NONE',  ( 0.6940729884800482807, 0.6999999999999997335, -0.001671787047768864918 ) ) ;
#1390 = CARTESIAN_POINT ( 'NONE',  ( 0.1234618661766542225, 0.7000000000000000666, -0.2156198609445330872 ) ) ;
#1391 = CARTESIAN_POINT ( 'NONE',  ( -0.6927841045093758865, 0.6999999999999998446, 0.01901329247266213968 ) ) ;
#1392 = PLANE ( 'NONE',  #450 ) ;
#1393 = CARTESIAN_POINT ( 'NONE',  ( 1.117377038878767381, 0.7000000000000002887, -0.05005252657999914589 ) ) ;
#1394 = CARTESIAN_POINT ( 'NONE',  ( 1.083184008332271020, 0.8999999999999996891, -0.1738019679108567805 ) ) ;
#1395 = MECHANICAL_DESIGN_GEOMETRIC_PRESENTATION_REPRESENTATION (  '', ( #9698 ), #9545 ) ;
#1396 = ADVANCED_FACE ( 'NONE', ( #7998 ), #8818, .T. ) ;
#1397 = EDGE_LOOP ( 'NONE', ( #3313, #4404, #6460, #5420 ) ) ;
#1398 = ORIENTED_EDGE ( 'NONE', *, *, #8976, .T. ) ;
#1399 =( LENGTH_UNIT ( ) NAMED_UNIT ( * ) SI_UNIT ( .MILLI., .METRE. ) );
#1400 =( LENGTH_UNIT ( ) NAMED_UNIT ( * ) SI_UNIT ( .MILLI., .METRE. ) );
#1401 = CARTESIAN_POINT ( 'NONE',  ( -0.1250000000000000000, -0.1000000000000000056, 0.0000000000000000000 ) ) ;
#1402 = CARTESIAN_POINT ( 'NONE',  ( -1.500000000000000000, 0.9000000000000000222, 2.602085213965210642E-16 ) ) ;
#1403 = CARTESIAN_POINT ( 'NONE',  ( 0.6465905686469072267, 0.6999999999999995115, 0.03704231484631612115 ) ) ;
#1404 = CARTESIAN_POINT ( 'NONE',  ( 0.7493277627370145133, 0.9000000000000001332, -0.05692393037834896780 ) ) ;
#1405 = DIRECTION ( 'NONE',  ( 1.000000000000000000, 0.0000000000000000000, 0.0000000000000000000 ) ) ;
#1406 = LINE ( 'NONE', #6001, #10169 ) ;
#1407 = CARTESIAN_POINT ( 'NONE',  ( 0.8818903320376834110, 0.6999999999999998446, 0.01137137752976529088 ) ) ;
#1408 = EDGE_CURVE ( 'NONE', #7590, #6756, #9552, .T. ) ;
#1409 = CARTESIAN_POINT ( 'NONE',  ( 0.1076668906576922075, 0.7000000000000000666, 0.01072368743081188180 ) ) ;
#1410 = SURFACE_SIDE_STYLE ('',( #5325 ) ) ;
#1411 = CARTESIAN_POINT ( 'NONE',  ( 0.6183231120615885201, 0.6999999999999998446, 0.05337681071196361676 ) ) ;
#1412 = LINE ( 'NONE', #574, #5513 ) ;
#1413 = LINE ( 'NONE', #2199, #5372 ) ;
#1414 = VECTOR ( 'NONE', #969, 1000.000000000000000 ) ;
#1415 = CARTESIAN_POINT ( 'NONE',  ( 0.1980339170991352316, 0.9000000000000000222, -0.2103893913601237176 ) ) ;
#1416 = FACE_OUTER_BOUND ( 'NONE', #1266, .T. ) ;
#1417 = CARTESIAN_POINT ( 'NONE',  ( -0.6743350051625934816, 0.8999999999999999112, 0.06159971658794875793 ) ) ;
#1418 = CARTESIAN_POINT ( 'NONE',  ( 0.8693869707386325807, 0.9000000000000000222, -0.1195195008968644723 ) ) ;
#1419 = FACE_OUTER_BOUND ( 'NONE', #4933, .T. ) ;
#1420 = CARTESIAN_POINT ( 'NONE',  ( 0.9249999999999998224, -0.1000000000000000056, 0.6250000000000001110 ) ) ;
#1421 = EDGE_LOOP ( 'NONE', ( #7260, #9306, #6512, #7808 ) ) ;
#1422 = DIRECTION ( 'NONE',  ( 0.0000000000000000000, 0.0000000000000000000, -1.000000000000000000 ) ) ;
#1423 = EDGE_LOOP ( 'NONE', ( #8919, #4086, #3169, #4356 ) ) ;
#1424 = VECTOR ( 'NONE', #1594, 1000.000000000000000 ) ;
#1425 = EDGE_CURVE ( 'NONE', #5137, #10305, #8449, .T. ) ;
#1426 = CARTESIAN_POINT ( 'NONE',  ( 0.8740322789681607141, 0.9000000000000003553, 0.03284460783609340073 ) ) ;
#1427 = CARTESIAN_POINT ( 'NONE',  ( 0.2946070652426597825, 0.9000000000000000222, -0.06143108319164181097 ) ) ;
#1428 = CARTESIAN_POINT ( 'NONE',  ( 1.148039551635142486, 0.8999999999999998002, -0.1125532004072401088 ) ) ;
#1429 = CARTESIAN_POINT ( 'NONE',  ( 0.7290648178245073829, 0.9000000000000004663, 0.008483538044721459712 ) ) ;
#1430 = AXIS2_PLACEMENT_3D ( 'NONE', #3758, #6942, #3869 ) ;
#1431 = CARTESIAN_POINT ( 'NONE',  ( 0.6726374818835633151, 0.9000000000000002442, -0.1852002767618871892 ) ) ;
#1432 = FILL_AREA_STYLE_COLOUR ( '', #7604 ) ;
#1433 = FILL_AREA_STYLE ('',( #5406 ) ) ;
#1434 = ORIENTED_EDGE ( 'NONE', *, *, #10031, .F. ) ;
#1435 = CARTESIAN_POINT ( 'NONE',  ( 0.08873318276554886808, 0.7000000000000001776, 0.02982950868210624759 ) ) ;
#1436 = CARTESIAN_POINT ( 'NONE',  ( 0.9028882434706166915, 0.7000000000000000666, -0.05089900489000312445 ) ) ;
#1437 = ORIENTED_EDGE ( 'NONE', *, *, #2234, .F. ) ;
#1438 = STYLED_ITEM ( 'NONE', ( #9485 ), #4169 ) ;
#1439 = PRESENTATION_LAYER_ASSIGNMENT (  '', '', ( #8423 ) ) ;
#1440 = LINE ( 'NONE', #5459, #5838 ) ;
#1441 = CARTESIAN_POINT ( 'NONE',  ( 0.0000000000000000000, 0.0000000000000000000, -0.6700000000000000400 ) ) ;
#1442 =( NAMED_UNIT ( * ) SI_UNIT ( $, .STERADIAN. ) SOLID_ANGLE_UNIT ( ) );
#1444 = EDGE_CURVE ( 'NONE', #135, #5599, #9153, .T. ) ;
#1443 = CARTESIAN_POINT ( 'NONE',  ( 0.6935020534362948963, 0.8999999999999999112, 0.01047452221563137734 ) ) ;
#1445 = FILL_AREA_STYLE_COLOUR ( '', #5959 ) ;
#1446 =( NAMED_UNIT ( * ) PLANE_ANGLE_UNIT ( ) SI_UNIT ( $, .RADIAN. ) );
#1447 = CARTESIAN_POINT ( 'NONE',  ( 0.6448255672298607299, 0.6999999999999997335, -0.1195195008968644584 ) ) ;
#1448 = DIRECTION ( 'NONE',  ( 0.0000000000000000000, 0.0000000000000000000, 1.000000000000000000 ) ) ;
#1449 = ORIENTED_EDGE ( 'NONE', *, *, #7047, .F. ) ;
#1450 = ADVANCED_FACE ( 'NONE', ( #1185 ), #187, .T. ) ;
#1451 = EDGE_LOOP ( 'NONE', ( #9135, #7758 ) ) ;
#1452 = EDGE_LOOP ( 'NONE', ( #847, #7619, #5607, #7755 ) ) ;
#1453 = SURFACE_STYLE_USAGE ( .BOTH. , #1245 ) ;
#1454 = PRESENTATION_LAYER_ASSIGNMENT (  '', '', ( #7949 ) ) ;
#1455 = CARTESIAN_POINT ( 'NONE',  ( -0.4640388746472788317, 0.6999999999999999556, -0.1279204735442601715 ) ) ;
#1456 = DIRECTION ( 'NONE',  ( 1.000000000000000000, -0.0000000000000000000, 0.0000000000000000000 ) ) ;
#1457 = CARTESIAN_POINT ( 'NONE',  ( 0.5437542810751322397, 0.7000000000000000666, 0.02521840137787147162 ) ) ;
#1458 = CARTESIAN_POINT ( 'NONE',  ( 0.06849599824065577547, 0.8999999999999999112, -0.1672670979920981293 ) ) ;
#1459 = CARTESIAN_POINT ( 'NONE',  ( 0.0000000000000000000, 0.0000000000000000000, 1.149999999999996581 ) ) ;
#1460 = CARTESIAN_POINT ( 'NONE',  ( 0.8740322789681607141, 0.7000000000000002887, 0.03284460783609340073 ) ) ;
#1461 = CARTESIAN_POINT ( 'NONE',  ( 0.8363801892612298117, 0.9000000000000001332, 0.08940876473621592324 ) ) ;
#1462 = CARTESIAN_POINT ( 'NONE',  ( 0.5521997488422477618, 0.6999999999999996225, -0.1642108857805324451 ) ) ;
#1463 = AXIS2_PLACEMENT_3D ( 'NONE', #3150, #715, #7753 ) ;
#1464 = CARTESIAN_POINT ( 'NONE',  ( 0.1299046474553570696, 0.6999999999999999556, -0.01512138450780956510 ) ) ;
#1465 = CARTESIAN_POINT ( 'NONE',  ( 0.6353187335116521339, 0.7000000000000001776, 0.04698288242961545097 ) ) ;
#1467 = EDGE_CURVE ( 'NONE', #8452, #6148, #493, .T. ) ;
#1466 = DIRECTION ( 'NONE',  ( -1.000000000000000000, 0.0000000000000000000, -0.0000000000000000000 ) ) ;
#1468 = CARTESIAN_POINT ( 'NONE',  ( 0.3851128552313359266, 0.9000000000000001332, -0.07777819990867937405 ) ) ;
#1469 = VECTOR ( 'NONE', #1212, 1000.000000000000000 ) ;
#1470 = CARTESIAN_POINT ( 'NONE',  ( 0.1835321423746523184, 0.7000000000000000666, -0.2165816722341075973 ) ) ;
#1471 = FILL_AREA_STYLE ('',( #8602 ) ) ;
#1472 = CARTESIAN_POINT ( 'NONE',  ( 0.5973646592230803520, 0.8999999999999999112, -0.09098620907987550743 ) ) ;
#1473 = CARTESIAN_POINT ( 'NONE',  ( 0.8724517024274250909, 0.9000000000000000222, -0.1289907461749949247 ) ) ;
#1474 = CARTESIAN_POINT ( 'NONE',  ( 0.0000000000000000000, -0.1000000000000000056, 0.9760643809100244539 ) ) ;
#1475 = CARTESIAN_POINT ( 'NONE',  ( -0.007898523770085786114, 0.6999999999999999556, -0.01213099986004967552 ) ) ;
#1476 = ORIENTED_EDGE ( 'NONE', *, *, #6907, .T. ) ;
#1477 = ORIENTED_EDGE ( 'NONE', *, *, #6124, .F. ) ;
#1478 = DIRECTION ( 'NONE',  ( -0.0000000000000000000, 1.000000000000000000, -0.0000000000000000000 ) ) ;
#1479 =( LENGTH_UNIT ( ) NAMED_UNIT ( * ) SI_UNIT ( .MILLI., .METRE. ) );
#1480 = PRESENTATION_LAYER_ASSIGNMENT (  '', '', ( #125 ) ) ;
#1481 = ORIENTED_EDGE ( 'NONE', *, *, #2132, .F. ) ;
#1482 = CARTESIAN_POINT ( 'NONE',  ( 1.146817213773536626, 0.6999999999999999556, -0.1028212687259633801 ) ) ;
#1483 = CARTESIAN_POINT ( 'NONE',  ( 0.7563961149485558533, 0.6999999999999999556, 0.07105688290369358007 ) ) ;
#1484 = CARTESIAN_POINT ( 'NONE',  ( 0.6333005242870788365, 0.6999999999999999556, -0.1771235173331212609 ) ) ;
#1485 = SURFACE_SIDE_STYLE ('',( #6935 ) ) ;
#1486 = CARTESIAN_POINT ( 'NONE',  ( 0.07852204149342505157, 0.6999999999999999556, 0.04071688199800327368 ) ) ;
#1487 = CARTESIAN_POINT ( 'NONE',  ( 1.399999999999999689, -0.1000000000000000056, 0.6250000000000001110 ) ) ;
#1488 = EDGE_LOOP ( 'NONE', ( #7485, #259, #7082, #8403 ) ) ;
#1489 = DIRECTION ( 'NONE',  ( 1.141265444721583757E-16, 0.0000000000000000000, -1.000000000000000000 ) ) ;
#1490 = CARTESIAN_POINT ( 'NONE',  ( -0.6482494009630682674, 0.6999999999999999556, -0.1068678419653128070 ) ) ;
#1491 = UNCERTAINTY_MEASURE_WITH_UNIT (LENGTH_MEASURE( 1.000000000000000082E-05 ), #7937, 'distance_accuracy_value', 'NONE');
#1492 = CARTESIAN_POINT ( 'NONE',  ( 0.5045034143157355322, 0.9000000000000003553, 0.008483538044721457977 ) ) ;
#1493 = PLANE ( 'NONE',  #7358 ) ;
#1494 = CARTESIAN_POINT ( 'NONE',  ( -0.7910825917853512301, 0.6999999999999998446, -0.1275336613611066372 ) ) ;
#1495 = LINE ( 'NONE', #7966, #5976 ) ;
#1496 = EDGE_CURVE ( 'NONE', #6536, #5727, #8312, .T. ) ;
#1497 = ORIENTED_EDGE ( 'NONE', *, *, #8190, .T. ) ;
#1498 = EDGE_CURVE ( 'NONE', #5137, #3647, #3551, .T. ) ;
#1499 = EDGE_LOOP ( 'NONE', ( #2539, #7786, #3361, #9296, #5965, #1529, #2660 ) ) ;
#1500 = VECTOR ( 'NONE', #8810, 1000.000000000000000 ) ;
#1501 = EDGE_LOOP ( 'NONE', ( #2480, #8667, #3455, #3397 ) ) ;
#1502 = CARTESIAN_POINT ( 'NONE',  ( 0.3381678223984406206, 0.8999999999999998002, 0.03828687453563792142 ) ) ;
#1503 = FILL_AREA_STYLE_COLOUR ( '', #6400 ) ;
#1504 = SURFACE_STYLE_USAGE ( .BOTH. , #508 ) ;
#1505 = CARTESIAN_POINT ( 'NONE',  ( -0.7910746132380099827, 0.9000000000000001332, 0.006181411362502467650 ) ) ;
#1506 = PLANE ( 'NONE',  #8858 ) ;
#1507 = CARTESIAN_POINT ( 'NONE',  ( 0.09846266187812786896, 0.9000000000000000222, -0.2033739298736961520 ) ) ;
#1508 = CARTESIAN_POINT ( 'NONE',  ( 0.8385018480080650427, 0.9000000000000002442, -0.2166492977353447202 ) ) ;
#1509 = LINE ( 'NONE', #10198, #624 ) ;
#1510 = SURFACE_SIDE_STYLE ('',( #7253 ) ) ;
#1511 = VECTOR ( 'NONE', #8186, 1000.000000000000000 ) ;
#1512 = DIRECTION ( 'NONE',  ( 0.0000000000000000000, 0.0000000000000000000, -1.000000000000000000 ) ) ;
#1513 = CARTESIAN_POINT ( 'NONE',  ( 0.2993934760211287571, 0.7000000000000002887, -0.07098289917295871887 ) ) ;
#1514 = CARTESIAN_POINT ( 'NONE',  ( 0.5911301235736609039, 0.9000000000000002442, -0.09125568563725121318 ) ) ;
#1515 = EDGE_LOOP ( 'NONE', ( #9096, #2851, #9419, #2258 ) ) ;
#1516 = ADVANCED_FACE ( 'NONE', ( #2777 ), #5154, .T. ) ;
#1517 = LINE ( 'NONE', #8169, #1679 ) ;
#1518 = CARTESIAN_POINT ( 'NONE',  ( -0.7377230851735945283, 0.6999999999999999556, 0.05629005277152926423 ) ) ;
#1519 = PRESENTATION_LAYER_ASSIGNMENT (  '', '', ( #4972 ) ) ;
#1520 = LINE ( 'NONE', #736, #6854 ) ;
#1521 = CARTESIAN_POINT ( 'NONE',  ( 0.4155177994651816920, 0.6999999999999998446, -0.06982523802092543974 ) ) ;
#1522 = CARTESIAN_POINT ( 'NONE',  ( 0.2153461691253343857, 0.9000000000000003553, -0.07468777635896793610 ) ) ;
#1523 = DIRECTION ( 'NONE',  ( -1.000000000000000000, 0.0000000000000000000, 0.0000000000000000000 ) ) ;
#1524 = CARTESIAN_POINT ( 'NONE',  ( 0.6425882557813258344, 0.9000000000000003553, -0.1150618645473976548 ) ) ;
#1525 = CARTESIAN_POINT ( 'NONE',  ( -0.5798283483314893294, 0.6999999999999999556, 0.08611461417503804561 ) ) ;
#1526 = DIRECTION ( 'NONE',  ( 0.0000000000000000000, 0.0000000000000000000, 1.000000000000000000 ) ) ;
#1527 = VERTEX_POINT ( 'NONE', #1237 ) ;
#1528 = MECHANICAL_DESIGN_GEOMETRIC_PRESENTATION_REPRESENTATION (  '', ( #9504 ), #8506 ) ;
#1529 = ORIENTED_EDGE ( 'NONE', *, *, #8006, .T. ) ;
#1530 = FILL_AREA_STYLE_COLOUR ( '', #357 ) ;
#1531 = CARTESIAN_POINT ( 'NONE',  ( 0.8736379836602401472, 0.6999999999999997335, -0.1389509197478257518 ) ) ;
#1532 = VECTOR ( 'NONE', #9499, 1000.000000000000000 ) ;
#1533 = ORIENTED_EDGE ( 'NONE', *, *, #5426, .F. ) ;
#1534 = EDGE_CURVE ( 'NONE', #6963, #4525, #9729, .T. ) ;
#1535 = FACE_BOUND ( 'NONE', #5802, .T. ) ;
#1536 = VERTEX_POINT ( 'NONE', #7583 ) ;
#1537 = VERTEX_POINT ( 'NONE', #6769 ) ;
#1538 = CARTESIAN_POINT ( 'NONE',  ( 0.6399135936572932781, 0.9000000000000001332, -0.1711135476319335103 ) ) ;
#1539 = CARTESIAN_POINT ( 'NONE',  ( -0.04123185710341913113, 0.6999999999999999556, 0.08436022821012574557 ) ) ;
#1540 = MECHANICAL_DESIGN_GEOMETRIC_PRESENTATION_REPRESENTATION (  '', ( #6488 ), #8686 ) ;
#1541 = DIRECTION ( 'NONE',  ( 0.0000000000000000000, 0.0000000000000000000, -1.000000000000000000 ) ) ;
#1542 = CARTESIAN_POINT ( 'NONE',  ( 0.8711637606585114213, 0.6999999999999999556, -0.1593970091212280893 ) ) ;
#1543 = CARTESIAN_POINT ( 'NONE',  ( 0.4271491737659702803, 0.6999999999999998446, -0.06178709442334003044 ) ) ;
#1544 = CARTESIAN_POINT ( 'NONE',  ( 0.6663300530256082155, 0.6999999999999999556, -0.1928287795181234943 ) ) ;
#1545 = SURFACE_SIDE_STYLE ('',( #7041 ) ) ;
#1546 = CARTESIAN_POINT ( 'NONE',  ( 0.9628790087141680942, -0.1000000000000000056, 1.057063338531172292 ) ) ;
#1547 = AXIS2_PLACEMENT_3D ( 'NONE', #1669, #6471, #4960 ) ;
#1548 = ORIENTED_EDGE ( 'NONE', *, *, #3069, .T. ) ;
#1549 = CARTESIAN_POINT ( 'NONE',  ( 0.1753574601473501804, 0.9000000000000002442, -0.07517629648685407451 ) ) ;
#1550 = STYLED_ITEM ( 'NONE', ( #713 ), #9769 ) ;
#1551 = FACE_OUTER_BOUND ( 'NONE', #2277, .T. ) ;
#1552 = DIRECTION ( 'NONE',  ( 0.0000000000000000000, 1.000000000000000000, 0.0000000000000000000 ) ) ;
#1553 = CARTESIAN_POINT ( 'NONE',  ( 0.8497050325232113899, 0.6999999999999998446, -0.1816037037863546533 ) ) ;
#1554 = CARTESIAN_POINT ( 'NONE',  ( 0.1447330551772826601, 0.7000000000000000666, -0.2191485437196987740 ) ) ;
#1555 = DIRECTION ( 'NONE',  ( -0.0000000000000000000, 0.0000000000000000000, 1.000000000000000000 ) ) ;
#1556 = DIRECTION ( 'NONE',  ( 1.000000000000000000, -0.0000000000000000000, 0.0000000000000000000 ) ) ;
#1557 = PRESENTATION_STYLE_ASSIGNMENT (( #10234 ) ) ;
#1558 = VERTEX_POINT ( 'NONE', #6528 ) ;
#1559 = ORIENTED_EDGE ( 'NONE', *, *, #598, .F. ) ;
#1560 = ORIENTED_EDGE ( 'NONE', *, *, #9624, .F. ) ;
#1561 = CARTESIAN_POINT ( 'NONE',  ( 0.09034709026500181706, 0.9000000000000001332, -0.1349380174039093161 ) ) ;
#1562 = VECTOR ( 'NONE', #2021, 1000.000000000000000 ) ;
#1563 = PRESENTATION_STYLE_ASSIGNMENT (( #3931 ) ) ;
#1564 = EDGE_CURVE ( 'NONE', #8529, #1343, #7634, .T. ) ;
#1565 = PRESENTATION_LAYER_ASSIGNMENT (  '', '', ( #9698 ) ) ;
#1566 = CARTESIAN_POINT ( 'NONE',  ( 0.1168555355183076294, 0.9000000000000003553, -0.2133422656521840599 ) ) ;
#1567 = FACE_OUTER_BOUND ( 'NONE', #934, .T. ) ;
#1568 = FACE_OUTER_BOUND ( 'NONE', #5847, .T. ) ;
#1569 = CARTESIAN_POINT ( 'NONE',  ( 0.1177655490032506191, 0.7000000000000000666, 0.04946576584958733980 ) ) ;
#1570 = CARTESIAN_POINT ( 'NONE',  ( 0.8677933965441041453, 0.6999999999999999556, 0.04075349424776242985 ) ) ;
#1571 =( NAMED_UNIT ( * ) PLANE_ANGLE_UNIT ( ) SI_UNIT ( $, .RADIAN. ) );
#1572 = CARTESIAN_POINT ( 'NONE',  ( 0.5657488695063623840, 0.9000000000000003553, -0.09988129960736179258 ) ) ;
#1573 = DIRECTION ( 'NONE',  ( 0.0000000000000000000, 0.0000000000000000000, 1.000000000000000000 ) ) ;
#1574 = CARTESIAN_POINT ( 'NONE',  ( -0.6482494009630682674, 0.6999999999999999556, -0.1068678419653128070 ) ) ;
#1575 = CARTESIAN_POINT ( 'NONE',  ( 0.1897459577083053239, 0.7000000000000000666, -0.03773343197525480530 ) ) ;
#1576 = PRESENTATION_STYLE_ASSIGNMENT (( #7828 ) ) ;
#1577 = CARTESIAN_POINT ( 'NONE',  ( -0.7377230851735946393, 0.9000000000000001332, 0.08962338610486260404 ) ) ;
#1578 = CARTESIAN_POINT ( 'NONE',  ( 1.044733055177282433, 0.9000000000000000222, -0.06476257880741809192 ) ) ;
#1579 = ADVANCED_FACE ( 'NONE', ( #8469 ), #7332, .T. ) ;
#1580 = SURFACE_STYLE_FILL_AREA ( #8764 ) ;
#1581 = VECTOR ( 'NONE', #8992, 1000.000000000000000 ) ;
#1582 = FACE_OUTER_BOUND ( 'NONE', #6415, .T. ) ;
#1583 = ORIENTED_EDGE ( 'NONE', *, *, #8314, .F. ) ;
#1584 = B_SPLINE_SURFACE_WITH_KNOTS ( 'NONE', 3, 1, ( 
 ( #4203, #7401 ),
 ( #5848, #9124 ),
 ( #8289, #1830 ),
 ( #9079, #250 ),
 ( #6587, #1924 ),
 ( #3573, #5949 ),
 ( #3468, #3421 ),
 ( #1973, #361 ),
 ( #3522, #306 ),
 ( #6744, #9028 ),
 ( #9794, #7553 ),
 ( #6686, #5080 ),
 ( #9891, #9949 ),
 ( #1876, #2756 ),
 ( #9175, #5026 ),
 ( #8238, #4256 ),
 ( #7455, #6633 ),
 ( #9843, #2705 ),
 ( #4031, #7270 ),
 ( #3246, #5725 ),
 ( #4138, #8020 ),
 ( #987, #18 ),
 ( #4808, #3981 ),
 ( #132, #3202 ),
 ( #1663, #8904 ),
 ( #878, #1857 ),
 ( #8165, #1764 ),
 ( #6465, #6363 ),
 ( #8796, #2487 ),
 ( #7325, #7167 ),
 ( #1037, #70 ),
 ( #4186, #5672 ),
 ( #7220, #8956 ),
 ( #1814, #4905 ) ),
 .UNSPECIFIED., .F., .F., .F.,
 ( 4, 1, 1, 1, 1, 1, 1, 1, 1, 1, 1, 1, 1, 1, 1, 1, 1, 1, 1, 1, 1, 1, 1, 1, 1, 1, 1, 1, 1, 1, 1, 4 ),
 ( 2, 2 ),
 ( 0.0000000000000000000, 0.01373965022553295424, 0.02757697691937236600, 0.04120361669370672941, 0.05511733618502854398, 0.06916574080234087762, 0.08372332241091332006, 0.09868310417993424177, 0.1143974372725912320, 0.1300354017864361889, 0.1451056445128571237, 0.1597554501089154533, 0.1740885773820503579, 0.1885714403709603804, 0.2031187387795622135, 0.2179420210431790017, 0.2334647282336206886, 0.2492992249953524531, 0.2655542038387515569, 0.2824346736135273095, 0.2999211239737922807, 0.3181922625727575116, 0.3374315067609216512, 0.3579072785728287243, 0.3797103597838519251, 0.4012029441486035797, 0.4212615401305659923, 0.4397632812893657595, 0.4569947035136253111, 0.4735228048957491609, 0.4892561722133219604, 0.5000000000075601747 ),
 ( 0.0000000000000000000, 1.000000000000000000 ),
 .UNSPECIFIED. ) ;
#1585 = ORIENTED_EDGE ( 'NONE', *, *, #8946, .F. ) ;
#1586 = CARTESIAN_POINT ( 'NONE',  ( 1.129576168796245117, 0.7000000000000000666, -0.1830346119488509560 ) ) ;
#1587 = CARTESIAN_POINT ( 'NONE',  ( -0.7613454220292419361, 0.8999999999999999112, -0.1769513947865563874 ) ) ;
#1588 = ORIENTED_EDGE ( 'NONE', *, *, #10139, .F. ) ;
#1589 = ORIENTED_EDGE ( 'NONE', *, *, #7809, .T. ) ;
#1590 = EDGE_CURVE ( 'NONE', #1537, #8450, #546, .T. ) ;
#1591 = CARTESIAN_POINT ( 'NONE',  ( 0.5138702713774763176, 0.8999999999999999112, -0.1366515634528985834 ) ) ;
#1592 = AXIS2_PLACEMENT_3D ( 'NONE', #645, #7674, #2922 ) ;
#1593 = CARTESIAN_POINT ( 'NONE',  ( 0.8598801370204237626, 0.6999999999999999556, 0.04698288242961549954 ) ) ;
#1594 = DIRECTION ( 'NONE',  ( -1.000000000000000000, 0.0000000000000000000, 0.0000000000000000000 ) ) ;
#1595 = UNCERTAINTY_MEASURE_WITH_UNIT (LENGTH_MEASURE( 1.000000000000000082E-05 ), #7694, 'distance_accuracy_value', 'NONE');
#1596 = CARTESIAN_POINT ( 'NONE',  ( -0.8393954591227242856, 0.9000000000000000222, -0.06088795598491222177 ) ) ;
#1597 = CARTESIAN_POINT ( 'NONE',  ( 0.9249999999999998224, -0.1000000000000000056, -0.3750000000000001665 ) ) ;
#1598 = EDGE_CURVE ( 'NONE', #7056, #2073, #9308, .T. ) ;
#1599 = CARTESIAN_POINT ( 'NONE',  ( 0.3435151934213550584, 0.9000000000000000222, 0.04363116147934256728 ) ) ;
#1600 = DIRECTION ( 'NONE',  ( -1.000000000000000000, 0.0000000000000000000, 0.0000000000000000000 ) ) ;
#1601 = DIRECTION ( 'NONE',  ( -0.0000000000000000000, 0.0000000000000000000, 1.000000000000000000 ) ) ;
#1602 = CARTESIAN_POINT ( 'NONE',  ( -0.7347081889996605053, 0.6999999999999999556, 0.08953204130129363558 ) ) ;
#1603 = CARTESIAN_POINT ( 'NONE',  ( 0.8737296095423109366, 0.6999999999999998446, -0.1408872306333315283 ) ) ;
#1604 = CARTESIAN_POINT ( 'NONE',  ( 0.1374379312219170812, 0.7000000000000000666, -0.2185611131177085664 ) ) ;
#1605 = EDGE_CURVE ( 'NONE', #5064, #707, #4592, .T. ) ;
#1606 = DIRECTION ( 'NONE',  ( 0.0000000000000000000, 0.0000000000000000000, 1.000000000000000000 ) ) ;
#1607 = ORIENTED_EDGE ( 'NONE', *, *, #7995, .F. ) ;
#1608 = VERTEX_POINT ( 'NONE', #10128 ) ;
#1609 = CARTESIAN_POINT ( 'NONE',  ( 0.3235834544956677772, 0.9000000000000001332, 0.009672574682707808444 ) ) ;
#1610 = CARTESIAN_POINT ( 'NONE',  ( -0.4640388746472788317, 0.9000000000000000222, -0.1279204735442601715 ) ) ;
#1611 = CARTESIAN_POINT ( 'NONE',  ( 0.6445379544975216035, 0.9000000000000002442, -0.03594058408081091116 ) ) ;
#1612 = STYLED_ITEM ( 'NONE', ( #8955 ), #4552 ) ;
#1613 = CARTESIAN_POINT ( 'NONE',  ( 0.8535768401126081484, 0.9000000000000000222, -0.2140002896161382340 ) ) ;
#1614 = CARTESIAN_POINT ( 'NONE',  ( 0.0000000000000000000, -0.1000000000000000056, -1.149999999999999911 ) ) ;
#1615 = CARTESIAN_POINT ( 'NONE',  ( 1.399999999999999689, 0.0000000000000000000, 0.0000000000000000000 ) ) ;
#1616 =( LENGTH_UNIT ( ) NAMED_UNIT ( * ) SI_UNIT ( .MILLI., .METRE. ) );
#1617 = CARTESIAN_POINT ( 'NONE',  ( 0.5468696979989233764, 0.6999999999999999556, -0.1486365113446471986 ) ) ;
#1618 = CARTESIAN_POINT ( 'NONE',  ( 0.5465081551686364891, 0.6999999999999998446, -0.1373044589886688871 ) ) ;
#1619 = ORIENTED_EDGE ( 'NONE', *, *, #8244, .F. ) ;
#1620 = ADVANCED_FACE ( 'NONE', ( #8574 ), #6240, .F. ) ;
#1621 = VECTOR ( 'NONE', #9630, 1000.000000000000000 ) ;
#1622 = CARTESIAN_POINT ( 'NONE',  ( 0.5623824309808747035, 0.6999999999999998446, 0.04888778245758301083 ) ) ;
#1623 = B_SPLINE_SURFACE_WITH_KNOTS ( 'NONE', 3, 1, ( 
 ( #2613, #4258 ),
 ( #9743, #6688 ),
 ( #5745, #1062 ),
 ( #8980, #5692 ),
 ( #8241, #252 ),
 ( #4877, #6634 ),
 ( #204, #9031 ),
 ( #8192, #7404 ),
 ( #1879, #3322 ),
 ( #7504, #5083 ),
 ( #4976, #5028 ),
 ( #2708, #952 ),
 ( #8925, #6487 ),
 ( #4111, #8869 ),
 ( #7292, #1109 ),
 ( #7349, #9895 ),
 ( #1786, #7458 ),
 ( #3422, #9845 ),
 ( #9691, #153 ) ),
 .UNSPECIFIED., .F., .F., .F.,
 ( 4, 1, 1, 1, 1, 1, 1, 1, 1, 1, 1, 1, 1, 1, 1, 1, 4 ),
 ( 2, 2 ),
 ( 0.0000000000000000000, 0.09342139099570272165, 0.1803887469388611720, 0.2608630984186837143, 0.3352472801243032707, 0.4044079183330663296, 0.4689595220310971979, 0.5293350777579132194, 0.5862590898936735906, 0.6410153848140272004, 0.6939273052542173081, 0.7452613697364826040, 0.7954331513472815418, 0.8458729184935072087, 0.8962603350629428922, 0.9474329625168989022, 1.000000000000000000 ),
 ( 0.0000000000000000000, 1.000000000000000000 ),
 .UNSPECIFIED. ) ;
#1624 = CARTESIAN_POINT ( 'NONE',  ( 0.3233775178232934366, 0.7000000000000002887, -0.02733581157424380334 ) ) ;
#1625 = LINE ( 'NONE', #7174, #2423 ) ;
#1626 = CARTESIAN_POINT ( 'NONE',  ( 0.1736068897081674001, 0.6999999999999999556, -0.01705020912657261370 ) ) ;
#1627 = DIRECTION ( 'NONE',  ( 1.000000000000000000, 0.0000000000000000000, 0.0000000000000000000 ) ) ;
#1628 = CARTESIAN_POINT ( 'NONE',  ( 0.8737296095423109366, 0.8999999999999999112, -0.1408872306333315283 ) ) ;
#1629 = AXIS2_PLACEMENT_3D ( 'NONE', #1614, #2242, #7063 ) ;
#1630 = VECTOR ( 'NONE', #355, 1000.000000000000000 ) ;
#1631 = VERTEX_POINT ( 'NONE', #9506 ) ;
#1632 = EDGE_LOOP ( 'NONE', ( #123, #3375 ) ) ;
#1633 = CARTESIAN_POINT ( 'NONE',  ( 1.146820146418330078, 0.9000000000000000222, -0.1424943557319640064 ) ) ;
#1634 = CARTESIAN_POINT ( 'NONE',  ( -0.5219336114893839973, 0.9000000000000000222, -0.01563977178987422875 ) ) ;
#1635 = EDGE_CURVE ( 'NONE', #5832, #5804, #1440, .T. ) ;
#1636 = ORIENTED_EDGE ( 'NONE', *, *, #6984, .T. ) ;
#1637 = FACE_OUTER_BOUND ( 'NONE', #2028, .T. ) ;
#1638 = CARTESIAN_POINT ( 'NONE',  ( 0.5648914990874253084, 0.8999999999999998002, -0.2131160910121949470 ) ) ;
#1639 = CARTESIAN_POINT ( 'NONE',  ( 0.5760756481036070076, 0.9000000000000001332, -0.1829897909783367027 ) ) ;
#1640 = CARTESIAN_POINT ( 'NONE',  ( 0.6250000000000000000, -0.1000000000000000056, -1.149999999999999911 ) ) ;
#1641 = DIRECTION ( 'NONE',  ( 0.0000000000000000000, 0.0000000000000000000, 1.000000000000000000 ) ) ;
#1642 = CARTESIAN_POINT ( 'NONE',  ( 0.03420673938780895845, 0.6999999999999999556, 0.01769356154345909371 ) ) ;
#1643 = CARTESIAN_POINT ( 'NONE',  ( 1.055259370966756149, 0.9000000000000000222, -0.03142924547408474517 ) ) ;
#1644 = CARTESIAN_POINT ( 'NONE',  ( 0.8727025778518640031, 0.6999999999999999556, -0.03220540040418937155 ) ) ;
#1645 = AXIS2_PLACEMENT_3D ( 'NONE', #8623, #10021, #5294 ) ;
#1646 = CARTESIAN_POINT ( 'NONE',  ( 0.7290648178245073829, 0.7000000000000003997, 0.008483538044721459712 ) ) ;
#1647 = EDGE_CURVE ( 'NONE', #7655, #10212, #6190, .T. ) ;
#1648 = DIRECTION ( 'NONE',  ( 0.0000000000000000000, 0.0000000000000000000, -1.000000000000000000 ) ) ;
#1649 = DIRECTION ( 'NONE',  ( -1.000000000000000000, 0.0000000000000000000, 0.0000000000000000000 ) ) ;
#1650 = CARTESIAN_POINT ( 'NONE',  ( 0.8294749225027299167, 0.6999999999999998446, -0.1860197224330941979 ) ) ;
#1651 = CARTESIAN_POINT ( 'NONE',  ( 0.6580096532602401904, 0.9000000000000001332, 0.006483180057496948021 ) ) ;
#1652 = DIRECTION ( 'NONE',  ( 4.336808689942019708E-16, 0.0000000000000000000, -1.000000000000000000 ) ) ;
#1653 = ORIENTED_EDGE ( 'NONE', *, *, #475, .T. ) ;
#1654 = ORIENTED_EDGE ( 'NONE', *, *, #3839, .T. ) ;
#1655 = CARTESIAN_POINT ( 'NONE',  ( 0.3356249867591294400, 0.8999999999999996891, -0.05612623999648148898 ) ) ;
#1656 =( LENGTH_UNIT ( ) NAMED_UNIT ( * ) SI_UNIT ( .MILLI., .METRE. ) );
#1657 = DIRECTION ( 'NONE',  ( 0.0000000000000000000, 0.0000000000000000000, 1.000000000000000000 ) ) ;
#1658 = CARTESIAN_POINT ( 'NONE',  ( 1.107039031525355099, 0.9000000000000000222, -0.1074990135416250686 ) ) ;
#1659 = CARTESIAN_POINT ( 'NONE',  ( 0.6404901916230966163, 0.8999999999999999112, -0.03954593313095176865 ) ) ;
#1660 = CARTESIAN_POINT ( 'NONE',  ( 0.06403130079131762187, 0.9000000000000000222, 0.08436022821012574557 ) ) ;
#1661 = CARTESIAN_POINT ( 'NONE',  ( 0.5879583400388257441, 0.7000000000000002887, 0.08939866747417399284 ) ) ;
#1662 =( LENGTH_UNIT ( ) NAMED_UNIT ( * ) SI_UNIT ( .MILLI., .METRE. ) );
#1663 = CARTESIAN_POINT ( 'NONE',  ( 0.4428385550586030894, 0.6999999999999999556, -0.006848177129722443288 ) ) ;
#1664 = CARTESIAN_POINT ( 'NONE',  ( 0.5619781793719337282, 0.6999999999999995115, -0.1031005013175879670 ) ) ;
#1665 = CARTESIAN_POINT ( 'NONE',  ( -0.1763195764016647626, 0.9000000000000000222, -0.01213099986004967552 ) ) ;
#1666 = SURFACE_STYLE_USAGE ( .BOTH. , #4863 ) ;
#1667 =( LENGTH_UNIT ( ) NAMED_UNIT ( * ) SI_UNIT ( .MILLI., .METRE. ) );
#1668 = AXIS2_PLACEMENT_3D ( 'NONE', #2849, #6055, #2084 ) ;
#1669 = CARTESIAN_POINT ( 'NONE',  ( -1.399999999999999689, -0.1000000000000000056, 0.0000000000000000000 ) ) ;
#1670 = PLANE ( 'NONE',  #234 ) ;
#1671 = CARTESIAN_POINT ( 'NONE',  ( 0.1793405909331584336, 0.9000000000000001332, -0.02428919078036637438 ) ) ;
#1672 = CARTESIAN_POINT ( 'NONE',  ( 0.6251436290144394281, 0.8999999999999998002, -0.1816037037863547643 ) ) ;
#1673 = CARTESIAN_POINT ( 'NONE',  ( -0.7377230851735945283, 0.6999999999999999556, 0.05629005277152926423 ) ) ;
#1674 = CARTESIAN_POINT ( 'NONE',  ( 0.06442304981394826602, 0.7000000000000002887, -0.1588522662684429820 ) ) ;
#1675 = ORIENTED_EDGE ( 'NONE', *, *, #2033, .F. ) ;
#1676 = ORIENTED_EDGE ( 'NONE', *, *, #5588, .T. ) ;
#1677 = CARTESIAN_POINT ( 'NONE',  ( 1.075832672461557449, 0.9000000000000000222, -0.2124757102040607804 ) ) ;
#1678 = CARTESIAN_POINT ( 'NONE',  ( -0.7951822216793285047, 0.6999999999999998446, -0.1031362252029644766 ) ) ;
#1679 = VECTOR ( 'NONE', #4242, 1000.000000000000000 ) ;
#1680 = EDGE_LOOP ( 'NONE', ( #9590, #8376, #7384, #1318 ) ) ;
#1681 = CARTESIAN_POINT ( 'NONE',  ( 0.6712448379644143648, 0.8999999999999999112, -0.09796417017802419580 ) ) ;
#1682 = CARTESIAN_POINT ( 'NONE',  ( 0.5869611365988475216, 0.7000000000000001776, -0.1853254838409339189 ) ) ;
#1683 = EDGE_CURVE ( 'NONE', #6094, #10136, #763, .T. ) ;
#1684 = CARTESIAN_POINT ( 'NONE',  ( 0.6631661955768126671, 0.8999999999999999112, 0.07201701681004762934 ) ) ;
#1685 = LINE ( 'NONE', #6234, #594 ) ;
#1686 = VECTOR ( 'NONE', #8318, 1000.000000000000000 ) ;
#1687 = CARTESIAN_POINT ( 'NONE',  ( -0.9249999999999997113, 0.0000000000000000000, 0.1250000000000000555 ) ) ;
#1688 = CARTESIAN_POINT ( 'NONE',  ( 0.9640313007913173804, 0.9000000000000000222, -0.2138853858249619433 ) ) ;
#1689 = ORIENTED_EDGE ( 'NONE', *, *, #5122, .T. ) ;
#1690 = CARTESIAN_POINT ( 'NONE',  ( 1.399999999999999689, 0.0000000000000000000, 0.8750000000000001110 ) ) ;
#1691 =( GEOMETRIC_REPRESENTATION_CONTEXT ( 3 ) GLOBAL_UNCERTAINTY_ASSIGNED_CONTEXT ( ( #6746 ) ) GLOBAL_UNIT_ASSIGNED_CONTEXT ( ( #2899, #5223, #8486 ) ) REPRESENTATION_CONTEXT ( 'NONE', 'WORKASPACE' ) );
#1692 = SURFACE_STYLE_FILL_AREA ( #164 ) ;
#1693 = PLANE ( 'NONE',  #4355 ) ;
#1694 = CARTESIAN_POINT ( 'NONE',  ( -0.7718940053216010178, 0.9000000000000001332, -0.1677542189441442455 ) ) ;
#1695 = UNCERTAINTY_MEASURE_WITH_UNIT (LENGTH_MEASURE( 1.000000000000000082E-05 ), #6493, 'distance_accuracy_value', 'NONE');
#1696 = CARTESIAN_POINT ( 'NONE',  ( -0.7719440215339895550, 0.6999999999999997335, 0.04201727361725958454 ) ) ;
#1697 = CARTESIAN_POINT ( 'NONE',  ( 0.0000000000000000000, -0.1000000000000000056, -0.6249999999999996669 ) ) ;
#1698 = DIRECTION ( 'NONE',  ( 0.0000000000000000000, 0.0000000000000000000, -1.000000000000000000 ) ) ;
#1699 = CARTESIAN_POINT ( 'NONE',  ( 0.6698669427346337635, 0.9000000000000000222, -0.05887469734024909640 ) ) ;
#1700 = CARTESIAN_POINT ( 'NONE',  ( 0.03420673938780895845, 0.6999999999999999556, -0.01213099986004967552 ) ) ;
#1701 = PRESENTATION_LAYER_ASSIGNMENT (  '', '', ( #6150 ) ) ;
#1702 = ORIENTED_EDGE ( 'NONE', *, *, #3318, .T. ) ;
#1703 = B_SPLINE_SURFACE_WITH_KNOTS ( 'NONE', 3, 1, ( 
 ( #4257, #8240 ),
 ( #1878, #463 ),
 ( #7457, #1159 ),
 ( #5899, #307 ),
 ( #9950, #3623 ),
 ( #9230, #3471 ),
 ( #2798, #2707 ),
 ( #5082, #9796 ),
 ( #5951, #8441 ),
 ( #6009, #6589 ),
 ( #2651, #3524 ),
 ( #5793, #8391 ),
 ( #8290, #9126 ),
 ( #9176, #7503 ),
 ( #2032, #1259 ),
 ( #5128, #8339 ),
 ( #4408, #7608 ),
 ( #6792, #2089 ),
 ( #5230, #4204 ) ),
 .UNSPECIFIED., .F., .F., .F.,
 ( 4, 1, 1, 1, 1, 1, 1, 1, 1, 1, 1, 1, 1, 1, 1, 1, 4 ),
 ( 2, 2 ),
 ( 0.0000000000000000000, 0.09044125987823430080, 0.1747731893049270235, 0.2544508012209609205, 0.3283651613060588614, 0.3970508465704840617, 0.4617853255465036999, 0.5222264584098250673, 0.5790079612547945898, 0.6330243745918888720, 0.6845604001972307451, 0.7349709396407296813, 0.7851580669714138816, 0.8357832448672982695, 0.8880523620114706418, 0.9421453659599439145, 1.000000000000000000 ),
 ( 0.0000000000000000000, 1.000000000000000000 ),
 .UNSPECIFIED. ) ;
#1704 = CARTESIAN_POINT ( 'NONE',  ( -0.7024303492801909909, 0.9000000000000000222, 0.03788512962180826116 ) ) ;
#1705 = ORIENTED_EDGE ( 'NONE', *, *, #3657, .F. ) ;
#1706 = DIRECTION ( 'NONE',  ( 1.000000000000000000, 0.0000000000000000000, 0.0000000000000000000 ) ) ;
#1707 = AXIS2_PLACEMENT_3D ( 'NONE', #7491, #9832, #4348 ) ;
#1708 = MECHANICAL_DESIGN_GEOMETRIC_PRESENTATION_REPRESENTATION (  '', ( #5818 ), #3024 ) ;
#1709 = SURFACE_STYLE_FILL_AREA ( #9617 ) ;
#1710 = CARTESIAN_POINT ( 'NONE',  ( 0.6049784361223067286, 0.8999999999999999112, -0.05448074153678759274 ) ) ;
#1711 = PRESENTATION_STYLE_ASSIGNMENT (( #7974 ) ) ;
#1712 = CARTESIAN_POINT ( 'NONE',  ( 0.6827191567602340916, 0.6999999999999998446, -0.04486466269463387779 ) ) ;
#1713 = LINE ( 'NONE', #1036, #5401 ) ;
#1714 = SURFACE_STYLE_USAGE ( .BOTH. , #2592 ) ;
#1715 = CARTESIAN_POINT ( 'NONE',  ( 0.3184172657035982956, 0.6999999999999999556, -0.1051134560004005486 ) ) ;
#1716 = VECTOR ( 'NONE', #230, 1000.000000000000000 ) ;
#1717 = CARTESIAN_POINT ( 'NONE',  ( 0.6368690670691192768, 0.9000000000000000222, -0.1067965028822609186 ) ) ;
#1718 = COLOUR_RGB ( '',0.3764705882352941124, 0.3764705882352941124, 0.3764705882352941124 ) ;
#1719 = ORIENTED_EDGE ( 'NONE', *, *, #9417, .T. ) ;
#1720 = CARTESIAN_POINT ( 'NONE',  ( 0.0000000000000000000, -0.1000000000000000056, 0.9760643809100244539 ) ) ;
#1721 = PRESENTATION_STYLE_ASSIGNMENT (( #7839 ) ) ;
#1722 = VECTOR ( 'NONE', #2695, 1000.000000000000000 ) ;
#1723 = PRESENTATION_STYLE_ASSIGNMENT (( #9833 ) ) ;
#1724 = CARTESIAN_POINT ( 'NONE',  ( 0.1149084937737737538, 0.6999999999999999556, 0.05278128084170470580 ) ) ;
#1725 = CARTESIAN_POINT ( 'NONE',  ( 0.0000000000000000000, 0.9000000000000000222, -1.250000000000000000 ) ) ;
#1726 = CARTESIAN_POINT ( 'NONE',  ( 0.7915878123509909603, 0.9000000000000003553, -0.1792856095216537604 ) ) ;
#1727 = ADVANCED_FACE ( 'NONE', ( #1551 ), #1, .F. ) ;
#1728 = CARTESIAN_POINT ( 'NONE',  ( 0.7289435814930720348, 0.7000000000000000666, -0.001604684070575989382 ) ) ;
#1729 = ORIENTED_EDGE ( 'NONE', *, *, #10103, .T. ) ;
#1730 = ORIENTED_EDGE ( 'NONE', *, *, #6829, .T. ) ;
#1731 = CARTESIAN_POINT ( 'NONE',  ( -0.9249999999999997113, -0.1000000000000000056, -0.1250000000000000555 ) ) ;
#1732 = CARTESIAN_POINT ( 'NONE',  ( 0.5226212781837131782, 0.9000000000000000222, -0.1770596350072977110 ) ) ;
#1733 = CARTESIAN_POINT ( 'NONE',  ( 0.5560636927234122728, 0.9000000000000001332, -0.1699235208540227360 ) ) ;
#1734 =( NAMED_UNIT ( * ) SI_UNIT ( $, .STERADIAN. ) SOLID_ANGLE_UNIT ( ) );
#1735 = PRESENTATION_LAYER_ASSIGNMENT (  '', '', ( #9219 ) ) ;
#1736 = CARTESIAN_POINT ( 'NONE',  ( 0.6732753868810235076, 0.9000000000000002442, 0.06119393409309479420 ) ) ;
#1737 = CARTESIAN_POINT ( 'NONE',  ( -0.8235677310519459171, 0.6999999999999999556, -0.1540822824573906957 ) ) ;
#1738 = CARTESIAN_POINT ( 'NONE',  ( 0.8736379836599916793, 0.6999999999999997335, -0.1389509197427621079 ) ) ;
#1739 = DIRECTION ( 'NONE',  ( -1.000000000000000000, 0.0000000000000000000, 0.0000000000000000000 ) ) ;
#1740 = VERTEX_POINT ( 'NONE', #708 ) ;
#1741 = CARTESIAN_POINT ( 'NONE',  ( 0.7674593983987862966, 0.6999999999999997335, -0.01816036597924370818 ) ) ;
#1742 = EDGE_LOOP ( 'NONE', ( #6788, #3620, #8770, #9265 ) ) ;
#1743 = CARTESIAN_POINT ( 'NONE',  ( 0.9186343919888205756, 0.6999999999999999556, -0.001671787047768858846 ) ) ;
#1744 = COLOUR_RGB ( '',1.000000000000000000, 0.9607843137254902244, 0.4549019607843137192 ) ;
#1745 = EDGE_CURVE ( 'NONE', #2408, #1608, #6296, .T. ) ;
#1746 = B_SPLINE_SURFACE_WITH_KNOTS ( 'NONE', 3, 1, ( 
 ( #9475, #8797 ),
 ( #1618, #3940 ),
 ( #8700, #3055 ),
 ( #2353, #3160 ),
 ( #3203, #5480 ),
 ( #3248, #6212 ),
 ( #1664, #5619 ),
 ( #6314, #1572 ),
 ( #4811, #4033 ),
 ( #4764, #3886 ),
 ( #7168, #9430 ),
 ( #2303, #4714 ),
 ( #8647, #1514 ),
 ( #836, #8022 ),
 ( #4667, #7926 ),
 ( #3982, #9526 ),
 ( #7874, #732 ),
 ( #787, #7221 ),
 ( #7065, #2490 ),
 ( #7121, #74 ),
 ( #6413, #10293 ),
 ( #8843, #1717 ),
 ( #4860, #487 ),
 ( #5052, #1181 ),
 ( #6712, #4284 ),
 ( #2877, #276 ),
 ( #3548, #3494 ),
 ( #3597, #8262 ),
 ( #6611, #9149 ),
 ( #2822, #8466 ) ),
 .UNSPECIFIED., .F., .F., .F.,
 ( 4, 1, 1, 1, 1, 1, 1, 1, 1, 1, 1, 1, 1, 1, 1, 1, 1, 1, 1, 1, 1, 1, 1, 1, 1, 1, 1, 4 ),
 ( 2, 2 ),
 ( -7.970869053686158168E-08, 0.02740524723032099555, 0.05503395209103765368, 0.08377220195114434831, 0.1142238255655483731, 0.1299202037005441623, 0.1453459343363630862, 0.1610557224508529228, 0.1772109197982088824, 0.1941500347021352935, 0.2118240675998738498, 0.2306351098182590487, 0.2507635006051837090, 0.2708918913921077309, 0.2899066873408585598, 0.3077809418997912716, 0.3249141191778431303, 0.3414404525715341032, 0.3574949690632402421, 0.3733926337609954627, 0.3895060661075424036, 0.4054724606372513973, 0.4212437877979879342, 0.4368459733576778303, 0.4526266441179073730, 0.4681598439945418577, 0.4841854783496179482, 0.5000000000000026645 ),
 ( 0.0000000000000000000, 1.000000000000000000 ),
 .UNSPECIFIED. ) ;
#1747 = CARTESIAN_POINT ( 'NONE',  ( 1.095964756694027598, 0.6999999999999999556, -0.08035614617418260219 ) ) ;
#1748 = LINE ( 'NONE', #5460, #1414 ) ;
#1749 = CARTESIAN_POINT ( 'NONE',  ( -0.7882687094678405559, 0.6999999999999999556, 0.01554838020102773666 ) ) ;
#1750 = VECTOR ( 'NONE', #656, 1000.000000000000000 ) ;
#1751 = CARTESIAN_POINT ( 'NONE',  ( 0.8998181030318412876, 0.7000000000000000666, -0.1040516228456580677 ) ) ;
#1752 = CARTESIAN_POINT ( 'NONE',  ( 0.6494708754593885303, 0.9000000000000003553, 0.03284460783609334522 ) ) ;
#1753 = DIRECTION ( 'NONE',  ( -0.0000000000000000000, 1.000000000000000000, -0.0000000000000000000 ) ) ;
#1754 = ORIENTED_EDGE ( 'NONE', *, *, #326, .T. ) ;
#1755 = CARTESIAN_POINT ( 'NONE',  ( -0.6955324622497665032, 0.9000000000000001332, 0.02634208363348077703 ) ) ;
#1756 = ORIENTED_EDGE ( 'NONE', *, *, #9032, .T. ) ;
#1757 = SURFACE_STYLE_FILL_AREA ( #1900 ) ;
#1758 = VECTOR ( 'NONE', #4515, 1000.000000000000000 ) ;
#1759 = ADVANCED_FACE ( 'NONE', ( #2329 ), #10229, .T. ) ;
#1760 = CARTESIAN_POINT ( 'NONE',  ( 1.087850396158501987, 0.9000000000000000222, -0.07408831986418250304 ) ) ;
#1761 = CARTESIAN_POINT ( 'NONE',  ( 0.6556196552154369694, 0.8999999999999999112, -0.01968724215881673817 ) ) ;
#1762 = CARTESIAN_POINT ( 'NONE',  ( -0.1250000000000000000, -0.1000000000000000056, -1.149999999999999911 ) ) ;
#1763 = SURFACE_STYLE_FILL_AREA ( #3403 ) ;
#1764 = CARTESIAN_POINT ( 'NONE',  ( 0.4427980719902633866, 0.9000000000000001332, -0.02428829187586244512 ) ) ;
#1765 = CIRCLE ( 'NONE', #7239, 0.1380183217409907959 ) ;
#1766 = DIRECTION ( 'NONE',  ( -0.0000000000000000000, 1.000000000000000000, -0.0000000000000000000 ) ) ;
#1767 = ORIENTED_EDGE ( 'NONE', *, *, #5510, .F. ) ;
#1768 = EDGE_LOOP ( 'NONE', ( #6071, #8820, #2206 ) ) ;
#1769 = LINE ( 'NONE', #9782, #6128 ) ;
#1770 = ADVANCED_FACE ( 'NONE', ( #4746 ), #7959, .F. ) ;
#1771 = ADVANCED_FACE ( 'NONE', ( #967 ), #2622, .F. ) ;
#1772 = MECHANICAL_DESIGN_GEOMETRIC_PRESENTATION_REPRESENTATION (  '', ( #4074 ), #4260 ) ;
#1773 = CARTESIAN_POINT ( 'NONE',  ( 0.3295142620770518671, 0.7000000000000001776, 0.02591555647463207254 ) ) ;
#1774 = CARTESIAN_POINT ( 'NONE',  ( 0.3295142620770518671, 0.9000000000000002442, 0.02591555647463207254 ) ) ;
#1775 = CARTESIAN_POINT ( 'NONE',  ( 0.1541706102787261390, 0.6999999999999998446, 0.006642594362090291707 ) ) ;
#1776 = CARTESIAN_POINT ( 'NONE',  ( 0.5812854540637113487, 0.8999999999999998002, -0.1843623592287816360 ) ) ;
#1777 = CARTESIAN_POINT ( 'NONE',  ( 0.7843924153259251852, 0.9000000000000001332, -0.1740799189414416470 ) ) ;
#1778 = CARTESIAN_POINT ( 'NONE',  ( 1.087850396158501987, 0.8999999999999998002, -0.07408831986418250304 ) ) ;
#1779 = CARTESIAN_POINT ( 'NONE',  ( 0.7534632788713162554, 0.6999999999999998446, -0.06115973151536300417 ) ) ;
#1780 = ORIENTED_EDGE ( 'NONE', *, *, #8683, .T. ) ;
#1781 = ORIENTED_EDGE ( 'NONE', *, *, #4786, .T. ) ;
#1782 = CARTESIAN_POINT ( 'NONE',  ( 0.08873318276554886808, 0.9000000000000002442, 0.02982950868210624759 ) ) ;
#1783 = CARTESIAN_POINT ( 'NONE',  ( 0.6831375492420097562, 0.9000000000000000222, -0.1611068460104882472 ) ) ;
#1784 = EDGE_CURVE ( 'NONE', #1536, #9342, #1798, .T. ) ;
#1785 = CARTESIAN_POINT ( 'NONE',  ( 0.6104751038674163244, 0.8999999999999998002, -0.1855089401953294304 ) ) ;
#1786 = CARTESIAN_POINT ( 'NONE',  ( -0.7287583707508290543, 0.6999999999999996225, 0.08935177473559580141 ) ) ;
#1787 =( GEOMETRIC_REPRESENTATION_CONTEXT ( 3 ) GLOBAL_UNCERTAINTY_ASSIGNED_CONTEXT ( ( #5704 ) ) GLOBAL_UNIT_ASSIGNED_CONTEXT ( ( #3286, #9564, #8943 ) ) REPRESENTATION_CONTEXT ( 'NONE', 'WORKASPACE' ) );
#1788 = CARTESIAN_POINT ( 'NONE',  ( 0.5562344025129311031, 0.9000000000000001332, 0.08372307155064830086 ) ) ;
#1789 = CARTESIAN_POINT ( 'NONE',  ( 0.4251082984804047116, 0.9000000000000002442, -0.1017977523492318570 ) ) ;
#1790 = CARTESIAN_POINT ( 'NONE',  ( -0.8108623355194231053, 0.8999999999999999112, -0.1770299391302923298 ) ) ;
#1791 = CARTESIAN_POINT ( 'NONE',  ( 0.7831224730430564884, 0.9000000000000001332, 0.04648009192836394243 ) ) ;
#1792 = LINE ( 'NONE', #6339, #1532 ) ;
#1793 = ORIENTED_EDGE ( 'NONE', *, *, #2222, .F. ) ;
#1794 = CARTESIAN_POINT ( 'NONE',  ( 0.8650515951318684671, 0.7000000000000000666, -0.03954593313095172702 ) ) ;
#1795 = ORIENTED_EDGE ( 'NONE', *, *, #3036, .T. ) ;
#1796 = CARTESIAN_POINT ( 'NONE',  ( 0.7289435814930720348, 0.7000000000000000666, -0.001604684070575989382 ) ) ;
#1797 = ORIENTED_EDGE ( 'NONE', *, *, #3133, .T. ) ;
#1798 = LINE ( 'NONE', #114, #6021 ) ;
#1799 = FACE_BOUND ( 'NONE', #10038, .T. ) ;
#1800 = LINE ( 'NONE', #9043, #5201 ) ;
#1801 = UNCERTAINTY_MEASURE_WITH_UNIT (LENGTH_MEASURE( 1.000000000000000082E-05 ), #3700, 'distance_accuracy_value', 'NONE');
#1802 = VECTOR ( 'NONE', #3398, 1000.000000000000000 ) ;
#1803 = CARTESIAN_POINT ( 'NONE',  ( -0.7301089744013413707, 0.7000000000000001776, -0.1838792161092738242 ) ) ;
#1804 =( NAMED_UNIT ( * ) SI_UNIT ( $, .STERADIAN. ) SOLID_ANGLE_UNIT ( ) );
#1805 = CARTESIAN_POINT ( 'NONE',  ( 0.8666954668357708114, 0.6999999999999996225, -0.07488039167738849700 ) ) ;
#1806 = CARTESIAN_POINT ( 'NONE',  ( -0.7479850488146753129, 0.9000000000000000222, 0.08935423315906276809 ) ) ;
#1807 = ORIENTED_EDGE ( 'NONE', *, *, #7691, .T. ) ;
#1808 = LINE ( 'NONE', #8158, #457 ) ;
#1809 = CARTESIAN_POINT ( 'NONE',  ( 0.8156915270824329767, 0.6999999999999998446, -0.09125568563725121318 ) ) ;
#1810 = LINE ( 'NONE', #333, #3022 ) ;
#1811 = CARTESIAN_POINT ( 'NONE',  ( 0.6263389011363541536, 0.7000000000000001776, -0.04865509161013194250 ) ) ;
#1812 = EDGE_CURVE ( 'NONE', #9492, #10042, #4063, .T. ) ;
#1813 = CARTESIAN_POINT ( 'NONE',  ( 0.6861889296821938045, 0.6999999999999998446, 0.04037004714145231432 ) ) ;
#1814 = CARTESIAN_POINT ( 'NONE',  ( 0.4276310135631588571, 0.6999999999999999556, -0.06131941956773873104 ) ) ;
#1815 = DIRECTION ( 'NONE',  ( 0.0000000000000000000, 0.0000000000000000000, 1.000000000000000000 ) ) ;
#1816 = ORIENTED_EDGE ( 'NONE', *, *, #8317, .F. ) ;
#1817 = SURFACE_STYLE_FILL_AREA ( #6620 ) ;
#1818 = CARTESIAN_POINT ( 'NONE',  ( 0.7710695586774084509, 0.9000000000000001332, -0.1373044589886689426 ) ) ;
#1819 = DIRECTION ( 'NONE',  ( -0.9811944564911180278, 0.0000000000000000000, -0.1930218602933347349 ) ) ;
#1820 = CARTESIAN_POINT ( 'NONE',  ( 0.3224800264620938384, 0.6999999999999998446, 0.003715066218319647458 ) ) ;
#1821 = CARTESIAN_POINT ( 'NONE',  ( -0.6606945527254977080, 0.6999999999999998446, -0.1725188232157757462 ) ) ;
#1822 = DIRECTION ( 'NONE',  ( -1.000000000000000000, 0.0000000000000000000, 0.0000000000000000000 ) ) ;
#1823 = CARTESIAN_POINT ( 'NONE',  ( 1.072269338387594084, 0.9000000000000000222, -0.06768559719211952874 ) ) ;
#1824 = CARTESIAN_POINT ( 'NONE',  ( 0.7293033573260442326, 0.9000000000000003553, -0.01213239889768008214 ) ) ;
#1825 = ORIENTED_EDGE ( 'NONE', *, *, #9638, .T. ) ;
#1826 = ORIENTED_EDGE ( 'NONE', *, *, #2640, .T. ) ;
#1827 = SURFACE_STYLE_FILL_AREA ( #3374 ) ;
#1828 = EDGE_LOOP ( 'NONE', ( #6380, #6044, #4851, #6265 ) ) ;
#1829 = CARTESIAN_POINT ( 'NONE',  ( 0.9249999999999997113, 0.0000000000000000000, -0.1250000000000001665 ) ) ;
#1830 = CARTESIAN_POINT ( 'NONE',  ( 0.3435151934213550584, 0.8999999999999999112, 0.04363116147934256728 ) ) ;
#1831 = COLOUR_RGB ( '',1.000000000000000000, 0.9607843137254902244, 0.4549019607843137192 ) ;
#1832 = LINE ( 'NONE', #7348, #8561 ) ;
#1833 = CARTESIAN_POINT ( 'NONE',  ( 0.4324334244019382156, 0.6999999999999999556, -0.09824586666126616796 ) ) ;
#1834 = CARTESIAN_POINT ( 'NONE',  ( -0.7359686992086823532, 0.6999999999999999556, -0.2173941577547864601 ) ) ;
#1835 = CARTESIAN_POINT ( 'NONE',  ( 0.5499962130720192910, 0.6999999999999999556, -0.07528889459689178110 ) ) ;
#1836 = CARTESIAN_POINT ( 'NONE',  ( -0.5219336114893839973, 0.6999999999999999556, -0.01563977178987422875 ) ) ;
#1837 = CARTESIAN_POINT ( 'NONE',  ( 0.4000889255076439111, 0.9000000000000000222, 0.05657525497293533490 ) ) ;
#1838 = VECTOR ( 'NONE', #4862, 1000.000000000000114 ) ;
#1839 = ORIENTED_EDGE ( 'NONE', *, *, #9347, .F. ) ;
#1840 = VERTEX_POINT ( 'NONE', #3390 ) ;
#1841 = CARTESIAN_POINT ( 'NONE',  ( 1.270879639914568315, -0.1000000000000000056, 1.057063338531172292 ) ) ;
#1842 = FACE_OUTER_BOUND ( 'NONE', #1166, .T. ) ;
#1843 = CARTESIAN_POINT ( 'NONE',  ( 0.9186343919888205756, 0.9000000000000001332, -0.001671787047768858846 ) ) ;
#1844 = B_SPLINE_CURVE_WITH_KNOTS ( 'NONE', 3,
 ( #6373, #9589, #2455, #1674, #6172, #8231, #8971, #4099, #2604, #2560, #2643, #4149, #9788, #5785, #9021, #8856, #7339, #6476, #3465 ),
 .UNSPECIFIED., .F., .F.,
 ( 4, 1, 1, 1, 1, 1, 1, 1, 1, 1, 1, 1, 1, 1, 1, 1, 4 ),
 ( 0.0000000000000000000, 0.08241802022261664196, 0.1603496622879456990, 0.2342482336450726343, 0.3045451807535546895, 0.3706460810175573051, 0.4337613328708727622, 0.4942527676985100649, 0.5518036588782729845, 0.6079209423644332810, 0.6637470867048972378, 0.7187965522786626815, 0.7734135305480146494, 0.8289231476780046792, 0.8846043412639337244, 0.9415582105514962441, 0.9999999999999998890 ),
 .UNSPECIFIED. ) ;
#1845 = EDGE_CURVE ( 'NONE', #6275, #6713, #6394, .T. ) ;
#1846 = CARTESIAN_POINT ( 'NONE',  ( 0.9070119046214768499, 0.9000000000000003553, -0.1241746162478760823 ) ) ;
#1847 = CARTESIAN_POINT ( 'NONE',  ( 0.5318347114397838915, 0.9000000000000002442, 0.07105688290369374660 ) ) ;
#1848 = CARTESIAN_POINT ( 'NONE',  ( 0.0000000000000000000, -0.1000000000000000056, 1.149999999999999911 ) ) ;
#1849 = STYLED_ITEM ( 'NONE', ( #10121 ), #8128 ) ;
#1850 = VERTEX_POINT ( 'NONE', #9804 ) ;
#1851 = CARTESIAN_POINT ( 'NONE',  ( 0.1149084937737737538, 0.9000000000000000222, 0.05278128084170470580 ) ) ;
#1852 = DIRECTION ( 'NONE',  ( -1.000000000000000000, 0.0000000000000000000, 0.0000000000000000000 ) ) ;
#1853 =( LENGTH_UNIT ( ) NAMED_UNIT ( * ) SI_UNIT ( .MILLI., .METRE. ) );
#1854 = LINE ( 'NONE', #7376, #3817 ) ;
#1855 = VECTOR ( 'NONE', #10284, 1000.000000000000000 ) ;
#1856 = CARTESIAN_POINT ( 'NONE',  ( 0.6783268399618450628, 0.7000000000000001776, -0.05089900489000311057 ) ) ;
#1857 = CARTESIAN_POINT ( 'NONE',  ( 0.4430616860430475756, 0.9000000000000001332, -0.01559734329951117417 ) ) ;
#1858 = LINE ( 'NONE', #2739, #7866 ) ;
#1859 = COLOUR_RGB ( '',1.000000000000000000, 0.9607843137254902244, 0.4549019607843137192 ) ;
#1860 = CARTESIAN_POINT ( 'NONE',  ( -0.04123185710341913113, 0.6999999999999999556, 0.01769356154345909371 ) ) ;
#1861 = CARTESIAN_POINT ( 'NONE',  ( 0.7571018093037040764, 0.6999999999999997335, -0.08778995276134027304 ) ) ;
#1862 = AXIS2_PLACEMENT_3D ( 'NONE', #1402, #8481, #4708 ) ;
#1863 = EDGE_CURVE ( 'NONE', #5407, #6275, #5557, .T. ) ;
#1864 = CARTESIAN_POINT ( 'NONE',  ( 0.8397489621093242596, 0.9000000000000003553, -0.09316472472550178796 ) ) ;
#1865 = CARTESIAN_POINT ( 'NONE',  ( 0.3592872249716891897, 0.6999999999999999556, -0.07418575425895362896 ) ) ;
#1866 = CARTESIAN_POINT ( 'NONE',  ( 1.058814998066367474, 0.6999999999999999556, -0.2138156430251055007 ) ) ;
#1867 = CARTESIAN_POINT ( 'NONE',  ( 0.6491624797894113286, 0.8999999999999999112, -0.1445432502515862361 ) ) ;
#1868 = CLOSED_SHELL ( 'NONE', ( #6031, #6643, #9547, #3991, #1920, #3470, #7136, #10291, #7761, #4665, #9512, #2805, #3026, #1986, #1877, #3228, #7821, #1396, #1579, #5787, #4165, #4328, #10239, #5836, #7120, #5572, #4755, #8063, #401, #6360, #7624, #3985, #7076, #1771, #4666, #2150, #568, #525, #5229, #7867, #4590, #8128, #8386, #9769, #1770, #504, #5360, #8013, #9588, #8593, #3384, #8960, #4620, #4269, #2906, #6099, #4552, #1727, #8887, #5716, #4036, #9535, #2575, #8531, #5167, #1182, #6551, #8867, #9877, #3155, #9770, #20, #614, #264, #4169, #400, #4143, #613, #2098, #5770, #9133, #8582, #151, #6233, #1258, #9893, #4118, #6069, #7928, #9459, #3541, #9969, #4682, #5923, #10202, #3334, #9696, #7835, #3500, #4788, #9968, #9047, #8076, #4226, #174, #1388, #6318, #8233, #2940, #762, #6388, #197, #6435, #9569, #1933, #4069, #9795, #5849, #1516, #9653, #421, #3955, #3154, #6897, #5037, #4691, #8051, #921, #6590, #8330, #9608, #802, #4896, #57, #1008, #6691, #1759, #628, #2714, #2195, #9600, #5742, #6349, #3966, #9822, #6305, #3575, #3090, #3908, #5398, #9142, #4840, #11, #4298, #3871, #2326, #1450, #3822, #10091, #281, #489, #2600, #10057, #4102, #8114, #8580, #3275, #5497, #9556, #5524, #2921, #9318, #3710, #933, #6446, #2013, #6509, #42, #1380, #555, #295, #2284, #10228, #2693, #1620, #5560, #7359, #686, #6294, #9392 ) ) ;
#1869 = DIRECTION ( 'NONE',  ( 1.000000000000000000, -0.0000000000000000000, 0.0000000000000000000 ) ) ;
#1870 =( GEOMETRIC_REPRESENTATION_CONTEXT ( 3 ) GLOBAL_UNCERTAINTY_ASSIGNED_CONTEXT ( ( #2341 ) ) GLOBAL_UNIT_ASSIGNED_CONTEXT ( ( #842, #2404, #4768 ) ) REPRESENTATION_CONTEXT ( 'NONE', 'WORKASPACE' ) );
#1871 = ORIENTED_EDGE ( 'NONE', *, *, #3765, .F. ) ;
#1872 = SURFACE_STYLE_USAGE ( .BOTH. , #2608 ) ;
#1873 = VERTEX_POINT ( 'NONE', #7200 ) ;
#1874 = DIRECTION ( 'NONE',  ( 0.0000000000000000000, 1.000000000000000000, 0.0000000000000000000 ) ) ;
#1875 = CARTESIAN_POINT ( 'NONE',  ( 0.1380973383090499385, 0.9000000000000002442, -0.02518886229888707765 ) ) ;
#1876 = CARTESIAN_POINT ( 'NONE',  ( 0.4057401028750730054, 0.6999999999999997335, 0.05462187028936377892 ) ) ;
#1877 = ADVANCED_FACE ( 'NONE', ( #53 ), #9605, .T. ) ;
#1878 = CARTESIAN_POINT ( 'NONE',  ( -0.6868809174019950836, 0.6999999999999998446, -0.1099876216223844294 ) ) ;
#1879 = CARTESIAN_POINT ( 'NONE',  ( -0.6680953915837688495, 0.7000000000000000666, 0.05391763423180744030 ) ) ;
#1880 = DIRECTION ( 'NONE',  ( 0.0000000000000000000, 0.0000000000000000000, -1.000000000000000000 ) ) ;
#1881 = CARTESIAN_POINT ( 'NONE',  ( 0.4746388461028622774, 0.8999999999999998002, -0.05186554478298441989 ) ) ;
#1882 = CARTESIAN_POINT ( 'NONE',  ( -0.8108623355194231053, 0.6999999999999997335, -0.1770299391302923298 ) ) ;
#1883 = CARTESIAN_POINT ( 'NONE',  ( 0.7648760051447934805, 0.8999999999999998002, -0.003359070035488264262 ) ) ;
#1884 = CARTESIAN_POINT ( 'NONE',  ( 0.3719002554797309901, 0.9000000000000001332, -0.07713772131381307906 ) ) ;
#1885 = VECTOR ( 'NONE', #4439, 1000.000000000000000 ) ;
#1886 = VERTEX_POINT ( 'NONE', #6757 ) ;
#1887 = ORIENTED_EDGE ( 'NONE', *, *, #4962, .T. ) ;
#1888 = CARTESIAN_POINT ( 'NONE',  ( 0.5560636927234122728, 0.7000000000000001776, -0.1699235208540227360 ) ) ;
#1889 = ORIENTED_EDGE ( 'NONE', *, *, #10040, .F. ) ;
#1890 = CARTESIAN_POINT ( 'NONE',  ( 0.8115446596219272335, 0.9000000000000000222, 0.05542553893573529122 ) ) ;
#1891 =( NAMED_UNIT ( * ) PLANE_ANGLE_UNIT ( ) SI_UNIT ( $, .RADIAN. ) );
#1892 = CARTESIAN_POINT ( 'NONE',  ( 0.7314406971190807738, 0.6999999999999999556, -0.02255059083800073361 ) ) ;
#1893 = CARTESIAN_POINT ( 'NONE',  ( 0.8664963905629339269, 0.6999999999999998446, 0.08374278087073167010 ) ) ;
#1894 = CARTESIAN_POINT ( 'NONE',  ( -0.7192869078816735984, 0.7000000000000005107, -0.1814573529095354631 ) ) ;
#1895 = CARTESIAN_POINT ( 'NONE',  ( 0.2954644803980193135, 0.8999999999999999112, 0.04101432947041541016 ) ) ;
#1896 = CARTESIAN_POINT ( 'NONE',  ( 0.5045034143157355322, 0.9000000000000003553, 0.008483538044721457977 ) ) ;
#1897 = CARTESIAN_POINT ( 'NONE',  ( 1.399999999999999689, -0.1000000000000000056, -0.8750000000000001110 ) ) ;
#1898 = CARTESIAN_POINT ( 'NONE',  ( 0.06424352532088142831, 0.7000000000000001776, 0.07516957789278193303 ) ) ;
#1899 = EDGE_LOOP ( 'NONE', ( #4602, #4344 ) ) ;
#1900 = FILL_AREA_STYLE ('',( #9101 ) ) ;
#1901 = EDGE_CURVE ( 'NONE', #5407, #4955, #2720, .T. ) ;
#1902 = CARTESIAN_POINT ( 'NONE',  ( 1.066055317472413000, 0.7000000000000000666, -0.1788727100540595805 ) ) ;
#1903 =( NAMED_UNIT ( * ) SI_UNIT ( $, .STERADIAN. ) SOLID_ANGLE_UNIT ( ) );
#1904 = DIRECTION ( 'NONE',  ( -1.000000000000000000, 0.0000000000000000000, 0.0000000000000000000 ) ) ;
#1905 =( LENGTH_UNIT ( ) NAMED_UNIT ( * ) SI_UNIT ( .MILLI., .METRE. ) );
#1906 = CARTESIAN_POINT ( 'NONE',  ( 1.123776275760349330, 0.6999999999999997335, -0.05589628326794654489 ) ) ;
#1907 = LINE ( 'NONE', #5932, #9780 ) ;
#1908 = CARTESIAN_POINT ( 'NONE',  ( 0.4391132985100754671, 0.7000000000000002887, -0.09421090330695937320 ) ) ;
#1909 = COLOUR_RGB ( '',0.3764705882352941124, 0.3764705882352941124, 0.3764705882352941124 ) ;
#1910 = EDGE_LOOP ( 'NONE', ( #944, #3161, #2002 ) ) ;
#1911 = VERTEX_POINT ( 'NONE', #1988 ) ;
#1912 = LINE ( 'NONE', #1093, #4314 ) ;
#1913 = CARTESIAN_POINT ( 'NONE',  ( 0.5403146016360218518, 0.7000000000000000666, -0.003359070035488265563 ) ) ;
#1914 = DIRECTION ( 'NONE',  ( -1.000000000000000000, 0.0000000000000000000, -1.141265444721583757E-16 ) ) ;
#1915 = DIRECTION ( 'NONE',  ( -1.000000000000000000, 0.0000000000000000000, 0.0000000000000000000 ) ) ;
#1916 = DIRECTION ( 'NONE',  ( 0.0000000000000000000, 0.0000000000000000000, 1.000000000000000000 ) ) ;
#1917 = CARTESIAN_POINT ( 'NONE',  ( 0.7894529025961974922, 0.7000000000000000666, -0.2131160910121950858 ) ) ;
#1918 = CARTESIAN_POINT ( 'NONE',  ( 1.107839107813725077, 0.9000000000000002442, -0.1199916250560109643 ) ) ;
#1919 = EDGE_CURVE ( 'NONE', #61, #6095, #4428, .T. ) ;
#1920 = ADVANCED_FACE ( 'NONE', ( #5860 ), #6403, .T. ) ;
#1921 = PRESENTATION_STYLE_ASSIGNMENT (( #1872 ) ) ;
#1922 = ORIENTED_EDGE ( 'NONE', *, *, #4773, .F. ) ;
#1923 = DIRECTION ( 'NONE',  ( -0.0000000000000000000, 1.000000000000000000, -0.0000000000000000000 ) ) ;
#1924 = CARTESIAN_POINT ( 'NONE',  ( 0.3527741871535465257, 0.9000000000000001332, 0.05016362618077466196 ) ) ;
#1925 =( LENGTH_UNIT ( ) NAMED_UNIT ( * ) SI_UNIT ( .MILLI., .METRE. ) );
#1926 = DIRECTION ( 'NONE',  ( 0.0000000000000000000, 1.000000000000000000, 0.0000000000000000000 ) ) ;
#1927 = CARTESIAN_POINT ( 'NONE',  ( 0.4799051138979105180, 0.7000000000000001776, -0.02979514170430172873 ) ) ;
#1928 = CARTESIAN_POINT ( 'NONE',  ( -0.7359686992086823532, 0.6999999999999999556, -0.2173941577547864601 ) ) ;
#1929 = STYLED_ITEM ( 'NONE', ( #2783 ), #4620 ) ;
#1930 = CARTESIAN_POINT ( 'NONE',  ( 0.7710488446509666804, 0.7000000000000000666, -0.1402011752986461468 ) ) ;
#1931 = EDGE_CURVE ( 'NONE', #113, #9789, #7840, .T. ) ;
#1932 = EDGE_LOOP ( 'NONE', ( #7887, #10007, #4703, #4469 ) ) ;
#1933 = ADVANCED_FACE ( 'NONE', ( #6183 ), #9514, .T. ) ;
#1934 = ORIENTED_EDGE ( 'NONE', *, *, #2680, .F. ) ;
#1935 =( GEOMETRIC_REPRESENTATION_CONTEXT ( 3 ) GLOBAL_UNCERTAINTY_ASSIGNED_CONTEXT ( ( #7202 ) ) GLOBAL_UNIT_ASSIGNED_CONTEXT ( ( #8675, #4693, #6875 ) ) REPRESENTATION_CONTEXT ( 'NONE', 'WORKASPACE' ) );
#1936 = CARTESIAN_POINT ( 'NONE',  ( 0.7660118264542384869, 0.7000000000000001776, 0.01626577587549258089 ) ) ;
#1937 =( NAMED_UNIT ( * ) SI_UNIT ( $, .STERADIAN. ) SOLID_ANGLE_UNIT ( ) );
#1938 = CARTESIAN_POINT ( 'NONE',  ( -0.6927676280481902538, 0.8999999999999998002, -0.2062021983103295153 ) ) ;
#1939 = FILL_AREA_STYLE_COLOUR ( '', #1098 ) ;
#1940 = CARTESIAN_POINT ( 'NONE',  ( 0.7807958060217028429, 0.6999999999999997335, 0.08372307155064834250 ) ) ;
#1941 = CARTESIAN_POINT ( 'NONE',  ( -1.399999999999999689, 0.0000000000000000000, -0.0000000000000000000 ) ) ;
#1942 = CARTESIAN_POINT ( 'NONE',  ( 0.6512033909106906826, 0.9000000000000001332, -0.2040689775846445397 ) ) ;
#1943 = AXIS2_PLACEMENT_3D ( 'NONE', #6665, #2009, #2123 ) ;
#1944 = CARTESIAN_POINT ( 'NONE',  ( 0.3894287103645609482, 0.9000000000000002442, 0.08969775790305527241 ) ) ;
#1945 = CARTESIAN_POINT ( 'NONE',  ( 0.5112796291258482340, 0.8999999999999995781, 0.04420882317578790632 ) ) ;
#1946 = VECTOR ( 'NONE', #3214, 1000.000000000000000 ) ;
#1947 = EDGE_CURVE ( 'NONE', #7287, #5545, #7993, .T. ) ;
#1948 = EDGE_CURVE ( 'NONE', #490, #1886, #1832, .T. ) ;
#1949 = LINE ( 'NONE', #3034, #3300 ) ;
#1950 = EDGE_LOOP ( 'NONE', ( #4898, #2824, #7891, #8545 ) ) ;
#1951 = PRESENTATION_STYLE_ASSIGNMENT (( #2678 ) ) ;
#1952 = CARTESIAN_POINT ( 'NONE',  ( 1.105833814659736181, 0.6999999999999997335, -0.1445450044893082930 ) ) ;
#1953 = B_SPLINE_CURVE_WITH_KNOTS ( 'NONE', 3,
 ( #8004, #3232, #867, #8888, #55, #3964, #6396, #1749, #6298, #5603, #4699, #1696, #4843, #4891, #8104, #970, #3, #3339, #6502 ),
 .UNSPECIFIED., .F., .F.,
 ( 4, 1, 1, 1, 1, 1, 1, 1, 1, 1, 1, 1, 1, 1, 1, 1, 4 ),
 ( 0.0000000000000000000, 0.1059978334649511744, 0.2039785509662679075, 0.2936616427406907315, 0.3761669823416301517, 0.4508871461858165453, 0.5190837276975980297, 0.5804015996944131839, 0.6359627860061101146, 0.6875097239223804113, 0.7356169966248234937, 0.7815047891159294657, 0.8254749817547526458, 0.8686186508520801208, 0.9117314036651810172, 0.9550790404512339293, 1.000000000000000000 ),
 .UNSPECIFIED. ) ;
#1954 = LINE ( 'NONE', #9005, #8850 ) ;
#1955 = CARTESIAN_POINT ( 'NONE',  ( -0.6250000000000000000, 0.0000000000000000000, 0.6699999999999965983 ) ) ;
#1956 = FACE_OUTER_BOUND ( 'NONE', #10215, .T. ) ;
#1957 = CARTESIAN_POINT ( 'NONE',  ( -0.6250000000000000000, -0.1000000000000000056, 1.149999999999996581 ) ) ;
#1958 = ORIENTED_EDGE ( 'NONE', *, *, #8959, .F. ) ;
#1959 = ORIENTED_EDGE ( 'NONE', *, *, #1784, .F. ) ;
#1960 = CARTESIAN_POINT ( 'NONE',  ( 0.7408736675949301187, 0.7000000000000002887, -0.1185802113258998397 ) ) ;
#1961 = CARTESIAN_POINT ( 'NONE',  ( -0.7377230851735946393, 0.7000000000000000666, 0.08962338610486260404 ) ) ;
#1962 = DIRECTION ( 'NONE',  ( -0.8436614877321072514, 0.0000000000000000000, -0.5368754921931597757 ) ) ;
#1963 = CARTESIAN_POINT ( 'NONE',  ( 1.138787064885817824, 0.6999999999999998446, -0.1684721627927978360 ) ) ;
#1964 = CARTESIAN_POINT ( 'NONE',  ( 0.5464874411421946077, 0.8999999999999998002, -0.1402011752986460913 ) ) ;
#1965 = SURFACE_STYLE_FILL_AREA ( #7710 ) ;
#1966 = CARTESIAN_POINT ( 'NONE',  ( 0.2153461691253343857, 0.7000000000000002887, -0.07468777635896793610 ) ) ;
#1967 = DIRECTION ( 'NONE',  ( 0.0000000000000000000, 1.000000000000000000, 0.0000000000000000000 ) ) ;
#1968 = CARTESIAN_POINT ( 'NONE',  ( 1.104067423802919334, 0.9000000000000000222, -0.1506097460799339927 ) ) ;
#1969 = CARTESIAN_POINT ( 'NONE',  ( 0.1395214402546585963, 0.9000000000000002442, 0.02417324000896225664 ) ) ;
#1970 = ORIENTED_EDGE ( 'NONE', *, *, #6574, .T. ) ;
#1971 = LINE ( 'NONE', #5126, #2178 ) ;
#1972 = CARTESIAN_POINT ( 'NONE',  ( 0.1416876209857539926, 0.8999999999999999112, -0.1844405682542383518 ) ) ;
#1973 = CARTESIAN_POINT ( 'NONE',  ( 0.3691423576480065694, 0.7000000000000000666, 0.05628700181967688509 ) ) ;
#1974 = DIRECTION ( 'NONE',  ( -0.0000000000000000000, 1.000000000000000000, -0.0000000000000000000 ) ) ;
#1975 = CARTESIAN_POINT ( 'NONE',  ( 0.5043821779843000730, 0.6999999999999999556, -0.001604684070575989382 ) ) ;
#1976 = CARTESIAN_POINT ( 'NONE',  ( 0.3640363228164114062, 0.6999999999999999556, 0.08869338857927029640 ) ) ;
#1977 = CARTESIAN_POINT ( 'NONE',  ( 0.5493339999270512308, 0.9000000000000001332, -0.1229090932127587105 ) ) ;
#1978 = DIRECTION ( 'NONE',  ( -1.000000000000000000, 0.0000000000000000000, 0.0000000000000000000 ) ) ;
#1979 = CARTESIAN_POINT ( 'NONE',  ( 0.3752280393604026654, 0.9000000000000000222, 0.05752267381020948617 ) ) ;
#1980 = ORIENTED_EDGE ( 'NONE', *, *, #2173, .T. ) ;
#1981 = ORIENTED_EDGE ( 'NONE', *, *, #7247, .T. ) ;
#1982 = EDGE_LOOP ( 'NONE', ( #1383, #3755, #2100, #9749 ) ) ;
#1983 = VECTOR ( 'NONE', #4730, 1000.000000000000000 ) ;
#1984 =( NAMED_UNIT ( * ) PLANE_ANGLE_UNIT ( ) SI_UNIT ( $, .RADIAN. ) );
#1985 = FACE_OUTER_BOUND ( 'NONE', #5946, .T. ) ;
#1986 = ADVANCED_FACE ( 'NONE', ( #9742 ), #4975, .T. ) ;
#1987 = UNCERTAINTY_MEASURE_WITH_UNIT (LENGTH_MEASURE( 1.000000000000000082E-05 ), #5979, 'distance_accuracy_value', 'NONE');
#1988 = CARTESIAN_POINT ( 'NONE',  ( 0.9249999999999998224, 0.0000000000000000000, -0.6250000000000001110 ) ) ;
#1989 = SURFACE_STYLE_FILL_AREA ( #8458 ) ;
#1990 = CARTESIAN_POINT ( 'NONE',  ( -0.6489270973589733593, 0.9000000000000001332, -0.1315004888918331338 ) ) ;
#1991 = DIRECTION ( 'NONE',  ( 0.0000000000000000000, 1.000000000000000000, 0.0000000000000000000 ) ) ;
#1992 = VECTOR ( 'NONE', #7877, 1000.000000000000114 ) ;
#1993 = CARTESIAN_POINT ( 'NONE',  ( 0.8011001797983475781, 0.9000000000000002442, 0.08822479956790069133 ) ) ;
#1994 = CARTESIAN_POINT ( 'NONE',  ( -0.7339721874408826618, 0.6999999999999999556, -0.1839989472609520060 ) ) ;
#1995 = CARTESIAN_POINT ( 'NONE',  ( 0.5269636025761570419, 0.6999999999999999556, -0.1837136004031729442 ) ) ;
#1996 = CARTESIAN_POINT ( 'NONE',  ( 0.4746388461028622774, 0.8999999999999998002, -0.05186554478298441989 ) ) ;
#1997 = CARTESIAN_POINT ( 'NONE',  ( 0.6684960974724165617, 0.8999999999999998002, 0.06688635824830385657 ) ) ;
#1998 = CARTESIAN_POINT ( 'NONE',  ( -0.8392580568476514236, 0.7000000000000000666, -0.03642640320749505195 ) ) ;
#1999 = LINE ( 'NONE', #3698, #4426 ) ;
#2000 = CARTESIAN_POINT ( 'NONE',  ( 0.5210295594020738497, 0.6999999999999999556, -0.05247184290646548371 ) ) ;
#2001 = MECHANICAL_DESIGN_GEOMETRIC_PRESENTATION_REPRESENTATION (  '', ( #1348 ), #2521 ) ;
#2002 = ORIENTED_EDGE ( 'NONE', *, *, #6262, .F. ) ;
#2003 = CARTESIAN_POINT ( 'NONE',  ( 0.3112107585879143601, 0.9000000000000002442, -0.09294829071087562511 ) ) ;
#2004 = CARTESIAN_POINT ( 'NONE',  ( 0.8736379836602401472, 0.6999999999999998446, -0.1389509197478253355 ) ) ;
#2005 = CARTESIAN_POINT ( 'NONE',  ( 1.072269338387594084, 0.6999999999999996225, -0.1776290341069270973 ) ) ;
#2007 = EDGE_CURVE ( 'NONE', #1155, #7056, #9999, .T. ) ;
#2006 = FILL_AREA_STYLE_COLOUR ( '', #8356 ) ;
#2008 = DIRECTION ( 'NONE',  ( 0.0000000000000000000, 0.0000000000000000000, -1.000000000000000000 ) ) ;
#2009 = DIRECTION ( 'NONE',  ( 0.0000000000000000000, 1.000000000000000000, -0.0000000000000000000 ) ) ;
#2010 =( GEOMETRIC_REPRESENTATION_CONTEXT ( 3 ) GLOBAL_UNCERTAINTY_ASSIGNED_CONTEXT ( ( #1595 ) ) GLOBAL_UNIT_ASSIGNED_CONTEXT ( ( #7694, #6824, #10184 ) ) REPRESENTATION_CONTEXT ( 'NONE', 'WORKASPACE' ) );
#2011 = CARTESIAN_POINT ( 'NONE',  ( 0.5585610695342843046, 0.9000000000000001332, 0.04648009192836408815 ) ) ;
#2012 = CARTESIAN_POINT ( 'NONE',  ( 1.107039031525355544, 0.7000000000000003997, -0.1378156177574216545 ) ) ;
#2013 = ADVANCED_FACE ( 'NONE', ( #2853 ), #1703, .T. ) ;
#2014 = VERTEX_POINT ( 'NONE', #251 ) ;
#2015 = ORIENTED_EDGE ( 'NONE', *, *, #9109, .T. ) ;
#2016 = CARTESIAN_POINT ( 'NONE',  ( 0.8134158620754032842, 0.7000000000000001776, -0.2172497489325814213 ) ) ;
#2017 = CARTESIAN_POINT ( 'NONE',  ( 0.8732463833282452237, 0.8999999999999999112, -0.1339347267550653475 ) ) ;
#2019 = EDGE_CURVE ( 'NONE', #135, #8648, #9030, .T. ) ;
#2018 = FILL_AREA_STYLE_COLOUR ( '', #8200 ) ;
#2020 = LINE ( 'NONE', #4350, #884 ) ;
#2021 = DIRECTION ( 'NONE',  ( -0.0000000000000000000, 1.000000000000000000, -0.0000000000000000000 ) ) ;
#2022 = CARTESIAN_POINT ( 'NONE',  ( 0.9070119046214768499, 0.7000000000000001776, -0.1241746162478760823 ) ) ;
#2023 = CARTESIAN_POINT ( 'NONE',  ( 0.4589611246601815742, 0.6999999999999997335, 0.05510800008204910089 ) ) ;
#2024 = CARTESIAN_POINT ( 'NONE',  ( 1.044733055177282433, 0.8999999999999999112, -0.1805520524916285896 ) ) ;
#2025 = STYLED_ITEM ( 'NONE', ( #3116 ), #264 ) ;
#2026 = CARTESIAN_POINT ( 'NONE',  ( 0.1929298028267642795, 0.7000000000000001776, -0.1067641622361169829 ) ) ;
#2027 = VECTOR ( 'NONE', #10265, 1000.000000000000000 ) ;
#2028 = EDGE_LOOP ( 'NONE', ( #8859, #4822, #9874, #4968 ) ) ;
#2029 = CARTESIAN_POINT ( 'NONE',  ( -0.7951815833516764354, 0.9000000000000003553, -0.01603270295209041976 ) ) ;
#2030 = CARTESIAN_POINT ( 'NONE',  ( 0.0000000000000000000, -0.1000000000000000056, 1.057063338531172292 ) ) ;
#2031 =( GEOMETRIC_REPRESENTATION_CONTEXT ( 3 ) GLOBAL_UNCERTAINTY_ASSIGNED_CONTEXT ( ( #3146 ) ) GLOBAL_UNIT_ASSIGNED_CONTEXT ( ( #5268, #4504, #3716 ) ) REPRESENTATION_CONTEXT ( 'NONE', 'WORKASPACE' ) );
#2033 = EDGE_CURVE ( 'NONE', #2970, #677, #9715, .T. ) ;
#2032 = CARTESIAN_POINT ( 'NONE',  ( -0.7192869078816735984, 0.7000000000000005107, -0.1814573529095354631 ) ) ;
#2034 = PRESENTATION_LAYER_ASSIGNMENT (  '', '', ( #5818 ) ) ;
#2035 = CARTESIAN_POINT ( 'NONE',  ( 1.004382177984299851, 0.9000000000000000222, -0.1805520524916285896 ) ) ;
#2036 = CARTESIAN_POINT ( 'NONE',  ( 0.4549995052219930058, 0.6999999999999997335, 0.06031201393174513703 ) ) ;
#2037 = CARTESIAN_POINT ( 'NONE',  ( 0.1416876209857539926, 0.8999999999999999112, -0.1844405682542383518 ) ) ;
#2038 = CARTESIAN_POINT ( 'NONE',  ( 0.7778209903331807507, 0.9000000000000002442, -0.1145862049331559801 ) ) ;
#2039 = CARTESIAN_POINT ( 'NONE',  ( 0.6848300568039423775, 0.7000000000000001776, -0.1496795249161753938 ) ) ;
#2040 = SURFACE_STYLE_USAGE ( .BOTH. , #9182 ) ;
#2041 = LINE ( 'NONE', #2861, #7163 ) ;
#2042 = ORIENTED_EDGE ( 'NONE', *, *, #9088, .F. ) ;
#2043 = VECTOR ( 'NONE', #7217, 1000.000000000000000 ) ;
#2044 = ORIENTED_EDGE ( 'NONE', *, *, #3346, .F. ) ;
#2045 = CARTESIAN_POINT ( 'NONE',  ( 0.3752280393604026654, 0.6999999999999999556, 0.05752267381020948617 ) ) ;
#2046 = ORIENTED_EDGE ( 'NONE', *, *, #866, .T. ) ;
#2047 =( GEOMETRIC_REPRESENTATION_CONTEXT ( 3 ) GLOBAL_UNCERTAINTY_ASSIGNED_CONTEXT ( ( #5522 ) ) GLOBAL_UNIT_ASSIGNED_CONTEXT ( ( #6808, #1226, #1937 ) ) REPRESENTATION_CONTEXT ( 'NONE', 'WORKASPACE' ) );
#2048 = CARTESIAN_POINT ( 'NONE',  ( 0.7648760051447934805, 0.6999999999999996225, -0.003359070035488264262 ) ) ;
#2049 =( NAMED_UNIT ( * ) PLANE_ANGLE_UNIT ( ) SI_UNIT ( $, .RADIAN. ) );
#2050 = SURFACE_STYLE_FILL_AREA ( #9401 ) ;
#2051 = VECTOR ( 'NONE', #7930, 1000.000000000000000 ) ;
#2052 = CARTESIAN_POINT ( 'NONE',  ( 1.085354557929775421, 0.6999999999999999556, -0.03467967968997766326 ) ) ;
#2053 = CARTESIAN_POINT ( 'NONE',  ( 0.0000000000000000000, -0.1000000000000000056, 0.0000000000000000000 ) ) ;
#2054 = CARTESIAN_POINT ( 'NONE',  ( 0.5574968415561697421, 0.9000000000000001332, -0.2104651057289956551 ) ) ;
#2055 = CARTESIAN_POINT ( 'NONE',  ( 0.4641493821221924776, 0.9000000000000002442, -0.07201117682011251575 ) ) ;
#2056 = PLANE ( 'NONE',  #9615 ) ;
#2057 = EDGE_CURVE ( 'NONE', #10042, #7464, #6307, .T. ) ;
#2058 = DIRECTION ( 'NONE',  ( 0.0000000000000000000, 0.0000000000000000000, -1.000000000000000000 ) ) ;
#2059 = CARTESIAN_POINT ( 'NONE',  ( -0.1763195764016647626, 0.6999999999999999556, 0.01769356154345909371 ) ) ;
#2060 = ORIENTED_EDGE ( 'NONE', *, *, #8213, .F. ) ;
#2061 = CARTESIAN_POINT ( 'NONE',  ( 0.3184172657035982956, 0.6999999999999999556, -0.1051134560004005486 ) ) ;
#2062 = PRESENTATION_STYLE_ASSIGNMENT (( #6035 ) ) ;
#2063 = CARTESIAN_POINT ( 'NONE',  ( 0.8724517024274250909, 0.6999999999999999556, -0.1289907461749949247 ) ) ;
#2064 = CARTESIAN_POINT ( 'NONE',  ( 0.6593127802271496751, 0.6999999999999996225, -0.06571319511617655651 ) ) ;
#2065 = CARTESIAN_POINT ( 'NONE',  ( 1.004382177984299851, 0.6999999999999999556, -0.03142924547408474517 ) ) ;
#2066 = CARTESIAN_POINT ( 'NONE',  ( -0.7377230851735945283, 0.6999999999999999556, 0.05629005277152926423 ) ) ;
#2067 = VECTOR ( 'NONE', #4853, 1000.000000000000000 ) ;
#2068 = FILL_AREA_STYLE_COLOUR ( '', #6571 ) ;
#2069 = CARTESIAN_POINT ( 'NONE',  ( 1.148173240787928595, 0.6999999999999998446, -0.1192312745863559065 ) ) ;
#2070 = CARTESIAN_POINT ( 'NONE',  ( -0.1250000000000000000, -0.1000000000000000056, -0.6700000000000000400 ) ) ;
#2071 = CARTESIAN_POINT ( 'NONE',  ( 0.3163252637584519356, 0.6999999999999995115, 0.06833276793167442076 ) ) ;
#2072 = ORIENTED_EDGE ( 'NONE', *, *, #1947, .F. ) ;
#2073 = VERTEX_POINT ( 'NONE', #7918 ) ;
#2074 = EDGE_CURVE ( 'NONE', #7327, #10267, #7157, .T. ) ;
#2075 = VERTEX_POINT ( 'NONE', #5609 ) ;
#2076 = CARTESIAN_POINT ( 'NONE',  ( -0.4254423834192086473, 0.6999999999999999556, -0.2138853858249619433 ) ) ;
#2077 = CARTESIAN_POINT ( 'NONE',  ( 0.8535768401126081484, 0.6999999999999998446, -0.2140002896161382340 ) ) ;
#2078 = VECTOR ( 'NONE', #7789, 1000.000000000000000 ) ;
#2079 = CARTESIAN_POINT ( 'NONE',  ( 0.8097475163284283406, 0.6999999999999999556, -0.09193065823550433668 ) ) ;
#2080 = CARTESIAN_POINT ( 'NONE',  ( -0.3750000000000000000, -0.1000000000000000056, -1.149999999999996581 ) ) ;
#2081 = CARTESIAN_POINT ( 'NONE',  ( 0.7383901477222403198, 0.6999999999999998446, -0.1458124477128922292 ) ) ;
#2082 = SURFACE_STYLE_USAGE ( .BOTH. , #5320 ) ;
#2083 = CARTESIAN_POINT ( 'NONE',  ( 0.7807958060217028429, 0.8999999999999998002, 0.08372307155064834250 ) ) ;
#2084 = DIRECTION ( 'NONE',  ( 1.000000000000000000, 0.0000000000000000000, 0.0000000000000000000 ) ) ;
#2085 = EDGE_CURVE ( 'NONE', #9215, #2891, #9519, .T. ) ;
#2086 = ORIENTED_EDGE ( 'NONE', *, *, #4786, .F. ) ;
#2087 = LINE ( 'NONE', #4513, #2815 ) ;
#2088 = CARTESIAN_POINT ( 'NONE',  ( 0.1806048038309508164, 0.8999999999999999112, -0.08358142037433353988 ) ) ;
#2089 = CARTESIAN_POINT ( 'NONE',  ( -0.7339721874408826618, 0.9000000000000000222, -0.1839989472609520060 ) ) ;
#2090 = CARTESIAN_POINT ( 'NONE',  ( 0.3280328480685075210, 0.8999999999999996891, 0.07661175230064641573 ) ) ;
#2091 = CARTESIAN_POINT ( 'NONE',  ( 0.1682611651377174111, 0.8999999999999999112, -0.1845304882031482130 ) ) ;
#2092 = CARTESIAN_POINT ( 'NONE',  ( 0.5407027871732185131, 0.6999999999999998446, -0.008451402390986909735 ) ) ;
#2093 =( NAMED_UNIT ( * ) PLANE_ANGLE_UNIT ( ) SI_UNIT ( $, .RADIAN. ) );
#2094 = ORIENTED_EDGE ( 'NONE', *, *, #6565, .T. ) ;
#2095 = CARTESIAN_POINT ( 'NONE',  ( 0.5210295594020738497, 0.9000000000000000222, -0.05247184290646548371 ) ) ;
#2096 = VECTOR ( 'NONE', #87, 1000.000000000000000 ) ;
#2097 = VERTEX_POINT ( 'NONE', #8742 ) ;
#2098 = ADVANCED_FACE ( 'NONE', ( #8014 ), #9616, .F. ) ;
#2099 = FACE_BOUND ( 'NONE', #2889, .T. ) ;
#2100 = ORIENTED_EDGE ( 'NONE', *, *, #5467, .T. ) ;
#2101 = CARTESIAN_POINT ( 'NONE',  ( 0.7831224730430564884, 0.9000000000000002442, 0.04648009192836394243 ) ) ;
#2102 = PRODUCT_CONTEXT ( 'NONE', #4387, 'mechanical' ) ;
#2103 = CARTESIAN_POINT ( 'NONE',  ( 0.3112107585879143601, 0.9000000000000002442, -0.09294829071087562511 ) ) ;
#2104 = MECHANICAL_DESIGN_GEOMETRIC_PRESENTATION_REPRESENTATION (  '', ( #1612 ), #3582 ) ;
#2105 = VECTOR ( 'NONE', #5217, 1000.000000000000000 ) ;
#2106 = CARTESIAN_POINT ( 'NONE',  ( 1.110213391794864890, 0.8999999999999996891, -0.04515084218308483555 ) ) ;
#2107 = CARTESIAN_POINT ( 'NONE',  ( 0.7290648178245073829, 0.7000000000000003997, 0.008483538044721459712 ) ) ;
#2108 = CARTESIAN_POINT ( 'NONE',  ( -0.6868458921911384518, 0.9000000000000000222, -0.03318363143899703133 ) ) ;
#2109 = CARTESIAN_POINT ( 'NONE',  ( 0.5725662141455176712, 0.9000000000000002442, -0.2150340384575860353 ) ) ;
#2110 = CARTESIAN_POINT ( 'NONE',  ( 0.2845685193024710125, 0.9000000000000002442, -0.005323676407148138397 ) ) ;
#2111 = DIRECTION ( 'NONE',  ( 0.0000000000000000000, 1.000000000000000000, 0.0000000000000000000 ) ) ;
#2112 = CARTESIAN_POINT ( 'NONE',  ( -0.7479850488146753129, 0.8999999999999999112, 0.08935423315906276809 ) ) ;
#2113 = LINE ( 'NONE', #5820, #10145 ) ;
#2114 = AXIS2_PLACEMENT_3D ( 'NONE', #9097, #1180, #2058 ) ;
#2115 = EDGE_LOOP ( 'NONE', ( #4874, #10216, #1980, #626 ) ) ;
#2116 = CARTESIAN_POINT ( 'NONE',  ( 0.2854218324601169865, 0.9000000000000000222, -0.02232033645037829681 ) ) ;
#2117 = CARTESIAN_POINT ( 'NONE',  ( 0.8579534289743935283, 0.7000000000000000666, -0.1030944160399638460 ) ) ;
#2118 = CARTESIAN_POINT ( 'NONE',  ( 0.6698669427346337635, 0.9000000000000000222, -0.05887469734024909640 ) ) ;
#2119 = SURFACE_STYLE_FILL_AREA ( #5415 ) ;
#2120 = SURFACE_STYLE_USAGE ( .BOTH. , #6825 ) ;
#2121 =( GEOMETRIC_REPRESENTATION_CONTEXT ( 3 ) GLOBAL_UNCERTAINTY_ASSIGNED_CONTEXT ( ( #6452 ) ) GLOBAL_UNIT_ASSIGNED_CONTEXT ( ( #6260, #7009, #10144 ) ) REPRESENTATION_CONTEXT ( 'NONE', 'WORKASPACE' ) );
#2122 = CARTESIAN_POINT ( 'NONE',  ( 0.6478902989186535732, 0.7000000000000000666, -0.1289907461749949247 ) ) ;
#2123 = DIRECTION ( 'NONE',  ( 0.0000000000000000000, 0.0000000000000000000, 1.000000000000000000 ) ) ;
#2124 = CARTESIAN_POINT ( 'NONE',  ( 0.5520628615816102203, 0.9000000000000001332, 0.04074234594443134488 ) ) ;
#2125 = CARTESIAN_POINT ( 'NONE',  ( 0.2850839323702649697, 0.6999999999999999556, -0.01823886210826279955 ) ) ;
#2126 = VERTEX_POINT ( 'NONE', #3974 ) ;
#2127 = EDGE_LOOP ( 'NONE', ( #3429, #610, #8833, #8766, #2630, #1959, #9851, #1116, #4240, #8990, #10165, #774, #692, #3950, #6354, #9078 ) ) ;
#2128 = CARTESIAN_POINT ( 'NONE',  ( -0.04123185710341913113, 0.6999999999999999556, -0.1507274910881198082 ) ) ;
#2129 = VECTOR ( 'NONE', #5178, 1000.000000000000000 ) ;
#2130 = CARTESIAN_POINT ( 'NONE',  ( -0.6868809174019950836, 0.8999999999999999112, -0.1099876216223844294 ) ) ;
#2131 = UNCERTAINTY_MEASURE_WITH_UNIT (LENGTH_MEASURE( 1.000000000000000082E-05 ), #5862, 'distance_accuracy_value', 'NONE');
#2132 = EDGE_CURVE ( 'NONE', #9919, #1850, #3196, .T. ) ;
#2133 = LINE ( 'NONE', #2293, #2852 ) ;
#2134 = FILL_AREA_STYLE ('',( #6049 ) ) ;
#2135 = CARTESIAN_POINT ( 'NONE',  ( 0.6353187335116521339, 0.7000000000000001776, 0.04698288242961545097 ) ) ;
#2136 = CARTESIAN_POINT ( 'NONE',  ( 0.7289435814930720348, 0.9000000000000001332, -0.001604684070575989382 ) ) ;
#2137 = CARTESIAN_POINT ( 'NONE',  ( 0.7564499603681328344, 0.8999999999999998002, -0.1902900081931196696 ) ) ;
#2138 = CARTESIAN_POINT ( 'NONE',  ( 0.9076989527507820510, 0.7000000000000000666, -0.1611068460104883304 ) ) ;
#2139 = CARTESIAN_POINT ( 'NONE',  ( 0.1736068897081674001, 0.6999999999999999556, -0.01705020912657261370 ) ) ;
#2140 = COLOUR_RGB ( '',1.000000000000000000, 0.9607843137254902244, 0.4549019607843137192 ) ;
#2141 = CARTESIAN_POINT ( 'NONE',  ( 0.06403130079131763575, 0.7000000000000000666, 0.07734268435047664259 ) ) ;
#2142 = VERTEX_POINT ( 'NONE', #2433 ) ;
#2143 = CARTESIAN_POINT ( 'NONE',  ( 0.1762707451243553936, 0.9000000000000000222, -0.1812305706189892007 ) ) ;
#2144 = CARTESIAN_POINT ( 'NONE',  ( 0.8184440763860424406, 0.7000000000000003997, -0.05451370953157304994 ) ) ;
#2145 = CARTESIAN_POINT ( 'NONE',  ( -0.1763195764016647626, 0.9000000000000000222, -0.01213099986004967552 ) ) ;
#2146 = CARTESIAN_POINT ( 'NONE',  ( 0.2249209306515034257, 0.6999999999999997335, -0.1859960567173742363 ) ) ;
#2147 = CARTESIAN_POINT ( 'NONE',  ( 0.3065202737507037867, 0.6999999999999999556, 0.05855502480900741380 ) ) ;
#2148 = CARTESIAN_POINT ( 'NONE',  ( 0.5639303360444291036, 0.6999999999999997335, -0.04490989065077138215 ) ) ;
#2149 = CARTESIAN_POINT ( 'NONE',  ( 0.5888544585666312114, 0.7000000000000001776, -0.2172497489325814490 ) ) ;
#2150 = ADVANCED_FACE ( 'NONE', ( #8064 ), #5566, .T. ) ;
#2151 = PLANE ( 'NONE',  #8608 ) ;
#2152 = CARTESIAN_POINT ( 'NONE',  ( 0.1250000000000000000, -0.1000000000000000056, -0.0000000000000000000 ) ) ;
#2153 = ORIENTED_EDGE ( 'NONE', *, *, #1366, .T. ) ;
#2154 = ORIENTED_EDGE ( 'NONE', *, *, #1152, .T. ) ;
#2155 = FACE_BOUND ( 'NONE', #2918, .T. ) ;
#2156 = CARTESIAN_POINT ( 'NONE',  ( 0.6491624797894113286, 0.6999999999999998446, -0.1445432502515862361 ) ) ;
#2157 = CARTESIAN_POINT ( 'NONE',  ( -0.6149160676297349415, 0.9000000000000000222, 0.08611461417503804561 ) ) ;
#2158 = CARTESIAN_POINT ( 'NONE',  ( 0.2908675622167968267, 0.9000000000000001332, -0.05183172801753020004 ) ) ;
#2159 = CYLINDRICAL_SURFACE ( 'NONE', #7924, 0.1380183217409907959 ) ;
#2160 = CARTESIAN_POINT ( 'NONE',  ( 0.7358410326346203068, 0.9000000000000003553, 0.04420882317578798265 ) ) ;
#2161 = EDGE_CURVE ( 'NONE', #3795, #9185, #5764, .T. ) ;
#2162 = CARTESIAN_POINT ( 'NONE',  ( 0.5438200315189058998, 0.9000000000000000222, -0.2020494904226868005 ) ) ;
#2163 = CARTESIAN_POINT ( 'NONE',  ( 0.8295398396310783573, 0.8999999999999999112, -0.05448074153678757192 ) ) ;
#2164 = EDGE_LOOP ( 'NONE', ( #9634, #5910, #5310, #3266 ) ) ;
#2165 = DIRECTION ( 'NONE',  ( 0.0000000000000000000, 0.0000000000000000000, 1.000000000000000000 ) ) ;
#2166 = VECTOR ( 'NONE', #3830, 1000.000000000000000 ) ;
#2167 = CARTESIAN_POINT ( 'NONE',  ( -0.1394774711385069477, 0.9000000000000000222, -0.01213099986004967552 ) ) ;
#2168 = CARTESIAN_POINT ( 'NONE',  ( -0.8394774711385069033, 0.7000000000000000666, -0.05423626301794441662 ) ) ;
#2169 = PLANE ( 'NONE',  #3082 ) ;
#2170 = LINE ( 'NONE', #495, #1385 ) ;
#2171 = CARTESIAN_POINT ( 'NONE',  ( 0.1043748405510689092, 0.6999999999999996225, -0.2071860935441334206 ) ) ;
#2172 =( NAMED_UNIT ( * ) SI_UNIT ( $, .STERADIAN. ) SOLID_ANGLE_UNIT ( ) );
#2173 = EDGE_CURVE ( 'NONE', #7415, #2983, #1135, .T. ) ;
#2174 = CARTESIAN_POINT ( 'NONE',  ( 0.6368690670691192768, 0.7000000000000000666, -0.1067965028822609186 ) ) ;
#2175 = CARTESIAN_POINT ( 'NONE',  ( -0.3973722079806121243, 0.6999999999999999556, -0.05423626301794440968 ) ) ;
#2176 = CARTESIAN_POINT ( 'NONE',  ( 1.107739438573630109, 0.8999999999999995781, -0.1304479404902150474 ) ) ;
#2177 = ORIENTED_EDGE ( 'NONE', *, *, #6574, .F. ) ;
#2178 = VECTOR ( 'NONE', #7399, 1000.000000000000000 ) ;
#2179 = ORIENTED_EDGE ( 'NONE', *, *, #2527, .F. ) ;
#2180 = VERTEX_POINT ( 'NONE', #1238 ) ;
#2181 = CARTESIAN_POINT ( 'NONE',  ( 0.1250000000000000000, 0.0000000000000000000, -0.0000000000000000000 ) ) ;
#2182 = CARTESIAN_POINT ( 'NONE',  ( -0.6149160676297349415, 0.6999999999999999556, -0.2138853858249619433 ) ) ;
#2183 = VECTOR ( 'NONE', #5216, 1000.000000000000000 ) ;
#2184 = CARTESIAN_POINT ( 'NONE',  ( -0.4254423834192086473, 0.6999999999999999556, 0.08611461417503804561 ) ) ;
#2185 = CARTESIAN_POINT ( 'NONE',  ( -0.7882687094678405559, 0.9000000000000000222, 0.01554838020102773666 ) ) ;
#2186 = CARTESIAN_POINT ( 'NONE',  ( 0.5623824309808747035, 0.8999999999999998002, 0.04888778245758301083 ) ) ;
#2187 = DIRECTION ( 'NONE',  ( -1.000000000000000000, 0.0000000000000000000, 0.0000000000000000000 ) ) ;
#2188 = CARTESIAN_POINT ( 'NONE',  ( 0.8998181030318412876, 0.9000000000000002442, -0.1040516228456580677 ) ) ;
#2189 = DIRECTION ( 'NONE',  ( 1.000000000000000000, 0.0000000000000000000, 0.0000000000000000000 ) ) ;
#2190 = CARTESIAN_POINT ( 'NONE',  ( 0.2053985643825646523, 0.6999999999999998446, -0.2060241469509341561 ) ) ;
#2191 = DIRECTION ( 'NONE',  ( 0.0000000000000000000, 1.000000000000000000, -0.0000000000000000000 ) ) ;
#2192 = CARTESIAN_POINT ( 'NONE',  ( 1.072269338387594084, 0.8999999999999996891, -0.1776290341069270973 ) ) ;
#2193 = CARTESIAN_POINT ( 'NONE',  ( 0.1682611651377174111, 0.6999999999999998446, -0.1845304882031482130 ) ) ;
#2194 = ORIENTED_EDGE ( 'NONE', *, *, #9468, .T. ) ;
#2195 = ADVANCED_FACE ( 'NONE', ( #4287 ), #4180, .T. ) ;
#2196 = DIRECTION ( 'NONE',  ( -0.0000000000000000000, 1.000000000000000000, -0.0000000000000000000 ) ) ;
#2197 = CARTESIAN_POINT ( 'NONE',  ( 0.1682611651377174111, 0.8999999999999999112, -0.1845304882031482130 ) ) ;
#2198 =( LENGTH_UNIT ( ) NAMED_UNIT ( * ) SI_UNIT ( .MILLI., .METRE. ) );
#2199 = CARTESIAN_POINT ( 'NONE',  ( -0.4798283483314892406, 0.6999999999999999556, -0.2138853858249619433 ) ) ;
#2200 = CARTESIAN_POINT ( 'NONE',  ( 0.2249209306515034257, 0.8999999999999999112, -0.1859960567173742363 ) ) ;
#2201 = CARTESIAN_POINT ( 'NONE',  ( 0.09034709026500181706, 0.7000000000000000666, -0.1349380174039093161 ) ) ;
#2202 = CARTESIAN_POINT ( 'NONE',  ( 0.6663300530256082155, 0.6999999999999999556, -0.1928287795181234943 ) ) ;
#2203 = CARTESIAN_POINT ( 'NONE',  ( 0.0000000000000000000, -0.1000000000000000056, 0.0000000000000000000 ) ) ;
#2204 = DIRECTION ( 'NONE',  ( -1.000000000000000000, 0.0000000000000000000, 0.0000000000000000000 ) ) ;
#2205 = VECTOR ( 'NONE', #9659, 1000.000000000000000 ) ;
#2206 = ORIENTED_EDGE ( 'NONE', *, *, #6706, .F. ) ;
#2207 = B_SPLINE_CURVE_WITH_KNOTS ( 'NONE', 3,
 ( #9823, #9870, #5828, #5060, #2737, #8682, #3872, #9463, #10282, #7910, #5417, #8581, #1494, #2285, #2989, #3042, #4650, #5305, #7052 ),
 .UNSPECIFIED., .F., .F.,
 ( 4, 1, 1, 1, 1, 1, 1, 1, 1, 1, 1, 1, 1, 1, 1, 1, 4 ),
 ( 0.0000000000000000000, 0.04389199703880143633, 0.08651108282599975774, 0.1283474201604634379, 0.1705233571726362807, 0.2143181403666390150, 0.2600331504795220794, 0.3081057398068305364, 0.3600568670276511618, 0.4163891566300348956, 0.4782892123823485053, 0.5470994738803606205, 0.6228452478026439421, 0.7058384050787775976, 0.7959005952359275993, 0.8940451980093643281, 1.000000000000000000 ),
 .UNSPECIFIED. ) ;
#2208 = DIRECTION ( 'NONE',  ( -1.000000000000000000, 0.0000000000000000000, -0.0000000000000000000 ) ) ;
#2209 = ORIENTED_EDGE ( 'NONE', *, *, #1057, .T. ) ;
#2210 = CARTESIAN_POINT ( 'NONE',  ( 0.4387740025567462565, 0.6999999999999998446, 0.01671639941601483700 ) ) ;
#2211 = EDGE_CURVE ( 'NONE', #10212, #7655, #409, .T. ) ;
#2212 = CARTESIAN_POINT ( 'NONE',  ( 0.6478886164256134617, 0.9000000000000001332, -0.1547683944831420022 ) ) ;
#2213 = CARTESIAN_POINT ( 'NONE',  ( 0.2993934760211287571, 0.9000000000000003553, -0.07098289917295871887 ) ) ;
#2214 = CARTESIAN_POINT ( 'NONE',  ( 1.148173240787928595, 0.8999999999999999112, -0.1192312745863559065 ) ) ;
#2215 = CARTESIAN_POINT ( 'NONE',  ( -0.5605301027174541817, 0.6999999999999999556, -0.2138853858249619433 ) ) ;
#2216 = CARTESIAN_POINT ( 'NONE',  ( 0.6394698972825457739, 0.9000000000000000222, -0.07353450863197949494 ) ) ;
#2217 = CARTESIAN_POINT ( 'NONE',  ( 0.8828697424205396160, 0.8999999999999999112, 0.004079684918803173389 ) ) ;
#2218 = STYLED_ITEM ( 'NONE', ( #2577 ), #10291 ) ;
#2219 = ORIENTED_EDGE ( 'NONE', *, *, #5239, .F. ) ;
#2220 = CARTESIAN_POINT ( 'NONE',  ( 0.1076668906576922075, 0.9000000000000001332, 0.01072368743081188180 ) ) ;
#2221 = CARTESIAN_POINT ( 'NONE',  ( 0.9072805602690056093, 0.6999999999999995115, -0.04486466269463379453 ) ) ;
#2222 = EDGE_CURVE ( 'NONE', #8452, #6801, #5164, .T. ) ;
#2223 = VERTEX_POINT ( 'NONE', #4333 ) ;
#2224 = VECTOR ( 'NONE', #9938, 1000.000000000000000 ) ;
#2225 = DIRECTION ( 'NONE',  ( -0.0000000000000000000, 0.0000000000000000000, -1.000000000000000000 ) ) ;
#2226 = FILL_AREA_STYLE_COLOUR ( '', #8247 ) ;
#2227 = CARTESIAN_POINT ( 'NONE',  ( 0.6911475674389176982, 0.6999999999999997335, -0.02585869272510711234 ) ) ;
#2228 = SURFACE_SIDE_STYLE ('',( #2119 ) ) ;
#2229 = CARTESIAN_POINT ( 'NONE',  ( 1.123084195784668005, 0.6999999999999999556, -0.1899160984647600414 ) ) ;
#2230 = FACE_OUTER_BOUND ( 'NONE', #5774, .T. ) ;
#2231 = CARTESIAN_POINT ( 'NONE',  ( 1.399999999999999689, -0.1000000000000000056, -0.1250000000000001665 ) ) ;
#2232 = COLOUR_RGB ( '',1.000000000000000000, 0.9607843137254902244, 0.4549019607843137192 ) ;
#2233 = ORIENTED_EDGE ( 'NONE', *, *, #5601, .F. ) ;
#2234 = EDGE_CURVE ( 'NONE', #39, #9767, #5155, .T. ) ;
#2235 = ORIENTED_EDGE ( 'NONE', *, *, #7223, .F. ) ;
#2236 = DIRECTION ( 'NONE',  ( 0.0000000000000000000, 0.0000000000000000000, 1.000000000000000000 ) ) ;
#2237 = DIRECTION ( 'NONE',  ( 0.0000000000000000000, 0.0000000000000000000, -1.000000000000000000 ) ) ;
#2238 =( LENGTH_UNIT ( ) NAMED_UNIT ( * ) SI_UNIT ( .MILLI., .METRE. ) );
#2239 = CARTESIAN_POINT ( 'NONE',  ( 0.5403146016360218518, 0.9000000000000000222, -0.003359070035488265563 ) ) ;
#2240 = CARTESIAN_POINT ( 'NONE',  ( 1.094268780773597127, 0.9000000000000000222, -0.2079828849751340358 ) ) ;
#2241 = CARTESIAN_POINT ( 'NONE',  ( 0.9070119046214768499, 0.9000000000000002442, -0.1241746162478760823 ) ) ;
#2242 = DIRECTION ( 'NONE',  ( 0.0000000000000000000, 0.0000000000000000000, -1.000000000000000000 ) ) ;
#2243 = SURFACE_SIDE_STYLE ('',( #8940 ) ) ;
#2244 = DIRECTION ( 'NONE',  ( 0.5394269906817059645, 0.0000000000000000000, -0.8420323756982736052 ) ) ;
#2245 = CARTESIAN_POINT ( 'NONE',  ( 1.052237288733256726, 0.8999999999999998002, -0.1804476866357237752 ) ) ;
#2246 = AXIS2_PLACEMENT_3D ( 'NONE', #9702, #4121, #2576 ) ;
#2247 = ORIENTED_EDGE ( 'NONE', *, *, #1845, .T. ) ;
#2248 = LINE ( 'NONE', #7123, #2051 ) ;
#2249 = DIRECTION ( 'NONE',  ( 0.0000000000000000000, 0.0000000000000000000, -1.000000000000000000 ) ) ;
#2250 = CARTESIAN_POINT ( 'NONE',  ( 0.3851128552313359266, 0.7000000000000000666, -0.07777819990867937405 ) ) ;
#2251 = AXIS2_PLACEMENT_3D ( 'NONE', #1186, #4946, #9819 ) ;
#2252 = DIRECTION ( 'NONE',  ( -1.000000000000000000, 0.0000000000000000000, -0.0000000000000000000 ) ) ;
#2253 = CARTESIAN_POINT ( 'NONE',  ( -0.6882318020559247129, 0.9000000000000001332, 0.07391855591007494286 ) ) ;
#2254 = CARTESIAN_POINT ( 'NONE',  ( 0.7865395828807054679, 0.8999999999999998002, -0.1031005013175879809 ) ) ;
#2255 = CARTESIAN_POINT ( 'NONE',  ( -0.5184248395595594250, 0.6999999999999999556, -0.01563977178987422875 ) ) ;
#2256 = EDGE_CURVE ( 'NONE', #3585, #7398, #5106, .T. ) ;
#2257 = CARTESIAN_POINT ( 'NONE',  ( 0.4377214172810036663, 0.9000000000000000222, -0.04674200067713604051 ) ) ;
#2258 = ORIENTED_EDGE ( 'NONE', *, *, #6912, .T. ) ;
#2259 = CARTESIAN_POINT ( 'NONE',  ( -0.5605301027174541817, 0.6999999999999999556, -0.2138853858249619433 ) ) ;
#2260 = CARTESIAN_POINT ( 'NONE',  ( 0.5441120587608433423, 0.9000000000000002442, -0.07223184338299971918 ) ) ;
#2261 = ORIENTED_EDGE ( 'NONE', *, *, #3717, .T. ) ;
#2262 = CARTESIAN_POINT ( 'NONE',  ( 0.4419932843881950180, 0.7000000000000003997, 0.001554448616185126518 ) ) ;
#2263 = ORIENTED_EDGE ( 'NONE', *, *, #7422, .T. ) ;
#2264 = COLOUR_RGB ( '',1.000000000000000000, 0.9607843137254902244, 0.4549019607843137192 ) ;
#2265 = CARTESIAN_POINT ( 'NONE',  ( 0.7865395828807054679, 0.8999999999999999112, -0.1031005013175879809 ) ) ;
#2266 = CARTESIAN_POINT ( 'NONE',  ( 0.6490800253820763199, 0.7000000000000000666, -0.1390211194366093861 ) ) ;
#2267 = DIRECTION ( 'NONE',  ( 1.000000000000000000, 0.0000000000000000000, 0.0000000000000000000 ) ) ;
#2268 = EDGE_CURVE ( 'NONE', #5635, #6536, #980, .T. ) ;
#2269 = CARTESIAN_POINT ( 'NONE',  ( 1.117377038878767381, 0.9000000000000003553, -0.05005252657999914589 ) ) ;
#2270 = LINE ( 'NONE', #5404, #2529 ) ;
#2271 = EDGE_CURVE ( 'NONE', #3018, #3215, #602, .T. ) ;
#2272 = VECTOR ( 'NONE', #8460, 1000.000000000000000 ) ;
#2273 = CARTESIAN_POINT ( 'NONE',  ( 0.6608846480610826024, 0.8999999999999999112, -0.08692588343174396937 ) ) ;
#2274 =( NAMED_UNIT ( * ) PLANE_ANGLE_UNIT ( ) SI_UNIT ( $, .RADIAN. ) );
#2275 = CARTESIAN_POINT ( 'NONE',  ( 0.08873318276554886808, 0.9000000000000002442, 0.02982950868210624759 ) ) ;
#2276 = CARTESIAN_POINT ( 'NONE',  ( 0.9157089709476897710, 0.6999999999999997335, -0.02585869272510704989 ) ) ;
#2277 = EDGE_LOOP ( 'NONE', ( #1653, #4683, #8141, #303 ) ) ;
#2278 = PRESENTATION_LAYER_ASSIGNMENT (  '', '', ( #4074 ) ) ;
#2279 = DIRECTION ( 'NONE',  ( 1.000000000000000000, 0.0000000000000000000, 0.0000000000000000000 ) ) ;
#2280 = LINE ( 'NONE', #7800, #1750 ) ;
#2281 = CARTESIAN_POINT ( 'NONE',  ( 0.6861889296821938045, 0.6999999999999998446, 0.04037004714145231432 ) ) ;
#2282 = CARTESIAN_POINT ( 'NONE',  ( 0.07746149948566036225, 0.9000000000000000222, -0.1819995348951007341 ) ) ;
#2283 = DIRECTION ( 'NONE',  ( 0.0000000000000000000, 0.0000000000000000000, 1.000000000000000000 ) ) ;
#2284 = ADVANCED_FACE ( 'NONE', ( #8417 ), #4593, .T. ) ;
#2285 = CARTESIAN_POINT ( 'NONE',  ( -0.7933949724822050298, 0.7000000000000001776, -0.1159381716938503032 ) ) ;
#2286 = CARTESIAN_POINT ( 'NONE',  ( 0.2412242832474579823, 0.9000000000000000222, 0.05278128084170470580 ) ) ;
#2287 = ORIENTED_EDGE ( 'NONE', *, *, #5467, .F. ) ;
#2288 = ORIENTED_EDGE ( 'NONE', *, *, #5548, .T. ) ;
#2289 = ORIENTED_EDGE ( 'NONE', *, *, #6907, .F. ) ;
#2290 = DIRECTION ( 'NONE',  ( -0.0000000000000000000, 1.000000000000000000, -0.0000000000000000000 ) ) ;
#2291 = CARTESIAN_POINT ( 'NONE',  ( -0.6935579888067482379, 0.9000000000000001332, -0.1538189617517113361 ) ) ;
#2292 =( GEOMETRIC_REPRESENTATION_CONTEXT ( 3 ) GLOBAL_UNCERTAINTY_ASSIGNED_CONTEXT ( ( #9310 ) ) GLOBAL_UNIT_ASSIGNED_CONTEXT ( ( #1400, #6255, #8589 ) ) REPRESENTATION_CONTEXT ( 'NONE', 'WORKASPACE' ) );
#2293 = CARTESIAN_POINT ( 'NONE',  ( 0.9249999999999998224, -0.1000000000000000056, 0.0000000000000000000 ) ) ;
#2294 = PRESENTATION_STYLE_ASSIGNMENT (( #6100 ) ) ;
#2295 = CARTESIAN_POINT ( 'NONE',  ( 0.5520628615816102203, 0.9000000000000000222, 0.04074234594443134488 ) ) ;
#2296 = CARTESIAN_POINT ( 'NONE',  ( 1.065751448440389604, 0.9000000000000000222, -0.2136795861618302483 ) ) ;
#2297 = SURFACE_STYLE_USAGE ( .BOTH. , #4611 ) ;
#2298 = PLANE ( 'NONE',  #6640 ) ;
#2299 = EDGE_CURVE ( 'NONE', #3994, #3360, #2819, .T. ) ;
#2300 = CARTESIAN_POINT ( 'NONE',  ( 0.7912112135789175493, 0.6999999999999998446, 0.05085808285939458911 ) ) ;
#2301 = CARTESIAN_POINT ( 'NONE',  ( 0.7289435814930720348, 0.9000000000000001332, -0.001604684070575989382 ) ) ;
#2302 = VECTOR ( 'NONE', #6518, 1000.000000000000000 ) ;
#2303 = CARTESIAN_POINT ( 'NONE',  ( 0.5851861128196563788, 0.6999999999999997335, -0.09193065823550432281 ) ) ;
#2304 = EDGE_LOOP ( 'NONE', ( #1194, #1316, #5000, #3941 ) ) ;
#2305 = FACE_OUTER_BOUND ( 'NONE', #8183, .T. ) ;
#2306 = CARTESIAN_POINT ( 'NONE',  ( 0.7648760051447934805, 0.6999999999999996225, -0.003359070035488264262 ) ) ;
#2307 = DIRECTION ( 'NONE',  ( -0.0000000000000000000, 0.0000000000000000000, -1.000000000000000000 ) ) ;
#2308 = CARTESIAN_POINT ( 'NONE',  ( 0.4250834553831968066, 0.8999999999999999112, -0.06369079988392570280 ) ) ;
#2309 = PRESENTATION_LAYER_ASSIGNMENT (  '', '', ( #3770 ) ) ;
#2310 = CARTESIAN_POINT ( 'NONE',  ( 0.2153461691253343857, 0.7000000000000002887, -0.07468777635896793610 ) ) ;
#2311 = DIRECTION ( 'NONE',  ( 1.000000000000000000, -0.0000000000000000000, 0.0000000000000000000 ) ) ;
#2312 = EDGE_LOOP ( 'NONE', ( #1481, #9237, #2688, #9982 ) ) ;
#2313 = ORIENTED_EDGE ( 'NONE', *, *, #7732, .T. ) ;
#2314 = LINE ( 'NONE', #585, #2650 ) ;
#2315 = FACE_BOUND ( 'NONE', #1451, .T. ) ;
#2316 = ORIENTED_EDGE ( 'NONE', *, *, #9584, .F. ) ;
#2317 = ORIENTED_EDGE ( 'NONE', *, *, #5873, .F. ) ;
#2318 = CARTESIAN_POINT ( 'NONE',  ( 0.8711519721556796325, 0.9000000000000002442, 0.03704231484631621829 ) ) ;
#2319 = CARTESIAN_POINT ( 'NONE',  ( 0.4306979674579842210, 0.6999999999999999556, -0.2173941577547864601 ) ) ;
#2320 = CARTESIAN_POINT ( 'NONE',  ( -0.8325636534197465854, 0.7000000000000001776, -0.1258794925501565687 ) ) ;
#2321 = LINE ( 'NONE', #1597, #9663 ) ;
#2322 = CARTESIAN_POINT ( 'NONE',  ( 0.6824505011127051102, 0.9000000000000001332, -0.1241746162478761378 ) ) ;
#2323 = CARTESIAN_POINT ( 'NONE',  ( 0.8816102225316947427, 0.9000000000000000222, -0.01512198665577825334 ) ) ;
#2324 = CARTESIAN_POINT ( 'NONE',  ( 0.1692035781474996448, 0.9000000000000002442, -0.06622697596792595509 ) ) ;
#2325 = CARTESIAN_POINT ( 'NONE',  ( 1.044733055177282433, 0.6999999999999998446, -0.1805520524916285896 ) ) ;
#2326 = ADVANCED_FACE ( 'NONE', ( #6137 ), #5354, .T. ) ;
#2327 = B_SPLINE_SURFACE_WITH_KNOTS ( 'NONE', 3, 1, ( 
 ( #4638, #5253 ),
 ( #7902, #2217 ),
 ( #703, #7679 ),
 ( #10225, #6237 ),
 ( #4484, #2323 ),
 ( #8515, #542 ),
 ( #10077, #2979 ),
 ( #4541, #10124 ),
 ( #8569, #3032 ),
 ( #6987, #10176 ),
 ( #1794, #8100 ),
 ( #4008, #3960 ),
 ( #7143, #6390 ),
 ( #8049, #4059 ),
 ( #909, #9555 ),
 ( #8142, #6445 ),
 ( #7198, #49 ),
 ( #4931, #9501 ),
 ( #8877, #3227 ),
 ( #9603, #5598 ),
 ( #8821, #4119 ),
 ( #4836, #7245 ),
 ( #110, #9650 ),
 ( #2525, #5646 ),
 ( #1741, #7302 ),
 ( #3915, #7095 ),
 ( #10278, #3141 ),
 ( #6290, #2378 ),
 ( #8199, #4266 ) ),
 .UNSPECIFIED., .F., .F., .F.,
 ( 4, 1, 1, 1, 1, 1, 1, 1, 1, 1, 1, 1, 1, 1, 1, 1, 1, 1, 1, 1, 1, 1, 1, 1, 1, 1, 4 ),
 ( 2, 2 ),
 ( 0.4999999999993764432, 0.5198405870245136340, 0.5461884398033973742, 0.5593910728033583135, 0.5724241490377121044, 0.5853013682317750321, 0.5985219112101259897, 0.6120922052067774288, 0.6262896717537254077, 0.6410108024404685967, 0.6564995201318610807, 0.6876075521500658594, 0.7175644872833549792, 0.7474961360743198613, 0.7780474713871701198, 0.8082163933622203977, 0.8367520855888995746, 0.8643251420419024722, 0.8920391475800973913, 0.9058571056230398932, 0.9192554317031915723, 0.9324580647031525116, 0.9455647644940066154, 0.9587255127607227090, 0.9722176986649471164, 0.9859129604891354592, 1.000000174999316815 ),
 ( 0.0000000000000000000, 1.000000000000000000 ),
 .UNSPECIFIED. ) ;
#2328 = UNCERTAINTY_MEASURE_WITH_UNIT (LENGTH_MEASURE( 1.000000000000000082E-05 ), #5623, 'distance_accuracy_value', 'NONE');
#2329 = FACE_OUTER_BOUND ( 'NONE', #8973, .T. ) ;
#2330 = CARTESIAN_POINT ( 'NONE',  ( -0.6882318020559247129, 0.7000000000000000666, 0.07391855591007494286 ) ) ;
#2331 = CARTESIAN_POINT ( 'NONE',  ( -0.9903546641209628465, 0.9000000000000000222, 0.08611461417503804561 ) ) ;
#2332 = CARTESIAN_POINT ( 'NONE',  ( 0.1168555355183076294, 0.7000000000000002887, -0.2133422656521840599 ) ) ;
#2333 = FACE_OUTER_BOUND ( 'NONE', #9602, .T. ) ;
#2334 = CARTESIAN_POINT ( 'NONE',  ( -0.5219336114893839973, 0.6999999999999999556, -0.01563977178987422875 ) ) ;
#2335 = LINE ( 'NONE', #7806, #1855 ) ;
#2336 = EDGE_LOOP ( 'NONE', ( #358, #9086, #6619, #6303 ) ) ;
#2337 = ORIENTED_EDGE ( 'NONE', *, *, #6631, .T. ) ;
#2338 = VECTOR ( 'NONE', #6264, 1000.000000000000000 ) ;
#2339 = ORIENTED_EDGE ( 'NONE', *, *, #4983, .F. ) ;
#2340 = DIRECTION ( 'NONE',  ( 0.0000000000000000000, 0.0000000000000000000, -1.000000000000000000 ) ) ;
#2341 = UNCERTAINTY_MEASURE_WITH_UNIT (LENGTH_MEASURE( 1.000000000000000082E-05 ), #842, 'distance_accuracy_value', 'NONE');
#2342 = B_SPLINE_CURVE_WITH_KNOTS ( 'NONE', 3,
 ( #8693, #4609, #9321, #7813, #725, #3103, #1505, #2185, #4657, #10140, #5315, #3879, #7919, #617, #4559, #7059, #3773, #10243, #6151 ),
 .UNSPECIFIED., .F., .F.,
 ( 4, 1, 1, 1, 1, 1, 1, 1, 1, 1, 1, 1, 1, 1, 1, 1, 4 ),
 ( 0.0000000000000000000, 0.1059978334649511744, 0.2039785509662679075, 0.2936616427406907315, 0.3761669823416301517, 0.4508871461858165453, 0.5190837276975980297, 0.5804015996944131839, 0.6359627860061101146, 0.6875097239223804113, 0.7356169966248234937, 0.7815047891159294657, 0.8254749817547526458, 0.8686186508520801208, 0.9117314036651810172, 0.9550790404512339293, 1.000000000000000000 ),
 .UNSPECIFIED. ) ;
#2343 = EDGE_CURVE ( 'NONE', #4777, #7046, #4545, .T. ) ;
#2344 = UNCERTAINTY_MEASURE_WITH_UNIT (LENGTH_MEASURE( 1.000000000000000082E-05 ), #8147, 'distance_accuracy_value', 'NONE');
#2345 = SURFACE_STYLE_FILL_AREA ( #2134 ) ;
#2346 = CARTESIAN_POINT ( 'NONE',  ( 0.5780907503181398344, 0.8999999999999999112, 0.05420695099237279879 ) ) ;
#2347 = CARTESIAN_POINT ( 'NONE',  ( -0.04123185710341913113, 0.9000000000000000222, -0.1507274910881198082 ) ) ;
#2348 = CARTESIAN_POINT ( 'NONE',  ( 0.1233692486027744561, 0.7000000000000001776, 0.04296286389590490973 ) ) ;
#2349 = VECTOR ( 'NONE', #4973, 1000.000000000000000 ) ;
#2350 = CARTESIAN_POINT ( 'NONE',  ( 0.8598801370204237626, 0.6999999999999999556, 0.04698288242961549954 ) ) ;
#2351 = DIRECTION ( 'NONE',  ( -1.000000000000000000, 0.0000000000000000000, 0.0000000000000000000 ) ) ;
#2352 = EDGE_CURVE ( 'NONE', #3571, #3192, #2933, .T. ) ;
#2353 = CARTESIAN_POINT ( 'NONE',  ( 0.5493339999270512308, 0.7000000000000000666, -0.1229090932127587105 ) ) ;
#2354 = ORIENTED_EDGE ( 'NONE', *, *, #7882, .F. ) ;
#2355 =( NAMED_UNIT ( * ) SI_UNIT ( $, .STERADIAN. ) SOLID_ANGLE_UNIT ( ) );
#2356 = MECHANICAL_DESIGN_GEOMETRIC_PRESENTATION_REPRESENTATION (  '', ( #5469 ), #8672 ) ;
#2357 = CARTESIAN_POINT ( 'NONE',  ( -0.7377230851735945283, 0.9000000000000000222, 0.05629005277152926423 ) ) ;
#2358 = CARTESIAN_POINT ( 'NONE',  ( 0.2205633336601442451, 0.9000000000000000222, -0.08358397613532618509 ) ) ;
#2359 = CARTESIAN_POINT ( 'NONE',  ( -0.7199930162164186465, 0.9000000000000000222, 0.08803776082093357769 ) ) ;
#2360 = CARTESIAN_POINT ( 'NONE',  ( 1.399999999999999689, -0.1000000000000000056, 0.8750000000000001110 ) ) ;
#2361 = SURFACE_SIDE_STYLE ('',( #893 ) ) ;
#2362 = EDGE_LOOP ( 'NONE', ( #5960, #2235, #688, #6017 ) ) ;
#2363 = AXIS2_PLACEMENT_3D ( 'NONE', #2215, #647, #5291 ) ;
#2364 = ORIENTED_EDGE ( 'NONE', *, *, #1112, .F. ) ;
#2365 = CARTESIAN_POINT ( 'NONE',  ( 1.148038759114430318, 0.8999999999999996891, -0.1327611624996081763 ) ) ;
#2366 = CARTESIAN_POINT ( 'NONE',  ( -0.7766119835041030983, 0.9000000000000000222, -0.1618181738115452573 ) ) ;
#2367 = VECTOR ( 'NONE', #3276, 1000.000000000000000 ) ;
#2368 = ORIENTED_EDGE ( 'NONE', *, *, #7595, .F. ) ;
#2369 = LINE ( 'NONE', #6034, #4606 ) ;
#2370 = EDGE_CURVE ( 'NONE', #2223, #9315, #4645, .T. ) ;
#2371 =( LENGTH_UNIT ( ) NAMED_UNIT ( * ) SI_UNIT ( .MILLI., .METRE. ) );
#2372 = LINE ( 'NONE', #5643, #5705 ) ;
#2373 = B_SPLINE_SURFACE_WITH_KNOTS ( 'NONE', 3, 1, ( 
 ( #4956, #7386 ),
 ( #79, #6572 ),
 ( #237, #9012 ),
 ( #1861, #5015 ),
 ( #8223, #6416 ),
 ( #6621, #1094 ),
 ( #9626, #4393 ),
 ( #1960, #2789 ),
 ( #3506, #3613 ),
 ( #2742, #1197 ),
 ( #5936, #9068 ),
 ( #9112, #10044 ),
 ( #6671, #6781 ),
 ( #6730, #7594 ),
 ( #4296, #5066 ),
 ( #2893, #5884 ),
 ( #9986, #9216 ),
 ( #7542, #9876 ),
 ( #5117, #2842 ),
 ( #7487, #8326 ),
 ( #4346, #397 ),
 ( #9163, #3561 ),
 ( #9934, #3661 ),
 ( #2690, #6837 ),
 ( #2016, #8428 ),
 ( #8277, #9829 ),
 ( #5165, #8379 ),
 ( #1145, #5835 ),
 ( #5992, #1246 ),
 ( #2077, #507 ),
 ( #1295, #4449 ),
 ( #7645, #2724 ),
 ( #9708, #4278 ),
 ( #4846, #169 ),
 ( #7424, #2669 ),
 ( #1124, #2582 ),
 ( #271, #4174 ),
 ( #7365, #3443 ),
 ( #6606, #918 ),
 ( #9860, #6558 ),
 ( #8890, #6651 ),
 ( #974, #9760 ),
 ( #322, #5710 ),
 ( #8941, #4126 ),
 ( #8829, #1846 ),
 ( #4940, #2625 ),
 ( #5658, #1077 ),
 ( #1751, #8151 ),
 ( #7310, #9810 ),
 ( #4070, #8996 ),
 ( #2535, #4996 ),
 ( #8106, #8057 ),
 ( #1023, #7254 ),
 ( #1805, #8205 ),
 ( #4222, #6456 ) ),
 .UNSPECIFIED., .F., .F., .F.,
 ( 4, 1, 1, 1, 1, 1, 1, 1, 1, 1, 1, 1, 1, 1, 1, 1, 1, 1, 1, 1, 1, 1, 1, 1, 1, 1, 1, 1, 1, 1, 1, 1, 1, 1, 1, 1, 1, 1, 1, 1, 1, 1, 1, 1, 1, 1, 1, 1, 1, 1, 1, 1, 4 ),
 ( 2, 2 ),
 ( 0.0000000000000000000, 0.02711602562264979477, 0.05148408465197751999, 0.07330893139100204403, 0.09338707466369844390, 0.1130498385486980589, 0.1334251767883782025, 0.1546145932784844523, 0.1767704619677568090, 0.1986833557745583401, 0.2193288811037051866, 0.2386257969712025917, 0.2569944355474990116, 0.2751548003530538966, 0.2939005173924350567, 0.3131474774665389815, 0.3332074851477241917, 0.3531742158837230527, 0.3723061508163811317, 0.3908123364128362476, 0.4090887018891567473, 0.4277458989977941384, 0.4467157508060434212, 0.4664309901656225610, 0.4866675617175700852, 0.5069000716233579285, 0.5261158961255943955, 0.5443845511394101999, 0.5617869070496620543, 0.5794756636271611860, 0.5983493392648939757, 0.6188005978445935140, 0.6409007551073127029, 0.6637212409488341125, 0.6866766374970015852, 0.7105914334274895383, 0.7358885402537505005, 0.7490865094717922279, 0.7625198997533864098, 0.7762275485905905104, 0.7904818864548405211, 0.8052213442764392104, 0.8206549825373039564, 0.8367331901577694797, 0.8534949667571384291, 0.8705042759358444515, 0.8874312452516684990, 0.9044743434548084826, 0.9219950383623605195, 0.9399871788566724895, 0.9589910406946546839, 0.9788888544171288064, 1.000000000000000000 ),
 ( 0.0000000000000000000, 1.000000000000000000 ),
 .UNSPECIFIED. ) ;
#2374 = CARTESIAN_POINT ( 'NONE',  ( 0.8578619277958507983, 0.9000000000000001332, -0.1771235173331211221 ) ) ;
#2375 = SURFACE_STYLE_FILL_AREA ( #699 ) ;
#2376 = CARTESIAN_POINT ( 'NONE',  ( 0.3394698972825455074, 0.8999999999999998002, 0.03965587473384245970 ) ) ;
#2377 = CARTESIAN_POINT ( 'NONE',  ( 0.6473092764138866917, 0.7000000000000000666, -0.07749480513128068071 ) ) ;
#2378 = CARTESIAN_POINT ( 'NONE',  ( 0.7649659949565293937, 0.8999999999999996891, -0.005074628296310338543 ) ) ;
#2379 = CARTESIAN_POINT ( 'NONE',  ( 0.0000000000000000000, 0.0000000000000000000, -0.8749999999999996669 ) ) ;
#2380 = CARTESIAN_POINT ( 'NONE',  ( -0.4798283483314892406, 0.9000000000000000222, -0.2138853858249619433 ) ) ;
#2381 = CARTESIAN_POINT ( 'NONE',  ( 0.8732740465188725265, 0.7000000000000001776, -0.1497791909825888779 ) ) ;
#2382 = PLANE ( 'NONE',  #7509 ) ;
#2383 = FILL_AREA_STYLE_COLOUR ( '', #8276 ) ;
#2384 = EDGE_CURVE ( 'NONE', #2838, #5789, #2280, .T. ) ;
#2385 = SURFACE_SIDE_STYLE ('',( #7053 ) ) ;
#2386 = CARTESIAN_POINT ( 'NONE',  ( 0.3570137569316683690, 0.6999999999999999556, -0.1016046840705759624 ) ) ;
#2387 = EDGE_LOOP ( 'NONE', ( #2209, #9416, #7467, #3236 ) ) ;
#2388 = ORIENTED_EDGE ( 'NONE', *, *, #1919, .F. ) ;
#2389 = CARTESIAN_POINT ( 'NONE',  ( -1.399999999999999689, 0.0000000000000000000, -0.3750000000000000000 ) ) ;
#2390 = CARTESIAN_POINT ( 'NONE',  ( 0.9628790087141680942, -0.1000000000000000056, -0.0000000000000000000 ) ) ;
#2391 = CARTESIAN_POINT ( 'NONE',  ( -0.9249999999999998224, -0.1000000000000000056, 0.3749999999999999445 ) ) ;
#2392 = CARTESIAN_POINT ( 'NONE',  ( 0.5572274159774927016, 0.9000000000000001332, -0.03972691110536051562 ) ) ;
#2393 = VECTOR ( 'NONE', #5353, 1000.000000000000000 ) ;
#2394 = CARTESIAN_POINT ( 'NONE',  ( 1.004382177984299851, 0.6999999999999999556, -0.1805520524916285896 ) ) ;
#2395 = CARTESIAN_POINT ( 'NONE',  ( 0.9024321519415537951, 0.8999999999999996891, -0.1764029346301912160 ) ) ;
#2396 = DIRECTION ( 'NONE',  ( -0.0000000000000000000, 1.000000000000000000, -0.0000000000000000000 ) ) ;
#2397 = ORIENTED_EDGE ( 'NONE', *, *, #6312, .T. ) ;
#2398 = CARTESIAN_POINT ( 'NONE',  ( -0.3750000000000000000, 0.0000000000000000000, -1.149999999999996581 ) ) ;
#2399 = CARTESIAN_POINT ( 'NONE',  ( 0.5403146016360218518, 0.7000000000000000666, -0.003359070035488265563 ) ) ;
#2400 = SURFACE_SIDE_STYLE ('',( #6419 ) ) ;
#2401 = CARTESIAN_POINT ( 'NONE',  ( 0.5068792936103089231, 0.8999999999999996891, -0.02255059083800069891 ) ) ;
#2402 = UNCERTAINTY_MEASURE_WITH_UNIT (LENGTH_MEASURE( 1.000000000000000082E-05 ), #7934, 'distance_accuracy_value', 'NONE');
#2403 = CARTESIAN_POINT ( 'NONE',  ( -0.6564975866073915478, 0.7000000000000000666, -0.1633512811588520020 ) ) ;
#2404 =( NAMED_UNIT ( * ) PLANE_ANGLE_UNIT ( ) SI_UNIT ( $, .RADIAN. ) );
#2405 = CARTESIAN_POINT ( 'NONE',  ( -0.7347081889996605053, 0.9000000000000000222, 0.08953204130129363558 ) ) ;
#2406 = DIRECTION ( 'NONE',  ( 0.0000000000000000000, 0.0000000000000000000, -1.000000000000000000 ) ) ;
#2407 = EDGE_CURVE ( 'NONE', #490, #3994, #6547, .T. ) ;
#2408 = VERTEX_POINT ( 'NONE', #914 ) ;
#2409 = EDGE_CURVE ( 'NONE', #8260, #2073, #1748, .T. ) ;
#2410 = VERTEX_POINT ( 'NONE', #2380 ) ;
#2411 = CARTESIAN_POINT ( 'NONE',  ( 1.146820146418330078, 0.6999999999999999556, -0.1424943557319640064 ) ) ;
#2412 = CARTESIAN_POINT ( 'NONE',  ( -0.7382496262408435594, 0.9000000000000000222, -0.1839757120443637761 ) ) ;
#2413 = ORIENTED_EDGE ( 'NONE', *, *, #7383, .F. ) ;
#2414 =( NAMED_UNIT ( * ) SI_UNIT ( $, .STERADIAN. ) SOLID_ANGLE_UNIT ( ) );
#2415 = ORIENTED_EDGE ( 'NONE', *, *, #3205, .T. ) ;
#2416 = CARTESIAN_POINT ( 'NONE',  ( 1.004382177984299851, 0.6999999999999999556, 0.08611461417503804561 ) ) ;
#2417 = CARTESIAN_POINT ( 'NONE',  ( 0.6156921531819941062, 0.6999999999999998446, -0.1846041876227582645 ) ) ;
#2418 = LINE ( 'NONE', #1539, #8080 ) ;
#2419 = CARTESIAN_POINT ( 'NONE',  ( -0.8356089085170917974, 0.9000000000000000222, -0.1098068910882243204 ) ) ;
#2420 = CARTESIAN_POINT ( 'NONE',  ( 0.8539928672218799477, 0.7000000000000002887, -0.1796168887522082147 ) ) ;
#2421 = CARTESIAN_POINT ( 'NONE',  ( -1.399999999999999689, -0.1000000000000000056, -0.8749999999999996669 ) ) ;
#2422 = CARTESIAN_POINT ( 'NONE',  ( 0.6811938533527094330, 0.7000000000000001776, -0.1681884475305138460 ) ) ;
#2423 = VECTOR ( 'NONE', #7933, 1000.000000000000000 ) ;
#2424 = CARTESIAN_POINT ( 'NONE',  ( 0.8363801892612298117, 0.7000000000000000666, 0.08940876473621592324 ) ) ;
#2425 = SURFACE_SIDE_STYLE ('',( #6344 ) ) ;
#2426 = CARTESIAN_POINT ( 'NONE',  ( -0.7973260277902307624, 0.9000000000000002442, -0.06324741025259913996 ) ) ;
#2427 = AXIS2_PLACEMENT_3D ( 'NONE', #4585, #10220, #5290 ) ;
#2428 = LINE ( 'NONE', #8354, #5547 ) ;
#2429 =( NAMED_UNIT ( * ) SI_UNIT ( $, .STERADIAN. ) SOLID_ANGLE_UNIT ( ) );
#2430 = DIRECTION ( 'NONE',  ( 0.0000000000000000000, 1.000000000000000000, 0.0000000000000000000 ) ) ;
#2431 = VECTOR ( 'NONE', #8762, 1000.000000000000000 ) ;
#2432 = ORIENTED_EDGE ( 'NONE', *, *, #8006, .F. ) ;
#2433 = CARTESIAN_POINT ( 'NONE',  ( -1.399999999999999689, 0.0000000000000000000, -0.6249999999999996669 ) ) ;
#2434 = CARTESIAN_POINT ( 'NONE',  ( 1.077949468971568514, 0.9000000000000003553, -0.06945607924880553563 ) ) ;
#2435 = CARTESIAN_POINT ( 'NONE',  ( 0.6573289285294725559, 0.9000000000000000222, 0.01137137752731542245 ) ) ;
#2436 = AXIS2_PLACEMENT_3D ( 'NONE', #6830, #5878, #3557 ) ;
#2437 = B_SPLINE_CURVE_WITH_KNOTS ( 'NONE', 3,
 ( #4970, #1054, #7497, #9887, #4918, #7452, #9738, #8974, #2701, #8131, #1001, #7397, #4152, #246, #9023, #7342, #199, #6583, #302, #1154, #9790, #5023, #4303, #3519, #2645, #8235, #5124, #6740, #1105, #2562, #9076, #6682, #4251, #3466, #6628, #9839, #5846, #5894, #1969, #1208, #410, #7768, #460 ),
 .UNSPECIFIED., .F., .F.,
 ( 4, 1, 1, 1, 1, 1, 1, 1, 1, 1, 1, 1, 1, 1, 1, 1, 1, 1, 1, 1, 1, 1, 1, 1, 1, 1, 1, 1, 1, 1, 1, 1, 1, 1, 1, 1, 1, 1, 1, 1, 4 ),
 ( 0.0000000000000000000, 0.02310655745183660265, 0.04493778211948973311, 0.06559310560340722573, 0.08517896892588328051, 0.1047905104735522286, 0.1252320910269108800, 0.1469470460336302353, 0.1701293790964912289, 0.1941954524610784993, 0.2191420802036596338, 0.2453747798325798257, 0.2732971065415062961, 0.3026794051878496927, 0.3333104261819230252, 0.3660737914683202532, 0.4013869195884494645, 0.4202565777883758846, 0.4403368648300601818, 0.4617676377950120647, 0.4847019535981937355, 0.5090853124608456515, 0.5351728550914305327, 0.5627920512748924020, 0.5922080675368144309, 0.6079502837830339512, 0.6249051695661225203, 0.6433191633361934336, 0.6629143680884486134, 0.6838716731463639897, 0.7060521752309589782, 0.7295643714080979336, 0.7543028946550054403, 0.7805140756210217079, 0.8080636114113352031, 0.8367079237927154134, 0.8667162510493995331, 0.8982006835418385737, 0.9307824786369083281, 0.9647093357041035544, 1.000000000000000000 ),
 .UNSPECIFIED. ) ;
#2438 = CARTESIAN_POINT ( 'NONE',  ( 0.1374379312219170812, 0.9000000000000001332, -0.2185611131177085664 ) ) ;
#2439 = CARTESIAN_POINT ( 'NONE',  ( 0.6820161816461272064, 0.6999999999999999556, 0.04796074110148944303 ) ) ;
#2440 = CARTESIAN_POINT ( 'NONE',  ( 0.8801963505179613012, 0.6999999999999999556, 0.01876640561800682963 ) ) ;
#2441 = FILL_AREA_STYLE_COLOUR ( '', #2778 ) ;
#2442 = CARTESIAN_POINT ( 'NONE',  ( 0.2850839323702649697, 0.6999999999999999556, -0.01823886210826279955 ) ) ;
#2443 = FACE_OUTER_BOUND ( 'NONE', #4639, .T. ) ;
#2444 = LINE ( 'NONE', #136, #7834 ) ;
#2445 = EDGE_CURVE ( 'NONE', #851, #6106, #5558, .T. ) ;
#2446 = B_SPLINE_SURFACE_WITH_KNOTS ( 'NONE', 3, 1, ( 
 ( #5953, #5181 ),
 ( #1261, #2856 ),
 ( #6011, #8445 ),
 ( #1310, #9283 ),
 ( #8549, #5383 ),
 ( #9435, #5330 ),
 ( #1470, #4623 ),
 ( #8654, #4723 ),
 ( #8601, #1415 ),
 ( #737, #3120 ),
 ( #682, #2962 ),
 ( #4572, #3012 ),
 ( #2146, #2200 ),
 ( #5278, #8496 ),
 ( #3838, #5438 ),
 ( #7126, #632 ),
 ( #7021, #7827 ),
 ( #4517, #7719 ),
 ( #3784, #3060 ),
 ( #576, #3946 ),
 ( #6968, #6217 ),
 ( #6111, #9387 ),
 ( #9335, #6915 ),
 ( #3730, #2358 ),
 ( #2310, #1522 ),
 ( #4674, #7881 ),
 ( #10300, #3894 ),
 ( #7070, #10256 ),
 ( #6270, #9482 ),
 ( #5487, #8705 ),
 ( #1575, #6059 ),
 ( #28, #8759 ),
 ( #3255, #1671 ),
 ( #1626, #4145 ),
 ( #6368, #5625 ),
 ( #8913, #84 ),
 ( #1775, #4911 ),
 ( #6422, #5580 ),
 ( #2499, #8081 ),
 ( #8123, #8851 ),
 ( #5679, #4767 ),
 ( #9536, #4095 ),
 ( #1724, #7280 ) ),
 .UNSPECIFIED., .F., .F., .F.,
 ( 4, 1, 1, 1, 1, 1, 1, 1, 1, 1, 1, 1, 1, 1, 1, 1, 1, 1, 1, 1, 1, 1, 1, 1, 1, 1, 1, 1, 1, 1, 1, 1, 1, 1, 1, 1, 1, 1, 1, 1, 4 ),
 ( 2, 2 ),
 ( 0.0000000000000000000, 0.02310655745183660265, 0.04493778211948973311, 0.06559310560340722573, 0.08517896892588328051, 0.1047905104735522286, 0.1252320910269108800, 0.1469470460336302353, 0.1701293790964912289, 0.1941954524610784993, 0.2191420802036596338, 0.2453747798325798257, 0.2732971065415062961, 0.3026794051878496927, 0.3333104261819230252, 0.3660737914683202532, 0.4013869195884494645, 0.4202565777883758846, 0.4403368648300601818, 0.4617676377950120647, 0.4847019535981937355, 0.5090853124608456515, 0.5351728550914305327, 0.5627920512748924020, 0.5922080675368144309, 0.6079502837830339512, 0.6249051695661225203, 0.6433191633361934336, 0.6629143680884486134, 0.6838716731463639897, 0.7060521752309589782, 0.7295643714080979336, 0.7543028946550054403, 0.7805140756210217079, 0.8080636114113352031, 0.8367079237927154134, 0.8667162510493995331, 0.8982006835418385737, 0.9307824786369083281, 0.9647093357041035544, 1.000000000000000000 ),
 ( 0.0000000000000000000, 1.000000000000000000 ),
 .UNSPECIFIED. ) ;
#2447 = PLANE ( 'NONE',  #5061 ) ;
#2448 = PRODUCT_RELATED_PRODUCT_CATEGORY ( 'part', '', ( #743 ) ) ;
#2449 = CARTESIAN_POINT ( 'NONE',  ( 1.004382177984299851, 0.6999999999999999556, -0.06476257880741809192 ) ) ;
#2450 = CARTESIAN_POINT ( 'NONE',  ( 0.5176895266850098931, 0.9000000000000000222, -0.04779836126451664918 ) ) ;
#2451 = CARTESIAN_POINT ( 'NONE',  ( -0.007898523770085786114, 0.9000000000000000222, -0.01213099986004967552 ) ) ;
#2452 = CARTESIAN_POINT ( 'NONE',  ( 0.8578619277958507983, 0.9000000000000001332, -0.1771235173331211221 ) ) ;
#2453 = LINE ( 'NONE', #32, #8345 ) ;
#2454 = STYLED_ITEM ( 'NONE', ( #2886 ), #5360 ) ;
#2455 = CARTESIAN_POINT ( 'NONE',  ( 0.06048030478826162820, 0.6999999999999998446, -0.1498125166631451843 ) ) ;
#2456 = ORIENTED_EDGE ( 'NONE', *, *, #5701, .F. ) ;
#2457 = CARTESIAN_POINT ( 'NONE',  ( 1.058814998066367474, 0.9000000000000000222, -0.2138156430251055007 ) ) ;
#2458 = LINE ( 'NONE', #1634, #1500 ) ;
#2459 = ORIENTED_EDGE ( 'NONE', *, *, #6248, .T. ) ;
#2460 = EDGE_LOOP ( 'NONE', ( #6599, #211, #7726, #5855 ) ) ;
#2461 = CARTESIAN_POINT ( 'NONE',  ( 0.6811938533527094330, 0.9000000000000002442, -0.1681884475305138460 ) ) ;
#2462 = AXIS2_PLACEMENT_3D ( 'NONE', #4131, #8310, #8948 ) ;
#2463 = EDGE_CURVE ( 'NONE', #7464, #8666, #6345, .T. ) ;
#2464 = CARTESIAN_POINT ( 'NONE',  ( 0.5990297557975292619, 0.8999999999999999112, -0.1861417119858499170 ) ) ;
#2465 = CARTESIAN_POINT ( 'NONE',  ( 0.6250000000000000000, -0.1000000000000000056, 1.149999999999999911 ) ) ;
#2466 = CARTESIAN_POINT ( 'NONE',  ( 0.6684960974724165617, 0.8999999999999998002, 0.06688635824830385657 ) ) ;
#2467 = CARTESIAN_POINT ( 'NONE',  ( -0.8284450634245050793, 0.9000000000000000222, -0.1405953432745228049 ) ) ;
#2468 = CARTESIAN_POINT ( 'NONE',  ( 1.146817213773536626, 0.9000000000000000222, -0.1028212687259633801 ) ) ;
#2469 = ORIENTED_EDGE ( 'NONE', *, *, #2680, .T. ) ;
#2470 = MECHANICAL_DESIGN_GEOMETRIC_PRESENTATION_REPRESENTATION (  '', ( #5578 ), #9125 ) ;
#2471 = EDGE_CURVE ( 'NONE', #9382, #3021, #8003, .T. ) ;
#2472 = CARTESIAN_POINT ( 'NONE',  ( 0.9065775851548998343, 0.7000000000000002887, 0.04796074110148960262 ) ) ;
#2473 = EDGE_CURVE ( 'NONE', #8060, #7415, #2475, .T. ) ;
#2474 =( LENGTH_UNIT ( ) NAMED_UNIT ( * ) SI_UNIT ( .MILLI., .METRE. ) );
#2475 = LINE ( 'NONE', #7251, #3389 ) ;
#2476 = CARTESIAN_POINT ( 'NONE',  ( 0.7915878123509909603, 0.7000000000000002887, -0.1792856095216537604 ) ) ;
#2477 = FACE_OUTER_BOUND ( 'NONE', #2362, .T. ) ;
#2478 =( NAMED_UNIT ( * ) PLANE_ANGLE_UNIT ( ) SI_UNIT ( $, .RADIAN. ) );
#2479 = CARTESIAN_POINT ( 'NONE',  ( -0.8377966848651688947, 0.6999999999999998446, -0.01945797295351580150 ) ) ;
#2480 = ORIENTED_EDGE ( 'NONE', *, *, #9983, .F. ) ;
#2481 = EDGE_LOOP ( 'NONE', ( #8811, #7681 ) ) ;
#2482 = SURFACE_STYLE_USAGE ( .BOTH. , #7212 ) ;
#2483 = CARTESIAN_POINT ( 'NONE',  ( 0.0000000000000000000, -0.1000000000000000056, 0.0000000000000000000 ) ) ;
#2484 = CARTESIAN_POINT ( 'NONE',  ( 0.6570488190229226699, 0.8999999999999999112, -0.01512198665577810935 ) ) ;
#2485 = DIRECTION ( 'NONE',  ( 0.0000000000000000000, 0.0000000000000000000, 1.000000000000000000 ) ) ;
#2486 = DIRECTION ( 'NONE',  ( 0.0000000000000000000, 1.000000000000000000, -0.0000000000000000000 ) ) ;
#2487 = CARTESIAN_POINT ( 'NONE',  ( 0.4400137793049986867, 0.8999999999999999112, -0.03993287409148729011 ) ) ;
#2488 = CARTESIAN_POINT ( 'NONE',  ( 0.2908675622167968267, 0.7000000000000000666, -0.05183172801753020004 ) ) ;
#2489 = COLOUR_RGB ( '',1.000000000000000000, 0.9607843137254902244, 0.4549019607843137192 ) ;
#2490 = CARTESIAN_POINT ( 'NONE',  ( 0.6251263575580595644, 0.8999999999999999112, -0.09711692372561574194 ) ) ;
#2491 = VERTEX_POINT ( 'NONE', #4698 ) ;
#2492 = ORIENTED_EDGE ( 'NONE', *, *, #7886, .F. ) ;
#2493 = CARTESIAN_POINT ( 'NONE',  ( 0.2412242832474579823, 0.6999999999999999556, 0.05278128084170470580 ) ) ;
#2494 = LINE ( 'NONE', #5776, #6000 ) ;
#2495 = CARTESIAN_POINT ( 'NONE',  ( 0.3216263545675480673, 0.6999999999999998446, -0.01496462130554788821 ) ) ;
#2496 = VECTOR ( 'NONE', #2741, 1000.000000000000000 ) ;
#2497 = SURFACE_STYLE_FILL_AREA ( #8909 ) ;
#2498 = CARTESIAN_POINT ( 'NONE',  ( 0.3653952921221441108, 0.8999999999999999112, -0.07602723105323641595 ) ) ;
#2499 = CARTESIAN_POINT ( 'NONE',  ( 0.1395214402546585963, 0.7000000000000001776, 0.02417324000896225664 ) ) ;
#2500 = CARTESIAN_POINT ( 'NONE',  ( 0.6333005242870788365, 0.9000000000000000222, -0.1771235173331212609 ) ) ;
#2501 = CARTESIAN_POINT ( 'NONE',  ( 0.7710284655370116536, 0.9000000000000002442, -0.1430510563655854883 ) ) ;
#2502 = CARTESIAN_POINT ( 'NONE',  ( -0.6250000000000000000, 0.0000000000000000000, 0.0000000000000000000 ) ) ;
#2503 = LINE ( 'NONE', #4042, #3993 ) ;
#2504 = LINE ( 'NONE', #7285, #6223 ) ;
#2505 = CARTESIAN_POINT ( 'NONE',  ( 0.9249999999999996003, -0.1000000000000000056, -4.011548038196364434E-16 ) ) ;
#2506 = EDGE_LOOP ( 'NONE', ( #3006, #8972 ) ) ;
#2507 = EDGE_CURVE ( 'NONE', #1235, #3192, #5533, .T. ) ;
#2508 = ORIENTED_EDGE ( 'NONE', *, *, #1171, .F. ) ;
#2509 = DIRECTION ( 'NONE',  ( 0.0000000000000000000, 1.000000000000000000, 0.0000000000000000000 ) ) ;
#2510 = CARTESIAN_POINT ( 'NONE',  ( -0.7973260277902307624, 0.7000000000000001776, -0.06324741025259913996 ) ) ;
#2511 = ORIENTED_EDGE ( 'NONE', *, *, #6798, .F. ) ;
#2512 = PRESENTATION_LAYER_ASSIGNMENT (  '', '', ( #9816 ) ) ;
#2513 =( LENGTH_UNIT ( ) NAMED_UNIT ( * ) SI_UNIT ( .MILLI., .METRE. ) );
#2514 = CARTESIAN_POINT ( 'NONE',  ( 0.6589647239908764664, 0.9000000000000002442, -0.1990456219702590734 ) ) ;
#2515 = CARTESIAN_POINT ( 'NONE',  ( 0.5521997488422477618, 0.6999999999999996225, -0.1642108857805324451 ) ) ;
#2516 = FACE_OUTER_BOUND ( 'NONE', #7812, .T. ) ;
#2517 = UNCERTAINTY_MEASURE_WITH_UNIT (LENGTH_MEASURE( 1.000000000000000082E-05 ), #690, 'distance_accuracy_value', 'NONE');
#2518 = CARTESIAN_POINT ( 'NONE',  ( 0.5473010222910449363, 0.8999999999999999112, 0.08032380882156094082 ) ) ;
#2519 = CARTESIAN_POINT ( 'NONE',  ( 0.3792513078710033070, 0.9000000000000001332, -0.1061310317468223824 ) ) ;
#2520 = CARTESIAN_POINT ( 'NONE',  ( 0.9628790087141680942, 0.0000000000000000000, -0.0000000000000000000 ) ) ;
#2521 =( GEOMETRIC_REPRESENTATION_CONTEXT ( 3 ) GLOBAL_UNCERTAINTY_ASSIGNED_CONTEXT ( ( #5503 ) ) GLOBAL_UNIT_ASSIGNED_CONTEXT ( ( #5875, #6719, #1286 ) ) REPRESENTATION_CONTEXT ( 'NONE', 'WORKASPACE' ) );
#2522 = CARTESIAN_POINT ( 'NONE',  ( 0.7958818969630397921, 0.7000000000000000666, -0.1813278868014736034 ) ) ;
#2523 = CARTESIAN_POINT ( 'NONE',  ( 1.094239754526878938, 0.9000000000000001332, -0.03743370899264990281 ) ) ;
#2524 = VERTEX_POINT ( 'NONE', #4014 ) ;
#2525 = CARTESIAN_POINT ( 'NONE',  ( 0.7692335350359735813, 0.6999999999999998446, -0.02267508584253368278 ) ) ;
#2526 = EDGE_CURVE ( 'NONE', #7515, #4342, #54, .T. ) ;
#2527 = EDGE_CURVE ( 'NONE', #2606, #4827, #5602, .T. ) ;
#2528 = CARTESIAN_POINT ( 'NONE',  ( -0.1973722079806121410, 0.9000000000000000222, -0.05423626301794440968 ) ) ;
#2529 = VECTOR ( 'NONE', #3857, 1000.000000000000000 ) ;
#2530 = VECTOR ( 'NONE', #1739, 1000.000000000000000 ) ;
#2531 = CARTESIAN_POINT ( 'NONE',  ( 1.101911333951356875, 0.7000000000000002887, -0.08925205368102134829 ) ) ;
#2532 = CARTESIAN_POINT ( 'NONE',  ( 0.3903470902650017504, 0.9000000000000000222, -0.2173941577547864601 ) ) ;
#2533 = CARTESIAN_POINT ( 'NONE',  ( 0.7767611523510197236, 0.7000000000000000666, -0.1642108857805325006 ) ) ;
#2534 = CARTESIAN_POINT ( 'NONE',  ( 0.8894666893041704991, 0.6999999999999999556, -0.06252780171503065365 ) ) ;
#2535 = CARTESIAN_POINT ( 'NONE',  ( 0.8854460515698544532, 0.6999999999999998446, -0.08692588343174387222 ) ) ;
#2536 = PLANE ( 'NONE',  #2928 ) ;
#2537 = CARTESIAN_POINT ( 'NONE',  ( -0.8099340036645221730, 0.9000000000000001332, 0.05546391663034374447 ) ) ;
#2538 = EDGE_CURVE ( 'NONE', #3219, #7234, #4842, .T. ) ;
#2539 = ORIENTED_EDGE ( 'NONE', *, *, #1408, .T. ) ;
#2540 = EDGE_CURVE ( 'NONE', #5421, #10308, #5140, .T. ) ;
#2541 = ORIENTED_EDGE ( 'NONE', *, *, #10152, .T. ) ;
#2542 =( LENGTH_UNIT ( ) NAMED_UNIT ( * ) SI_UNIT ( .MILLI., .METRE. ) );
#2543 = VECTOR ( 'NONE', #1523, 1000.000000000000000 ) ;
#2544 = CARTESIAN_POINT ( 'NONE',  ( 1.047289849739204248, 0.6999999999999999556, -0.06479813767573384953 ) ) ;
#2545 = CARTESIAN_POINT ( 'NONE',  ( 0.6583083389117677653, 0.8999999999999999112, 0.004079684918803130021 ) ) ;
#2546 = CARTESIAN_POINT ( 'NONE',  ( 0.6933727310646365938, 0.7000000000000005107, -0.01404739084849768171 ) ) ;
#2547 = CARTESIAN_POINT ( 'NONE',  ( 0.3894287103645609482, 0.7000000000000001776, 0.08969775790305527241 ) ) ;
#2548 = MECHANICAL_DESIGN_GEOMETRIC_PRESENTATION_REPRESENTATION (  '', ( #4017 ), #6660 ) ;
#2549 = ORIENTED_EDGE ( 'NONE', *, *, #5349, .F. ) ;
#2550 =( NAMED_UNIT ( * ) PLANE_ANGLE_UNIT ( ) SI_UNIT ( $, .RADIAN. ) );
#2551 = DIRECTION ( 'NONE',  ( 1.000000000000000000, -0.0000000000000000000, 0.0000000000000000000 ) ) ;
#2552 = CARTESIAN_POINT ( 'NONE',  ( 0.7710488446509666804, 0.9000000000000001332, -0.1402011752986461468 ) ) ;
#2553 = CARTESIAN_POINT ( 'NONE',  ( 0.3323831476044441513, 0.6999999999999999556, 0.03081122185197218352 ) ) ;
#2554 = AXIS2_PLACEMENT_3D ( 'NONE', #7378, #3555, #6774 ) ;
#2555 =( LENGTH_UNIT ( ) NAMED_UNIT ( * ) SI_UNIT ( .MILLI., .METRE. ) );
#2556 = CARTESIAN_POINT ( 'NONE',  ( 0.3483706046524867594, 0.6999999999999997335, -0.06886374000974734844 ) ) ;
#2557 = CARTESIAN_POINT ( 'NONE',  ( -0.6853476189333476132, 0.9000000000000001332, -0.2011811679382112250 ) ) ;
#2558 = CARTESIAN_POINT ( 'NONE',  ( 0.6478886164256134617, 0.9000000000000002442, -0.1547683944831420022 ) ) ;
#2559 = PLANE ( 'NONE',  #4327 ) ;
#2560 = CARTESIAN_POINT ( 'NONE',  ( 0.09283484986428548746, 0.7000000000000000666, -0.1989781478853135388 ) ) ;
#2561 = ORIENTED_EDGE ( 'NONE', *, *, #9077, .T. ) ;
#2562 = CARTESIAN_POINT ( 'NONE',  ( 0.1943987172636933436, 0.9000000000000001332, -0.04396866952508293042 ) ) ;
#2563 = ORIENTED_EDGE ( 'NONE', *, *, #6010, .F. ) ;
#2564 = CARTESIAN_POINT ( 'NONE',  ( 0.6784933862081518052, 0.8999999999999999112, -0.1105164985942328620 ) ) ;
#2565 = CARTESIAN_POINT ( 'NONE',  ( 0.5760756481036070076, 0.7000000000000001776, -0.1829897909783367027 ) ) ;
#2566 = AXIS2_PLACEMENT_3D ( 'NONE', #6745, #5027, #6687 ) ;
#2567 = CARTESIAN_POINT ( 'NONE',  ( 0.5196774264890352546, 0.6999999999999998446, 0.05879053918433069931 ) ) ;
#2568 = CARTESIAN_POINT ( 'NONE',  ( 0.6263389011363541536, 0.7000000000000001776, -0.04865509161013194250 ) ) ;
#2569 = CARTESIAN_POINT ( 'NONE',  ( 0.7735015762183455879, 0.6999999999999998446, -0.1566810548650774126 ) ) ;
#2570 = DIRECTION ( 'NONE',  ( 1.000000000000000000, 0.0000000000000000000, 0.0000000000000000000 ) ) ;
#2571 = CARTESIAN_POINT ( 'NONE',  ( -0.3973722079806121243, 0.6999999999999999556, -0.08230643845654088409 ) ) ;
#2572 = ORIENTED_EDGE ( 'NONE', *, *, #7228, .F. ) ;
#2573 = ADVANCED_BREP_SHAPE_REPRESENTATION ( '5C2A46E1-C488-46A8-B1BA-F9B57C110212', ( #7916, #548 ), #2047 ) ;
#2574 = LINE ( 'NONE', #8144, #5286 ) ;
#2575 = ADVANCED_FACE ( 'NONE', ( #6500 ), #6648, .F. ) ;
#2576 = DIRECTION ( 'NONE',  ( -1.000000000000000000, 0.0000000000000000000, -0.0000000000000000000 ) ) ;
#2577 = PRESENTATION_STYLE_ASSIGNMENT (( #5807 ) ) ;
#2578 = CARTESIAN_POINT ( 'NONE',  ( 0.8578619277958507983, 0.7000000000000000666, -0.1771235173331211221 ) ) ;
#2579 = VECTOR ( 'NONE', #6451, 1000.000000000000000 ) ;
#2580 = CARTESIAN_POINT ( 'NONE',  ( -0.7022258256107928309, 0.6999999999999999556, -0.1693222190036970665 ) ) ;
#2581 = CARTESIAN_POINT ( 'NONE',  ( 0.1316436971444675252, 0.6999999999999996225, 0.03342736916559797822 ) ) ;
#2582 = CARTESIAN_POINT ( 'NONE',  ( 0.8971988853923354990, 0.9000000000000003553, -0.1852002767618871892 ) ) ;
#2583 = CARTESIAN_POINT ( 'NONE',  ( -0.8099340036645221730, 0.6999999999999999556, 0.05546391663034374447 ) ) ;
#2584 = CARTESIAN_POINT ( 'NONE',  ( -0.7191856440064009481, 0.9000000000000000222, 0.05176031556486621749 ) ) ;
#2585 = ORIENTED_EDGE ( 'NONE', *, *, #1635, .F. ) ;
#2586 = FACE_OUTER_BOUND ( 'NONE', #2164, .T. ) ;
#2587 = CARTESIAN_POINT ( 'NONE',  ( 0.7991616535231006457, 0.7000000000000000666, -0.09492463398416607634 ) ) ;
#2588 = DIRECTION ( 'NONE',  ( 0.0000000000000000000, 1.000000000000000000, -0.0000000000000000000 ) ) ;
#2589 = CARTESIAN_POINT ( 'NONE',  ( 0.6556349470091893394, 0.7000000000000000666, 0.01876640561800684351 ) ) ;
#2590 = SURFACE_STYLE_FILL_AREA ( #7321 ) ;
#2591 = CARTESIAN_POINT ( 'NONE',  ( 0.6649052857953990925, 0.7000000000000000666, -0.06252780171503076467 ) ) ;
#2592 = SURFACE_SIDE_STYLE ('',( #9669 ) ) ;
#2593 = VECTOR ( 'NONE', #3592, 1000.000000000000000 ) ;
#2594 = CARTESIAN_POINT ( 'NONE',  ( 0.3682818425568087362, 0.7000000000000001776, -0.1043662139032797836 ) ) ;
#2595 = ORIENTED_EDGE ( 'NONE', *, *, #9956, .T. ) ;
#2596 = DIRECTION ( 'NONE',  ( 0.0000000000000000000, 0.0000000000000000000, -1.000000000000000000 ) ) ;
#2597 = SURFACE_STYLE_FILL_AREA ( #9783 ) ;
#2598 = PRESENTATION_LAYER_ASSIGNMENT (  '', '', ( #1612 ) ) ;
#2600 = ADVANCED_FACE ( 'NONE', ( #215 ), #6554, .T. ) ;
#2599 = CARTESIAN_POINT ( 'NONE',  ( 0.3184172657035982956, 0.6999999999999999556, -0.1051134560004005486 ) ) ;
#2601 = CARTESIAN_POINT ( 'NONE',  ( 0.3224800264620938384, 0.8999999999999999112, 0.003715066218319647458 ) ) ;
#2602 = CARTESIAN_POINT ( 'NONE',  ( 0.6049135189939582880, 0.9000000000000000222, -0.1860197224330941979 ) ) ;
#2603 = CARTESIAN_POINT ( 'NONE',  ( 0.7508354893677423592, 0.7000000000000002887, -0.09480968791772781401 ) ) ;
#2604 = CARTESIAN_POINT ( 'NONE',  ( 0.08745275682058027689, 0.6999999999999998446, -0.1939917160131480744 ) ) ;
#2605 = ORIENTED_EDGE ( 'NONE', *, *, #6984, .F. ) ;
#2606 = VERTEX_POINT ( 'NONE', #3338 ) ;
#2607 = STYLED_ITEM ( 'NONE', ( #7765 ), #5167 ) ;
#2608 = SURFACE_SIDE_STYLE ('',( #1827 ) ) ;
#2609 = ORIENTED_EDGE ( 'NONE', *, *, #10139, .T. ) ;
#2610 = CARTESIAN_POINT ( 'NONE',  ( 0.9640313007913173804, 0.6999999999999999556, -0.2138853858249619433 ) ) ;
#2611 = CARTESIAN_POINT ( 'NONE',  ( -0.5342143132437700004, 0.9000000000000000222, 0.08611461417503804561 ) ) ;
#2612 = CARTESIAN_POINT ( 'NONE',  ( 0.5869611365988475216, 0.9000000000000001332, -0.1853254838409339189 ) ) ;
#2613 = CARTESIAN_POINT ( 'NONE',  ( -0.6464950149981558702, 0.6999999999999999556, -0.03318363143899703133 ) ) ;
#2614 = VECTOR ( 'NONE', #607, 1000.000000000000114 ) ;
#2615 = CARTESIAN_POINT ( 'NONE',  ( 0.5999418771220332847, 0.8999999999999999112, 0.08973780313695602084 ) ) ;
#2616 = CARTESIAN_POINT ( 'NONE',  ( -0.7866452025298015238, 0.6999999999999998446, -0.2016908055031140512 ) ) ;
#2617 = CARTESIAN_POINT ( 'NONE',  ( 0.8640826659103300056, 0.9000000000000001332, 0.04411498321868760619 ) ) ;
#2618 = CARTESIAN_POINT ( 'NONE',  ( 0.4210606133704629661, 0.9000000000000003553, -0.06662467284415737878 ) ) ;
#2619 = ORIENTED_EDGE ( 'NONE', *, *, #863, .F. ) ;
#2620 = DIRECTION ( 'NONE',  ( 0.0000000000000000000, 0.0000000000000000000, -1.000000000000000000 ) ) ;
#2621 = VECTOR ( 'NONE', #1081, 1000.000000000000000 ) ;
#2622 = PLANE ( 'NONE',  #2246 ) ;
#2623 = LINE ( 'NONE', #9858, #9903 ) ;
#2624 =( GEOMETRIC_REPRESENTATION_CONTEXT ( 3 ) GLOBAL_UNCERTAINTY_ASSIGNED_CONTEXT ( ( #3230 ) ) GLOBAL_UNIT_ASSIGNED_CONTEXT ( ( #4945, #9058, #3292 ) ) REPRESENTATION_CONTEXT ( 'NONE', 'WORKASPACE' ) );
#2625 = CARTESIAN_POINT ( 'NONE',  ( 0.9053016761773531318, 0.9000000000000001332, -0.1173389452988363307 ) ) ;
#2626 = DIRECTION ( 'NONE',  ( 0.1559625734730108459, 0.0000000000000000000, -0.9877629653290690426 ) ) ;
#2627 = CARTESIAN_POINT ( 'NONE',  ( 0.6732753868810235076, 0.9000000000000002442, 0.06119393409309479420 ) ) ;
#2628 = EDGE_CURVE ( 'NONE', #1056, #4685, #1800, .T. ) ;
#2629 = CARTESIAN_POINT ( 'NONE',  ( -0.7065609621612060076, 0.9000000000000001332, 0.04214135654130438807 ) ) ;
#2630 = ORIENTED_EDGE ( 'NONE', *, *, #2710, .F. ) ;
#2631 = FACE_OUTER_BOUND ( 'NONE', #4986, .T. ) ;
#2632 = PRESENTATION_STYLE_ASSIGNMENT (( #9773 ) ) ;
#2633 = FILL_AREA_STYLE ('',( #5827 ) ) ;
#2634 = CARTESIAN_POINT ( 'NONE',  ( 0.6698669427346337635, 0.6999999999999999556, -0.05887469734024909640 ) ) ;
#2635 = PLANE ( 'NONE',  #2954 ) ;
#2636 = ORIENTED_EDGE ( 'NONE', *, *, #10105, .T. ) ;
#2637 = CARTESIAN_POINT ( 'NONE',  ( 1.499999999999999778, 0.9000000000000000222, -1.250000000000000000 ) ) ;
#2638 = CARTESIAN_POINT ( 'NONE',  ( 0.8671496592900975742, 0.6999999999999998446, -0.1150618645473976270 ) ) ;
#2639 = CARTESIAN_POINT ( 'NONE',  ( 0.3356249867591294400, 0.8999999999999996891, -0.05612623999648148898 ) ) ;
#2640 = EDGE_CURVE ( 'NONE', #422, #9613, #4992, .T. ) ;
#2641 = CARTESIAN_POINT ( 'NONE',  ( 0.0000000000000000000, 0.0000000000000000000, 0.6700000000000000400 ) ) ;
#2642 = CARTESIAN_POINT ( 'NONE',  ( 0.6582080169561498328, 0.9000000000000003553, -0.008807195381372208420 ) ) ;
#2643 = CARTESIAN_POINT ( 'NONE',  ( 0.09846266187812786896, 0.6999999999999999556, -0.2033739298736961520 ) ) ;
#2644 = ORIENTED_EDGE ( 'NONE', *, *, #4920, .T. ) ;
#2645 = CARTESIAN_POINT ( 'NONE',  ( 0.2153461691253343857, 0.9000000000000003553, -0.07468777635896793610 ) ) ;
#2646 = VERTEX_POINT ( 'NONE', #166 ) ;
#2647 = EDGE_CURVE ( 'NONE', #7642, #7046, #3328, .T. ) ;
#2648 = CARTESIAN_POINT ( 'NONE',  ( 0.8825710567690260300, 0.6999999999999998446, 0.006483180057383700068 ) ) ;
#2649 = CARTESIAN_POINT ( 'NONE',  ( 0.1221465182933141463, 0.9000000000000000222, -0.005732356088013886193 ) ) ;
#2650 = VECTOR ( 'NONE', #5391, 1000.000000000000000 ) ;
#2651 = CARTESIAN_POINT ( 'NONE',  ( -0.7022258256107928309, 0.6999999999999999556, -0.1693222190036970665 ) ) ;
#2652 = PRESENTATION_STYLE_ASSIGNMENT (( #9797 ) ) ;
#2653 = CARTESIAN_POINT ( 'NONE',  ( 0.5053771236830513214, 0.8999999999999998002, 0.01820488221624569011 ) ) ;
#2654 = CARTESIAN_POINT ( 'NONE',  ( 0.4710157624235215001, 0.9000000000000001332, -0.06049702207994256398 ) ) ;
#2655 = CARTESIAN_POINT ( 'NONE',  ( -0.7775795623313618288, 0.6999999999999999556, -0.2075280106819931969 ) ) ;
#2656 = CARTESIAN_POINT ( 'NONE',  ( 0.7740215145199504931, 0.9000000000000002442, 0.03728399068047649062 ) ) ;
#2657 = CARTESIAN_POINT ( 'NONE',  ( 0.3851128552313359266, 0.9000000000000001332, -0.07777819990867937405 ) ) ;
#2658 = ORIENTED_EDGE ( 'NONE', *, *, #3133, .F. ) ;
#2659 = AXIS2_PLACEMENT_3D ( 'NONE', #6226, #10068, #6865 ) ;
#2660 = ORIENTED_EDGE ( 'NONE', *, *, #863, .T. ) ;
#2661 = EDGE_LOOP ( 'NONE', ( #4500, #8556, #75, #1292 ) ) ;
#2662 = LINE ( 'NONE', #5035, #6965 ) ;
#2663 = COLOUR_RGB ( '',0.3764705882352941124, 0.3764705882352941124, 0.3764705882352941124 ) ;
#2664 = CARTESIAN_POINT ( 'NONE',  ( 0.8026521538269113520, 0.8999999999999998002, 0.05420695099237284043 ) ) ;
#2665 = FACE_BOUND ( 'NONE', #4485, .T. ) ;
#2666 = CARTESIAN_POINT ( 'NONE',  ( -0.8394774711385069033, 0.7000000000000000666, -0.05423626301794441662 ) ) ;
#2667 = CARTESIAN_POINT ( 'NONE',  ( 0.8363801892612298117, 0.7000000000000000666, 0.08940876473621592324 ) ) ;
#2668 = CARTESIAN_POINT ( 'NONE',  ( -0.6961409912480932549, 0.7000000000000000666, -0.1595521068459210545 ) ) ;
#2669 = CARTESIAN_POINT ( 'NONE',  ( 0.8908914565343798442, 0.9000000000000001332, -0.1928287795181234388 ) ) ;
#2670 = CARTESIAN_POINT ( 'NONE',  ( 0.4738191286679980796, 0.9000000000000001332, 0.02831857602974234209 ) ) ;
#2671 = FILL_AREA_STYLE_COLOUR ( '', #2140 ) ;
#2672 = CARTESIAN_POINT ( 'NONE',  ( -0.8169805983582471010, 0.7000000000000002887, 0.04622695314295034025 ) ) ;
#2673 = VECTOR ( 'NONE', #538, 1000.000000000000000 ) ;
#2674 = CARTESIAN_POINT ( 'NONE',  ( 1.055259370966756149, 0.6999999999999999556, -0.03142924547408474517 ) ) ;
#2675 = CARTESIAN_POINT ( 'NONE',  ( 1.055259370966756149, 0.6999999999999999556, -0.03142924547408474517 ) ) ;
#2676 = VECTOR ( 'NONE', #846, 1000.000000000000000 ) ;
#2677 = ORIENTED_EDGE ( 'NONE', *, *, #7383, .T. ) ;
#2678 = SURFACE_STYLE_USAGE ( .BOTH. , #1133 ) ;
#2679 = CARTESIAN_POINT ( 'NONE',  ( 0.03420673938780895845, 0.6999999999999999556, -0.01213099986004967552 ) ) ;
#2680 = EDGE_CURVE ( 'NONE', #3658, #6756, #1324, .T. ) ;
#2681 = CARTESIAN_POINT ( 'NONE',  ( 0.5499962130720192910, 0.9000000000000000222, -0.07528889459689178110 ) ) ;
#2682 = CARTESIAN_POINT ( 'NONE',  ( 0.5495088729056010202, 0.9000000000000000222, -0.03102923392518786017 ) ) ;
#2683 =( LENGTH_UNIT ( ) NAMED_UNIT ( * ) SI_UNIT ( .MILLI., .METRE. ) );
#2684 = B_SPLINE_CURVE_WITH_KNOTS ( 'NONE', 3,
 ( #4116, #7964, #3385, #2618, #4984, #7410, #958, #257, #3428, #2657, #5799, #1884, #10241, #5521, #8689, #8789, #10287, #5564, #1655, #4800, #4656, #5608, #776, #8740, #8012, #1609, #9517, #4754, #873, #3237, #4022, #1502, #828 ),
 .UNSPECIFIED., .F., .F.,
 ( 4, 1, 1, 1, 1, 1, 1, 1, 1, 1, 1, 1, 1, 1, 1, 1, 1, 1, 1, 1, 1, 1, 1, 1, 1, 1, 1, 1, 1, 1, 4 ),
 ( 0.4999999999991511235, 0.5048917441987316179, 0.5204633798215130280, 0.5361737445479632935, 0.5515056842902307244, 0.5666444528663349134, 0.5818530785127233873, 0.5972231988936472780, 0.6128970075091784153, 0.6288484177296653765, 0.6451768796171204468, 0.6613788366660897644, 0.6768685706827626269, 0.6915922477349470965, 0.7061660962377974693, 0.7205712562714619018, 0.7349772819738292773, 0.7498257810670105883, 0.7652104987269514602, 0.7960952250218571447, 0.8262278482969580562, 0.8563790891971131414, 0.8868590029158237575, 0.9021020279963870570, 0.9167220099060908733, 0.9309748682434307865, 0.9449127660587833821, 0.9586895787138532965, 0.9724219660076108829, 0.9862277139797344105, 0.9999999999999998890 ),
 .UNSPECIFIED. ) ;
#2685 = CARTESIAN_POINT ( 'NONE',  ( 0.3750000000000000000, -0.1000000000000000056, -0.0000000000000000000 ) ) ;
#2686 = CARTESIAN_POINT ( 'NONE',  ( 0.5550764747189403936, 0.9000000000000000222, 0.04385138482649052205 ) ) ;
#2687 = CARTESIAN_POINT ( 'NONE',  ( 0.3792513078710033070, 0.7000000000000000666, -0.1061310317468223824 ) ) ;
#2688 = ORIENTED_EDGE ( 'NONE', *, *, #3458, .T. ) ;
#2689 = EDGE_LOOP ( 'NONE', ( #8932, #8073, #1797, #10266 ) ) ;
#2690 = CARTESIAN_POINT ( 'NONE',  ( 0.8051240256358964675, 0.6999999999999997335, -0.2163921072683879787 ) ) ;
#2691 = AXIS2_PLACEMENT_3D ( 'NONE', #8900, #4758, #4079 ) ;
#2692 = CARTESIAN_POINT ( 'NONE',  ( 0.8724517024274250909, 0.9000000000000001332, -0.1289907461749949247 ) ) ;
#2693 = ADVANCED_FACE ( 'NONE', ( #4372 ), #6929, .T. ) ;
#2694 = LINE ( 'NONE', #8329, #7175 ) ;
#2695 = DIRECTION ( 'NONE',  ( 1.000000000000000000, 0.0000000000000000000, 0.0000000000000000000 ) ) ;
#2696 = CARTESIAN_POINT ( 'NONE',  ( 0.8051240256358964675, 0.8999999999999999112, -0.2163921072683879787 ) ) ;
#2697 = CARTESIAN_POINT ( 'NONE',  ( 0.8385018480080650427, 0.7000000000000001776, -0.2166492977353447202 ) ) ;
#2698 = CARTESIAN_POINT ( 'NONE',  ( 0.5495088729056010202, 0.9000000000000001332, -0.03102923392518786017 ) ) ;
#2699 = CARTESIAN_POINT ( 'NONE',  ( 0.7686734622696150820, 0.8999999999999999112, -0.07223184338299977469 ) ) ;
#2700 = COLOUR_RGB ( '',1.000000000000000000, 0.9607843137254902244, 0.4549019607843137192 ) ;
#2701 = CARTESIAN_POINT ( 'NONE',  ( 0.1980339170991352316, 0.8999999999999999112, -0.2103893913601237176 ) ) ;
#2702 = VERTEX_POINT ( 'NONE', #428 ) ;
#2703 = PLANE ( 'NONE',  #6340 ) ;
#2704 =( GEOMETRIC_REPRESENTATION_CONTEXT ( 3 ) GLOBAL_UNCERTAINTY_ASSIGNED_CONTEXT ( ( #5512 ) ) GLOBAL_UNIT_ASSIGNED_CONTEXT ( ( #6993, #8630, #10030 ) ) REPRESENTATION_CONTEXT ( 'NONE', 'WORKASPACE' ) );
#2705 = CARTESIAN_POINT ( 'NONE',  ( 0.4255574294854388984, 0.8999999999999999112, 0.04055564901788705906 ) ) ;
#2706 = UNCERTAINTY_MEASURE_WITH_UNIT (LENGTH_MEASURE( 1.000000000000000082E-05 ), #2371, 'distance_accuracy_value', 'NONE');
#2707 = CARTESIAN_POINT ( 'NONE',  ( -0.6915668938505157293, 0.8999999999999996891, -0.1474260254462588793 ) ) ;
#2708 = CARTESIAN_POINT ( 'NONE',  ( -0.6882318020559247129, 0.7000000000000000666, 0.07391855591007494286 ) ) ;
#2710 = EDGE_CURVE ( 'NONE', #9342, #5520, #5194, .T. ) ;
#2709 = DIRECTION ( 'NONE',  ( 1.734723475976807094E-16, 0.0000000000000000000, 1.000000000000000000 ) ) ;
#2711 = CARTESIAN_POINT ( 'NONE',  ( 0.4324334244019382156, 0.9000000000000000222, -0.09824586666126616796 ) ) ;
#2712 = CARTESIAN_POINT ( 'NONE',  ( -0.7470010183579628427, 0.7000000000000001776, -0.2170190219515263919 ) ) ;
#2713 = CARTESIAN_POINT ( 'NONE',  ( 0.7710055862053049047, 0.7000000000000000666, -0.1427336692305481991 ) ) ;
#2714 = ADVANCED_FACE ( 'NONE', ( #3745 ), #3636, .T. ) ;
#2715 = PLANE ( 'NONE',  #8438 ) ;
#2716 = ORIENTED_EDGE ( 'NONE', *, *, #819, .F. ) ;
#2717 = ORIENTED_EDGE ( 'NONE', *, *, #8298, .T. ) ;
#2718 = LINE ( 'NONE', #5857, #8148 ) ;
#2719 = B_SPLINE_CURVE_WITH_KNOTS ( 'NONE', 3,
 ( #9905, #5754, #2767, #9137, #425, #6755, #9961, #2811, #2045, #5189, #4424, #474, #3634, #8505, #2865, #9397, #7836, #9345, #10117, #2973, #3687, #2210, #6070, #2262, #4474, #3794, #5393, #8613, #8665, #3850, #640, #6122, #746, #6926 ),
 .UNSPECIFIED., .F., .F.,
 ( 4, 1, 1, 1, 1, 1, 1, 1, 1, 1, 1, 1, 1, 1, 1, 1, 1, 1, 1, 1, 1, 1, 1, 1, 1, 1, 1, 1, 1, 1, 1, 4 ),
 ( 0.0000000000000000000, 0.01373965022553295424, 0.02757697691937236600, 0.04120361669370672941, 0.05511733618502854398, 0.06916574080234087762, 0.08372332241091332006, 0.09868310417993424177, 0.1143974372725912320, 0.1300354017864361889, 0.1451056445128571237, 0.1597554501089154533, 0.1740885773820503579, 0.1885714403709603804, 0.2031187387795622135, 0.2179420210431790017, 0.2334647282336206886, 0.2492992249953524531, 0.2655542038387515569, 0.2824346736135273095, 0.2999211239737922807, 0.3181922625727575116, 0.3374315067609216512, 0.3579072785728287243, 0.3797103597838519251, 0.4012029441486035797, 0.4212615401305659923, 0.4397632812893657595, 0.4569947035136253111, 0.4735228048957491609, 0.4892561722133219604, 0.4999999999991511235 ),
 .UNSPECIFIED. ) ;
#2720 = LINE ( 'NONE', #2813, #10218 ) ;
#2721 = CARTESIAN_POINT ( 'NONE',  ( 1.087850396158501987, 0.6999999999999997335, -0.07408831986418250304 ) ) ;
#2722 = CARTESIAN_POINT ( 'NONE',  ( 0.7905233848715264022, 0.9000000000000002442, 0.08638838197276381414 ) ) ;
#2723 = EDGE_CURVE ( 'NONE', #7224, #7642, #5050, .T. ) ;
#2724 = CARTESIAN_POINT ( 'NONE',  ( 0.8682753736411373824, 0.9000000000000001332, -0.2084846267975642431 ) ) ;
#2725 = CARTESIAN_POINT ( 'NONE',  ( 0.4603574903987646683, 0.9000000000000000222, -0.07678639546380820746 ) ) ;
#2726 = CARTESIAN_POINT ( 'NONE',  ( 0.5659619813627544405, 0.9000000000000001332, 0.08638838197276381414 ) ) ;
#2727 =( GEOMETRIC_REPRESENTATION_CONTEXT ( 3 ) GLOBAL_UNCERTAINTY_ASSIGNED_CONTEXT ( ( #4370 ) ) GLOBAL_UNIT_ASSIGNED_CONTEXT ( ( #6552, #8052, #6498 ) ) REPRESENTATION_CONTEXT ( 'NONE', 'WORKASPACE' ) );
#2728 = ORIENTED_EDGE ( 'NONE', *, *, #9260, .F. ) ;
#2729 = DIRECTION ( 'NONE',  ( 0.0000000000000000000, 1.000000000000000000, 0.0000000000000000000 ) ) ;
#2730 = CARTESIAN_POINT ( 'NONE',  ( 0.5045016920160503293, 0.7000000000000000666, -0.005101888520668999838 ) ) ;
#2731 = ORIENTED_EDGE ( 'NONE', *, *, #5683, .F. ) ;
#2732 = CARTESIAN_POINT ( 'NONE',  ( 1.083184008332271020, 0.6999999999999997335, -0.1738019679108567805 ) ) ;
#2733 = VECTOR ( 'NONE', #7533, 1000.000000000000000 ) ;
#2734 = PLANE ( 'NONE',  #7523 ) ;
#2735 = CARTESIAN_POINT ( 'NONE',  ( 0.5415066631567807542, 0.7000000000000001776, -0.01342908326495971874 ) ) ;
#2736 = CARTESIAN_POINT ( 'NONE',  ( 0.5746002500143287950, 0.6999999999999999556, -0.09492463398416609022 ) ) ;
#2737 = CARTESIAN_POINT ( 'NONE',  ( -0.7554714747521731333, 0.7000000000000002887, -0.1800916313610576858 ) ) ;
#2738 = DIRECTION ( 'NONE',  ( -0.0000000000000000000, 1.000000000000000000, -0.0000000000000000000 ) ) ;
#2739 = CARTESIAN_POINT ( 'NONE',  ( 0.7289435814930720348, 0.7000000000000000666, -0.001604684070575989382 ) ) ;
#2740 = ORIENTED_EDGE ( 'NONE', *, *, #6618, .T. ) ;
#2741 = DIRECTION ( 'NONE',  ( 0.0000000000000000000, 0.0000000000000000000, -1.000000000000000000 ) ) ;
#2742 = CARTESIAN_POINT ( 'NONE',  ( 0.7384316748862482793, 0.7000000000000000666, -0.1366515634528985834 ) ) ;
#2743 = CARTESIAN_POINT ( 'NONE',  ( 0.8614304705778912385, 0.9000000000000000222, -0.1067965028822606965 ) ) ;
#2744 = FILL_AREA_STYLE ('',( #9015 ) ) ;
#2745 = STYLED_ITEM ( 'NONE', ( #5916 ), #3384 ) ;
#2746 = CARTESIAN_POINT ( 'NONE',  ( 1.144966921568653095, 0.7000000000000002887, -0.1517010106398129776 ) ) ;
#2747 = LINE ( 'NONE', #2897, #6167 ) ;
#2748 = CARTESIAN_POINT ( 'NONE',  ( 0.9053016761773531318, 0.6999999999999999556, -0.1173389452988363307 ) ) ;
#2749 = CARTESIAN_POINT ( 'NONE',  ( 0.5404045914477577650, 0.9000000000000000222, -0.005074628296310336809 ) ) ;
#2750 = SURFACE_STYLE_FILL_AREA ( #458 ) ;
#2751 = CARTESIAN_POINT ( 'NONE',  ( 1.105833814659736181, 0.8999999999999998002, -0.1445450044893082930 ) ) ;
#2752 = FILL_AREA_STYLE_COLOUR ( '', #1831 ) ;
#2753 = EDGE_CURVE ( 'NONE', #9750, #8201, #4429, .T. ) ;
#2754 = ORIENTED_EDGE ( 'NONE', *, *, #288, .T. ) ;
#2755 = MECHANICAL_DESIGN_GEOMETRIC_PRESENTATION_REPRESENTATION (  '', ( #8423 ), #5228 ) ;
#2756 = CARTESIAN_POINT ( 'NONE',  ( 0.4057401028750730054, 0.8999999999999996891, 0.05462187028936377892 ) ) ;
#2757 =( LENGTH_UNIT ( ) NAMED_UNIT ( * ) SI_UNIT ( .MILLI., .METRE. ) );
#2758 = CARTESIAN_POINT ( 'NONE',  ( -0.6658878202025689808, 0.7000000000000001776, -0.1808706593414259045 ) ) ;
#2759 = DIRECTION ( 'NONE',  ( 0.0000000000000000000, 1.000000000000000000, 0.0000000000000000000 ) ) ;
#2760 = CARTESIAN_POINT ( 'NONE',  ( 0.3023283683432498870, 0.7000000000000001776, 0.05310224845356911749 ) ) ;
#2761 = DIRECTION ( 'NONE',  ( -1.000000000000000000, 0.0000000000000000000, 0.0000000000000000000 ) ) ;
#2762 = CARTESIAN_POINT ( 'NONE',  ( -0.7678993003621391589, 0.9000000000000003553, -0.2119522551197939864 ) ) ;
#2763 = CARTESIAN_POINT ( 'NONE',  ( 0.7710561777184212762, 0.8999999999999999112, -0.1395670114818829133 ) ) ;
#2764 = DIRECTION ( 'NONE',  ( 0.0000000000000000000, 1.000000000000000000, -0.0000000000000000000 ) ) ;
#2765 = EDGE_LOOP ( 'NONE', ( #4654, #6892, #5324, #7237 ) ) ;
#2766 = ORIENTED_EDGE ( 'NONE', *, *, #462, .F. ) ;
#2767 = CARTESIAN_POINT ( 'NONE',  ( 0.3435151934213550584, 0.6999999999999999556, 0.04363116147934256728 ) ) ;
#2768 = AXIS2_PLACEMENT_3D ( 'NONE', #4941, #219, #58 ) ;
#2769 = CARTESIAN_POINT ( 'NONE',  ( 0.0000000000000000000, -0.1000000000000000056, 0.6250000000000001110 ) ) ;
#2770 = DIRECTION ( 'NONE',  ( 0.0000000000000000000, 1.000000000000000000, 0.0000000000000000000 ) ) ;
#2771 = CARTESIAN_POINT ( 'NONE',  ( -0.7065609621612060076, 0.7000000000000000666, 0.04214135654130438807 ) ) ;
#2772 = CARTESIAN_POINT ( 'NONE',  ( 0.5217285166806163721, 0.6999999999999998446, -0.1022908942736979604 ) ) ;
#2773 = CARTESIAN_POINT ( 'NONE',  ( 0.4141310030133795728, 0.9000000000000001332, 0.08612927054665288351 ) ) ;
#2774 = LINE ( 'NONE', #3644, #10261 ) ;
#2775 = LINE ( 'NONE', #4330, #5942 ) ;
#2776 = ORIENTED_EDGE ( 'NONE', *, *, #3562, .F. ) ;
#2777 = FACE_OUTER_BOUND ( 'NONE', #3130, .T. ) ;
#2778 = COLOUR_RGB ( '',1.000000000000000000, 0.9607843137254902244, 0.4549019607843137192 ) ;
#2779 = CARTESIAN_POINT ( 'NONE',  ( 0.7715800471502924918, 0.6999999999999997335, -0.1314927984018289253 ) ) ;
#2780 = LINE ( 'NONE', #5005, #7013 ) ;
#2781 = CARTESIAN_POINT ( 'NONE',  ( -0.7329598771085106268, 0.6999999999999999556, 0.05617363900662205450 ) ) ;
#2782 =( NAMED_UNIT ( * ) SI_UNIT ( $, .STERADIAN. ) SOLID_ANGLE_UNIT ( ) );
#2783 = PRESENTATION_STYLE_ASSIGNMENT (( #9927 ) ) ;
#2784 = CARTESIAN_POINT ( 'NONE',  ( 1.047289849739204248, 0.6999999999999999556, -0.1805164936233128459 ) ) ;
#2785 = ORIENTED_EDGE ( 'NONE', *, *, #8790, .F. ) ;
#2786 = EDGE_CURVE ( 'NONE', #6095, #4554, #4801, .T. ) ;
#2787 = VERTEX_POINT ( 'NONE', #9192 ) ;
#2788 = DIRECTION ( 'NONE',  ( -1.000000000000000000, 0.0000000000000000000, 0.0000000000000000000 ) ) ;
#2789 = CARTESIAN_POINT ( 'NONE',  ( 0.7408736675949301187, 0.9000000000000004663, -0.1185802113258998397 ) ) ;
#2790 = CARTESIAN_POINT ( 'NONE',  ( 0.8724517024274250909, 0.6999999999999998446, -0.1289907461749949247 ) ) ;
#2791 = CARTESIAN_POINT ( 'NONE',  ( 0.5464874411421946077, 0.6999999999999998446, -0.1402011752986460913 ) ) ;
#2792 = CARTESIAN_POINT ( 'NONE',  ( 1.148241827107107094, 0.6999999999999999556, -0.1226573156495233408 ) ) ;
#2793 = CARTESIAN_POINT ( 'NONE',  ( 0.7408736675949301187, 0.9000000000000003553, -0.1185802113258998397 ) ) ;
#2794 = CARTESIAN_POINT ( 'NONE',  ( 0.7638416448643570167, 0.9000000000000001332, 0.07591974514482906222 ) ) ;
#2795 = CARTESIAN_POINT ( 'NONE',  ( 0.06823054394044088256, 0.7000000000000000666, 0.05829256982807059367 ) ) ;
#2796 = EDGE_LOOP ( 'NONE', ( #10149, #7016, #7341, #4106 ) ) ;
#2797 = CARTESIAN_POINT ( 'NONE',  ( -0.6868458921911384518, 0.6999999999999999556, -0.03318363143899703133 ) ) ;
#2798 = CARTESIAN_POINT ( 'NONE',  ( -0.6915668938505157293, 0.6999999999999996225, -0.1474260254462588793 ) ) ;
#2799 = UNCERTAINTY_MEASURE_WITH_UNIT (LENGTH_MEASURE( 1.000000000000000082E-05 ), #869, 'distance_accuracy_value', 'NONE');
#2800 = DIRECTION ( 'NONE',  ( -0.0000000000000000000, 1.000000000000000000, -0.0000000000000000000 ) ) ;
#2801 = CARTESIAN_POINT ( 'NONE',  ( 0.3640363228164114062, 0.9000000000000000222, 0.08869338857927029640 ) ) ;
#2802 = CARTESIAN_POINT ( 'NONE',  ( 0.1155025528518914268, 0.8999999999999998002, -0.1719287578015626927 ) ) ;
#2803 = LINE ( 'NONE', #8394, #7067 ) ;
#2804 = CARTESIAN_POINT ( 'NONE',  ( -0.04123185710341913113, 0.6999999999999999556, 0.01769356154345909371 ) ) ;
#2805 = ADVANCED_FACE ( 'NONE', ( #8459 ), #5343, .F. ) ;
#2806 = ORIENTED_EDGE ( 'NONE', *, *, #10186, .T. ) ;
#2807 = ORIENTED_EDGE ( 'NONE', *, *, #8298, .F. ) ;
#2808 = FILL_AREA_STYLE ('',( #7565 ) ) ;
#2809 = VERTEX_POINT ( 'NONE', #2319 ) ;
#2810 = VECTOR ( 'NONE', #8365, 1000.000000000000000 ) ;
#2811 = CARTESIAN_POINT ( 'NONE',  ( 0.3691423576480065694, 0.7000000000000000666, 0.05628700181967688509 ) ) ;
#2812 = EDGE_LOOP ( 'NONE', ( #501, #2194, #7969, #1887, #4460, #5091, #7096, #5361, #6881, #3709 ) ) ;
#2813 = CARTESIAN_POINT ( 'NONE',  ( -1.399999999999999689, -0.1000000000000000056, -0.1250000000000000555 ) ) ;
#2814 = CARTESIAN_POINT ( 'NONE',  ( 0.2882169030703533585, 0.9000000000000002442, -0.04148117273833584057 ) ) ;
#2815 = VECTOR ( 'NONE', #6162, 1000.000000000000000 ) ;
#2816 = EDGE_CURVE ( 'NONE', #3845, #8349, #6437, .T. ) ;
#2817 = EDGE_CURVE ( 'NONE', #5114, #3113, #7241, .T. ) ;
#2818 = CARTESIAN_POINT ( 'NONE',  ( 0.5504763771734100253, 0.9000000000000003553, -0.2067788082763747648 ) ) ;
#2819 = B_SPLINE_CURVE_WITH_KNOTS ( 'NONE', 3,
 ( #10029, #10129, #4441, #7635, #2882, #9256, #5259, #9309, #8470, #1336, #4493, #3757, #9360, #7690, #709, #547, #3038, #6941, #2168 ),
 .UNSPECIFIED., .F., .F.,
 ( 4, 1, 1, 1, 1, 1, 1, 1, 1, 1, 1, 1, 1, 1, 1, 1, 4 ),
 ( 0.0000000000000000000, 0.05218201233707395192, 0.1029965178562888967, 0.1530183298534089631, 0.2032950781096808102, 0.2535995982658101888, 0.3056125094226887495, 0.3590487410749054198, 0.4149176470907441350, 0.4733938749958848113, 0.5343369502098772594, 0.5990688144071919519, 0.6685229076657359659, 0.7424721223888556265, 0.8223421438233432523, 0.9081945674151160608, 0.9999999999999998890 ),
 .UNSPECIFIED. ) ;
#2820 = FILL_AREA_STYLE ('',( #2671 ) ) ;
#2821 = CARTESIAN_POINT ( 'NONE',  ( 0.0000000000000000000, 0.0000000000000000000, 1.250000000000000000 ) ) ;
#2822 = CARTESIAN_POINT ( 'NONE',  ( 0.6490765801514682964, 0.7000000000000000666, -0.1389509197478261404 ) ) ;
#2823 =( GEOMETRIC_REPRESENTATION_CONTEXT ( 3 ) GLOBAL_UNCERTAINTY_ASSIGNED_CONTEXT ( ( #6231 ) ) GLOBAL_UNIT_ASSIGNED_CONTEXT ( ( #1399, #6097, #612 ) ) REPRESENTATION_CONTEXT ( 'NONE', 'WORKASPACE' ) );
#2824 = ORIENTED_EDGE ( 'NONE', *, *, #7371, .F. ) ;
#2825 = CARTESIAN_POINT ( 'NONE',  ( 0.2850839323702649697, 0.9000000000000000222, -0.01823886210826279955 ) ) ;
#2826 = EDGE_CURVE ( 'NONE', #6405, #8415, #7841, .T. ) ;
#2827 = FILL_AREA_STYLE ('',( #9973 ) ) ;
#2828 = CARTESIAN_POINT ( 'NONE',  ( -0.007898523770085786114, 0.9000000000000000222, -0.2173941577547864601 ) ) ;
#2829 = LINE ( 'NONE', #2065, #3646 ) ;
#2830 = CARTESIAN_POINT ( 'NONE',  ( -0.6986528581650234271, 0.6999999999999998446, 0.03267147131436344554 ) ) ;
#2831 = EDGE_CURVE ( 'NONE', #4567, #7673, #2418, .T. ) ;
#2832 = LINE ( 'NONE', #8269, #112 ) ;
#2833 = VECTOR ( 'NONE', #6887, 1000.000000000000000 ) ;
#2834 = EDGE_CURVE ( 'NONE', #6713, #7437, #9643, .T. ) ;
#2835 = PLANE ( 'NONE',  #8107 ) ;
#2836 = CARTESIAN_POINT ( 'NONE',  ( 1.099115773067611324, 0.6999999999999996225, -0.1607903596804801938 ) ) ;
#2837 = PRESENTATION_LAYER_ASSIGNMENT (  '', '', ( #4669 ) ) ;
#2838 = VERTEX_POINT ( 'NONE', #7193 ) ;
#2839 = ORIENTED_EDGE ( 'NONE', *, *, #2211, .F. ) ;
#2840 = ORIENTED_EDGE ( 'NONE', *, *, #4357, .F. ) ;
#2841 = DIRECTION ( 'NONE',  ( -2.602085213965210642E-16, 0.0000000000000000000, -1.000000000000000000 ) ) ;
#2842 = CARTESIAN_POINT ( 'NONE',  ( 0.7683814350276778615, 0.9000000000000002442, -0.2020494904226866062 ) ) ;
#2843 = FILL_AREA_STYLE_COLOUR ( '', #7943 ) ;
#2844 = STYLED_ITEM ( 'NONE', ( #7012 ), #8960 ) ;
#2845 = LINE ( 'NONE', #9072, #723 ) ;
#2846 = EDGE_CURVE ( 'NONE', #2702, #5909, #8721, .T. ) ;
#2847 = CARTESIAN_POINT ( 'NONE',  ( -0.4605301027174542594, 0.6999999999999999556, 0.08611461417503804561 ) ) ;
#2848 = CARTESIAN_POINT ( 'NONE',  ( 1.092153710913561948, 0.9000000000000001332, -0.1683922742291475427 ) ) ;
#2849 = CARTESIAN_POINT ( 'NONE',  ( 0.1149084937737737538, 0.6999999999999999556, 0.05278128084170470580 ) ) ;
#2850 = PRESENTATION_LAYER_ASSIGNMENT (  '', '', ( #3507 ) ) ;
#2851 = ORIENTED_EDGE ( 'NONE', *, *, #4023, .F. ) ;
#2852 = VECTOR ( 'NONE', #2237, 1000.000000000000000 ) ;
#2853 = FACE_OUTER_BOUND ( 'NONE', #9931, .T. ) ;
#2854 = CARTESIAN_POINT ( 'NONE',  ( -1.399999999999999689, -0.1000000000000000056, 0.8749999999999996669 ) ) ;
#2855 = AXIS2_PLACEMENT_3D ( 'NONE', #8282, #4300, #8332 ) ;
#2856 = CARTESIAN_POINT ( 'NONE',  ( 0.1475900245574190139, 0.9000000000000001332, -0.2193776831618438339 ) ) ;
#2857 = CARTESIAN_POINT ( 'NONE',  ( 0.4282203647437884952, 0.6999999999999998446, 0.08104785762000342453 ) ) ;
#2858 = CARTESIAN_POINT ( 'NONE',  ( 0.1834682704774883433, 0.6999999999999997335, -0.1763192070266788036 ) ) ;
#2859 = CARTESIAN_POINT ( 'NONE',  ( 0.5404045914477577650, 0.7000000000000000666, -0.005074628296310336809 ) ) ;
#2860 = CARTESIAN_POINT ( 'NONE',  ( 0.5191001160119617097, 0.6999999999999999556, -0.1700630549731481089 ) ) ;
#2861 = CARTESIAN_POINT ( 'NONE',  ( -0.9249999999999996003, 0.0000000000000000000, -4.011548038196366406E-16 ) ) ;
#2862 = VERTEX_POINT ( 'NONE', #1640 ) ;
#2863 = CARTESIAN_POINT ( 'NONE',  ( 0.5480089927819996598, 0.9000000000000000222, -0.07425645494990003315 ) ) ;
#2864 = VERTEX_POINT ( 'NONE', #7948 ) ;
#2865 = CARTESIAN_POINT ( 'NONE',  ( 0.4111412754742977960, 0.7000000000000002887, 0.05210783987843282949 ) ) ;
#2866 = CARTESIAN_POINT ( 'NONE',  ( 0.7710639783091625121, 0.9000000000000000222, 0.03220283864309932131 ) ) ;
#2867 = APPLICATION_PROTOCOL_DEFINITION ( 'draft international standard', 'automotive_design', 1998, #4387 ) ;
#2868 = CARTESIAN_POINT ( 'NONE',  ( -0.5605301027174541817, 0.6999999999999999556, -0.2138853858249619433 ) ) ;
#2869 = AXIS2_PLACEMENT_3D ( 'NONE', #8367, #3649, #4492 ) ;
#2870 = VECTOR ( 'NONE', #3408, 1000.000000000000000 ) ;
#2871 = CARTESIAN_POINT ( 'NONE',  ( 0.9628790087141680942, 0.0000000000000000000, 1.057063338531172292 ) ) ;
#2872 =( NAMED_UNIT ( * ) SI_UNIT ( $, .STERADIAN. ) SOLID_ANGLE_UNIT ( ) );
#2873 = CARTESIAN_POINT ( 'NONE',  ( 0.5648914990874253084, 0.8999999999999998002, -0.2131160910121949470 ) ) ;
#2874 = CARTESIAN_POINT ( 'NONE',  ( 0.2860166613052498308, 0.8999999999999998002, 0.007787528307629958992 ) ) ;
#2875 = CARTESIAN_POINT ( 'NONE',  ( -0.04123185710341913113, 0.6999999999999999556, -0.1507274910881198082 ) ) ;
#2876 = CARTESIAN_POINT ( 'NONE',  ( -0.7676293026280023302, 0.9000000000000001332, 0.08500399660217825004 ) ) ;
#2877 = CARTESIAN_POINT ( 'NONE',  ( 0.6465432484995263795, 0.6999999999999998446, -0.1241710342058428979 ) ) ;
#2878 = EDGE_CURVE ( 'NONE', #9315, #4653, #4781, .T. ) ;
#2879 = EDGE_LOOP ( 'NONE', ( #9293, #1981, #999, #6780 ) ) ;
#2880 = CARTESIAN_POINT ( 'NONE',  ( 0.2993934760211287571, 0.7000000000000002887, -0.07098289917295871887 ) ) ;
#2881 = SURFACE_STYLE_FILL_AREA ( #2827 ) ;
#2882 = CARTESIAN_POINT ( 'NONE',  ( -0.7676293026280023302, 0.7000000000000000666, 0.08500399660217825004 ) ) ;
#2883 = CARTESIAN_POINT ( 'NONE',  ( 0.6465789775286924224, 0.8999999999999998002, -0.07134463974378829620 ) ) ;
#2884 = CARTESIAN_POINT ( 'NONE',  ( -0.5798283483314893294, 0.9000000000000000222, -0.1279204735442601715 ) ) ;
#2885 = CARTESIAN_POINT ( 'NONE',  ( 0.6465432484995263795, 0.6999999999999998446, -0.1241710342058428979 ) ) ;
#2886 = PRESENTATION_STYLE_ASSIGNMENT (( #4337 ) ) ;
#2887 = CARTESIAN_POINT ( 'NONE',  ( -4.279745417705940015E-17, -0.1000000000000000056, -0.3750000000000000555 ) ) ;
#2888 = CARTESIAN_POINT ( 'NONE',  ( 0.3807267516006721531, 0.6999999999999998446, 0.08993186336539640835 ) ) ;
#2889 = EDGE_LOOP ( 'NONE', ( #5534, #1106, #7862, #4728 ) ) ;
#2890 = ORIENTED_EDGE ( 'NONE', *, *, #8401, .T. ) ;
#2891 = VERTEX_POINT ( 'NONE', #8618 ) ;
#2892 = CARTESIAN_POINT ( 'NONE',  ( 1.500000000000000000, 0.9000000000000000222, -3.903127820947815962E-16 ) ) ;
#2893 = CARTESIAN_POINT ( 'NONE',  ( 0.7515250060849288927, 0.6999999999999998446, -0.1837136004031731384 ) ) ;
#2894 = DIRECTION ( 'NONE',  ( 0.0000000000000000000, 0.0000000000000000000, 1.000000000000000000 ) ) ;
#2895 = FILL_AREA_STYLE_COLOUR ( '', #10006 ) ;
#2896 = CARTESIAN_POINT ( 'NONE',  ( 1.138787064885817824, 0.8999999999999999112, -0.1684721627927978360 ) ) ;
#2897 = CARTESIAN_POINT ( 'NONE',  ( -0.007898523770085786114, 0.6999999999999999556, 0.08436022821012574557 ) ) ;
#2898 = CARTESIAN_POINT ( 'NONE',  ( 0.8640313007913175136, 0.6999999999999999556, -0.07353450863197949494 ) ) ;
#2899 =( LENGTH_UNIT ( ) NAMED_UNIT ( * ) SI_UNIT ( .MILLI., .METRE. ) );
#2900 =( NAMED_UNIT ( * ) SI_UNIT ( $, .STERADIAN. ) SOLID_ANGLE_UNIT ( ) );
#2901 = VECTOR ( 'NONE', #3223, 1000.000000000000000 ) ;
#2902 = CARTESIAN_POINT ( 'NONE',  ( 0.9186343919888205756, 0.9000000000000000222, -0.001671787047768858846 ) ) ;
#2903 = CARTESIAN_POINT ( 'NONE',  ( 0.2002549855366854425, 0.7000000000000001776, -0.1470509791108767783 ) ) ;
#2904 = VERTEX_POINT ( 'NONE', #7036 ) ;
#2905 = CARTESIAN_POINT ( 'NONE',  ( -0.7882687094678405559, 0.6999999999999999556, 0.01554838020102773666 ) ) ;
#2906 = ADVANCED_FACE ( 'NONE', ( #2516 ), #6384, .T. ) ;
#2907 = CARTESIAN_POINT ( 'NONE',  ( 0.3785304246042514587, 0.6999999999999997335, -0.07770905958397308910 ) ) ;
#2908 = AXIS2_PLACEMENT_3D ( 'NONE', #3091, #6676, #9880 ) ;
#2909 = PLANE ( 'NONE',  #1069 ) ;
#2910 = PLANE ( 'NONE',  #8239 ) ;
#2911 = LINE ( 'NONE', #7459, #6178 ) ;
#2912 = CARTESIAN_POINT ( 'NONE',  ( 0.3722233145407058408, 0.8999999999999999112, 0.08949984518150903845 ) ) ;
#2913 = CARTESIAN_POINT ( 'NONE',  ( 0.2002549855366854425, 0.7000000000000001776, -0.1470509791108767783 ) ) ;
#2914 = CARTESIAN_POINT ( 'NONE',  ( 0.5729795805460869973, 0.7000000000000000666, -0.04977362794843824545 ) ) ;
#2915 = CARTESIAN_POINT ( 'NONE',  ( 0.5504763771734100253, 0.7000000000000002887, -0.2067788082763747648 ) ) ;
#2916 = EDGE_LOOP ( 'NONE', ( #10135, #134, #9038, #6326 ) ) ;
#2917 = DIRECTION ( 'NONE',  ( -0.0000000000000000000, 1.000000000000000000, -0.0000000000000000000 ) ) ;
#2918 = EDGE_LOOP ( 'NONE', ( #3726, #9369, #3611, #4437, #4603 ) ) ;
#2919 = SURFACE_STYLE_USAGE ( .BOTH. , #7672 ) ;
#2920 = ORIENTED_EDGE ( 'NONE', *, *, #9217, .T. ) ;
#2921 = ADVANCED_FACE ( 'NONE', ( #8135 ), #1623, .T. ) ;
#2922 = DIRECTION ( 'NONE',  ( 1.000000000000000000, 0.0000000000000000000, 0.0000000000000000000 ) ) ;
#2923 = LINE ( 'NONE', #6127, #5380 ) ;
#2924 = CARTESIAN_POINT ( 'NONE',  ( 0.7499104229971461644, 0.8999999999999999112, 0.06520695268748699647 ) ) ;
#2925 = B_SPLINE_CURVE_WITH_KNOTS ( 'NONE', 3,
 ( #404, #7649, #3565, #9167, #510, #3666, #9939, #2793, #9273, #7709, #5939, #6625, #6842, #6051, #4399, #7599, #2137, #5271, #8484, #1352, #4508, #566, #9835, #2696, #9470, #9523, #4711, #1508, #7008, #1613, #7816, #5529, #8747, #8591, #3775, #4760, #2395, #5429, #10197, #670, #7062, #6259, #10143, #3827, #2241, #9324, #7975, #2188, #5318, #8696, #4562, #619, #6958, #3001, #5477 ),
 .UNSPECIFIED., .F., .F.,
 ( 4, 1, 1, 1, 1, 1, 1, 1, 1, 1, 1, 1, 1, 1, 1, 1, 1, 1, 1, 1, 1, 1, 1, 1, 1, 1, 1, 1, 1, 1, 1, 1, 1, 1, 1, 1, 1, 1, 1, 1, 1, 1, 1, 1, 1, 1, 1, 1, 1, 1, 1, 1, 4 ),
 ( 0.0000000000000000000, 0.02711602562264979477, 0.05148408465197751999, 0.07330893139100204403, 0.09338707466369844390, 0.1130498385486980589, 0.1334251767883782025, 0.1546145932784844523, 0.1767704619677568090, 0.1986833557745583401, 0.2193288811037051866, 0.2386257969712025917, 0.2569944355474990116, 0.2751548003530538966, 0.2939005173924350567, 0.3131474774665389815, 0.3332074851477241917, 0.3531742158837230527, 0.3723061508163811317, 0.3908123364128362476, 0.4090887018891567473, 0.4277458989977941384, 0.4467157508060434212, 0.4664309901656225610, 0.4866675617175700852, 0.5069000716233579285, 0.5261158961255943955, 0.5443845511394101999, 0.5617869070496620543, 0.5794756636271611860, 0.5983493392648939757, 0.6188005978445935140, 0.6409007551073127029, 0.6637212409488341125, 0.6866766374970015852, 0.7105914334274895383, 0.7358885402537505005, 0.7490865094717922279, 0.7625198997533864098, 0.7762275485905905104, 0.7904818864548405211, 0.8052213442764392104, 0.8206549825373039564, 0.8367331901577694797, 0.8534949667571384291, 0.8705042759358444515, 0.8874312452516684990, 0.9044743434548084826, 0.9219950383623605195, 0.9399871788566724895, 0.9589910406946546839, 0.9788888544171288064, 1.000000000000000000 ),
 .UNSPECIFIED. ) ;
#2926 = CARTESIAN_POINT ( 'NONE',  ( -1.399999999999999689, 0.0000000000000000000, -0.1250000000000000555 ) ) ;
#2927 = CARTESIAN_POINT ( 'NONE',  ( 0.7740702764143727599, 0.8999999999999999112, -0.03102923392518783241 ) ) ;
#2928 = AXIS2_PLACEMENT_3D ( 'NONE', #8058, #2626, #5759 ) ;
#2929 = STYLED_ITEM ( 'NONE', ( #5185 ), #4143 ) ;
#2930 = ORIENTED_EDGE ( 'NONE', *, *, #1444, .F. ) ;
#2931 = PRESENTATION_STYLE_ASSIGNMENT (( #3550 ) ) ;
#2932 = CARTESIAN_POINT ( 'NONE',  ( 0.3381678223984406206, 0.6999999999999998446, 0.03828687453563792142 ) ) ;
#2933 = LINE ( 'NONE', #5298, #228 ) ;
#2934 = CARTESIAN_POINT ( 'NONE',  ( 0.6698669427346337635, 0.6999999999999999556, -0.05887469734024909640 ) ) ;
#2935 = CARTESIAN_POINT ( 'NONE',  ( -0.9249999999999998224, 0.0000000000000000000, -0.8749999999999996669 ) ) ;
#2936 = CARTESIAN_POINT ( 'NONE',  ( 0.09034709026500180318, 0.9000000000000000222, -0.1349380174039092883 ) ) ;
#2937 = MECHANICAL_DESIGN_GEOMETRIC_PRESENTATION_REPRESENTATION (  '', ( #272 ), #6072 ) ;
#2938 = STYLED_ITEM ( 'NONE', ( #6786 ), #4328 ) ;
#2939 = CARTESIAN_POINT ( 'NONE',  ( 0.6294384878535345118, 0.6999999999999999556, -0.09989736374326885215 ) ) ;
#2940 = ADVANCED_FACE ( 'NONE', ( #4924 ), #1006, .T. ) ;
#2941 =( LENGTH_UNIT ( ) NAMED_UNIT ( * ) SI_UNIT ( .MILLI., .METRE. ) );
#2942 = CARTESIAN_POINT ( 'NONE',  ( 0.2845685193024710125, 0.7000000000000001776, -0.005323676407148138397 ) ) ;
#2943 = ORIENTED_EDGE ( 'NONE', *, *, #4357, .T. ) ;
#2944 = ORIENTED_EDGE ( 'NONE', *, *, #6306, .T. ) ;
#2945 = EDGE_LOOP ( 'NONE', ( #1675, #5927, #8399, #3790 ) ) ;
#2946 = VECTOR ( 'NONE', #2290, 1000.000000000000000 ) ;
#2947 = CARTESIAN_POINT ( 'NONE',  ( -0.7339721874408826618, 0.9000000000000000222, -0.1839989472609520060 ) ) ;
#2948 = CARTESIAN_POINT ( 'NONE',  ( 1.148241827107107094, 0.9000000000000000222, -0.1226573156495233408 ) ) ;
#2949 = CARTESIAN_POINT ( 'NONE',  ( 0.6306711857971823987, 0.6999999999999997335, 0.04940003752621859728 ) ) ;
#2950 = CARTESIAN_POINT ( 'NONE',  ( 1.058814998066367474, 0.9000000000000000222, -0.2138156430251055007 ) ) ;
#2951 = DIRECTION ( 'NONE',  ( 0.0000000000000000000, 0.0000000000000000000, -1.000000000000000000 ) ) ;
#2952 = FILL_AREA_STYLE_COLOUR ( '', #3594 ) ;
#2953 = CARTESIAN_POINT ( 'NONE',  ( 0.2367349714098769820, 0.6999999999999999556, -0.1555716300765016824 ) ) ;
#2954 = AXIS2_PLACEMENT_3D ( 'NONE', #2887, #9106, #9871 ) ;
#2955 = CARTESIAN_POINT ( 'NONE',  ( 0.0000000000000000000, -0.1000000000000000056, 0.0000000000000000000 ) ) ;
#2956 = EDGE_CURVE ( 'NONE', #6495, #2410, #1413, .T. ) ;
#2957 = CARTESIAN_POINT ( 'NONE',  ( 0.1596909902372917189, 0.6999999999999997335, -0.1861981861161744745 ) ) ;
#2958 = EDGE_LOOP ( 'NONE', ( #4101, #3583, #6804, #1825 ) ) ;
#2959 = CARTESIAN_POINT ( 'NONE',  ( -0.7719440215339895550, 0.6999999999999997335, 0.04201727361725958454 ) ) ;
#2960 = FILL_AREA_STYLE ('',( #10107 ) ) ;
#2961 = DIRECTION ( 'NONE',  ( 0.0000000000000000000, 0.0000000000000000000, -1.000000000000000000 ) ) ;
#2962 = CARTESIAN_POINT ( 'NONE',  ( 0.2126176449830994575, 0.9000000000000000222, -0.2006804613290076866 ) ) ;
#2963 = CARTESIAN_POINT ( 'NONE',  ( 0.3163252637584519356, 0.6999999999999995115, 0.06833276793167442076 ) ) ;
#2964 = CARTESIAN_POINT ( 'NONE',  ( 0.09187140595597027837, 0.7000000000000001776, -0.1388173780407440661 ) ) ;
#2965 = CARTESIAN_POINT ( 'NONE',  ( 0.7710488446509666804, 0.9000000000000000222, -0.1402011752986461468 ) ) ;
#2966 = CARTESIAN_POINT ( 'NONE',  ( 0.6784933862081518052, 0.6999999999999998446, -0.1105164985942328620 ) ) ;
#2967 = SURFACE_STYLE_USAGE ( .BOTH. , #9340 ) ;
#2968 = DIRECTION ( 'NONE',  ( -0.0000000000000000000, 1.000000000000000000, -0.0000000000000000000 ) ) ;
#2969 = ORIENTED_EDGE ( 'NONE', *, *, #1534, .F. ) ;
#2970 = VERTEX_POINT ( 'NONE', #520 ) ;
#2971 = CARTESIAN_POINT ( 'NONE',  ( 0.5176895266850098931, 0.6999999999999999556, -0.04779836126451664918 ) ) ;
#2972 = ORIENTED_EDGE ( 'NONE', *, *, #7794, .T. ) ;
#2973 = CARTESIAN_POINT ( 'NONE',  ( 0.4332503666956566968, 0.6999999999999998446, 0.02976339709112536813 ) ) ;
#2974 = CARTESIAN_POINT ( 'NONE',  ( 0.8335794183226975518, 0.6999999999999999556, 0.05493172144478358776 ) ) ;
#2975 = CARTESIAN_POINT ( 'NONE',  ( -0.7396804327525127176, 0.9000000000000001332, -0.2172679463820360035 ) ) ;
#2976 = CARTESIAN_POINT ( 'NONE',  ( -1.399999999999999689, -0.1000000000000000056, -0.6249999999999996669 ) ) ;
#2977 = EDGE_CURVE ( 'NONE', #8035, #7290, #7660, .T. ) ;
#2978 = CARTESIAN_POINT ( 'NONE',  ( 0.5670264088422187765, 0.6999999999999999556, -0.1792856095216535939 ) ) ;
#2979 = CARTESIAN_POINT ( 'NONE',  ( 0.8781860989585432709, 0.9000000000000001332, -0.02403330742360544614 ) ) ;
#2980 = ORIENTED_EDGE ( 'NONE', *, *, #9077, .F. ) ;
#2981 = CARTESIAN_POINT ( 'NONE',  ( 0.1009399011842584404, 0.6999999999999998446, 0.01775777397853152417 ) ) ;
#2982 = CARTESIAN_POINT ( 'NONE',  ( 0.7692335350359735813, 0.8999999999999999112, -0.02267508584253368278 ) ) ;
#2983 = VERTEX_POINT ( 'NONE', #2854 ) ;
#2984 = DIRECTION ( 'NONE',  ( 0.0000000000000000000, -1.000000000000000000, 0.0000000000000000000 ) ) ;
#2985 = CARTESIAN_POINT ( 'NONE',  ( 0.8397489621093242596, 0.7000000000000002887, -0.09316472472550178796 ) ) ;
#2986 = CARTESIAN_POINT ( 'NONE',  ( -0.7973722079806121465, 0.9000000000000001332, -0.05774503494776896811 ) ) ;
#2987 = LINE ( 'NONE', #6994, #8502 ) ;
#2988 = FACE_OUTER_BOUND ( 'NONE', #5620, .T. ) ;
#2989 = CARTESIAN_POINT ( 'NONE',  ( -0.7951822216793285047, 0.6999999999999998446, -0.1031362252029644766 ) ) ;
#2990 = CARTESIAN_POINT ( 'NONE',  ( 1.072269338387594084, 0.6999999999999995115, -0.1776290341069270973 ) ) ;
#2991 = ORIENTED_EDGE ( 'NONE', *, *, #4411, .T. ) ;
#2992 = VECTOR ( 'NONE', #6539, 1000.000000000000000 ) ;
#2993 = ORIENTED_EDGE ( 'NONE', *, *, #2256, .F. ) ;
#2994 = ORIENTED_EDGE ( 'NONE', *, *, #8203, .F. ) ;
#2995 = DIRECTION ( 'NONE',  ( -0.5783038305812681079, 0.0000000000000000000, 0.8158214752842879447 ) ) ;
#2996 = EDGE_CURVE ( 'NONE', #4567, #3262, #4409, .T. ) ;
#2997 = VECTOR ( 'NONE', #5058, 1000.000000000000000 ) ;
#2998 = PLANE ( 'NONE',  #1862 ) ;
#2999 = CARTESIAN_POINT ( 'NONE',  ( 0.5402564906465223693, 0.6999999999999998446, 0.006665521304670429283 ) ) ;
#3000 = CARTESIAN_POINT ( 'NONE',  ( 0.6580096532602401904, 0.7000000000000000666, 0.006483180057496948021 ) ) ;
#3001 = CARTESIAN_POINT ( 'NONE',  ( 0.8666954668357708114, 0.8999999999999998002, -0.07488039167738849700 ) ) ;
#3002 = CARTESIAN_POINT ( 'NONE',  ( 0.2371482358366309717, 0.7000000000000002887, -0.1325348837895402032 ) ) ;
#3003 = LINE ( 'NONE', #6156, #9918 ) ;
#3004 = CARTESIAN_POINT ( 'NONE',  ( 0.8664963905629339269, 0.8999999999999999112, 0.08374278087073167010 ) ) ;
#3005 = CARTESIAN_POINT ( 'NONE',  ( 0.1155025528518914268, 0.6999999999999997335, -0.1719287578015626927 ) ) ;
#3006 = ORIENTED_EDGE ( 'NONE', *, *, #4461, .F. ) ;
#3007 = MECHANICAL_DESIGN_GEOMETRIC_PRESENTATION_REPRESENTATION (  '', ( #1849 ), #1198 ) ;
#3008 = LINE ( 'NONE', #1356, #8156 ) ;
#3009 = EDGE_CURVE ( 'NONE', #9660, #5449, #8442, .T. ) ;
#3010 = DIRECTION ( 'NONE',  ( -1.000000000000000000, 0.0000000000000000000, 0.0000000000000000000 ) ) ;
#3011 = UNCERTAINTY_MEASURE_WITH_UNIT (LENGTH_MEASURE( 1.000000000000000082E-05 ), #8782, 'distance_accuracy_value', 'NONE');
#3012 = CARTESIAN_POINT ( 'NONE',  ( 0.2191533984309424476, 0.9000000000000003553, -0.1939610664803026185 ) ) ;
#3013 = PLANE ( 'NONE',  #3351 ) ;
#3014 = CARTESIAN_POINT ( 'NONE',  ( 0.8732463833282452237, 0.8999999999999998002, -0.1339347267550653475 ) ) ;
#3015 = CARTESIAN_POINT ( 'NONE',  ( 0.6545222844238361981, 0.6999999999999998446, -0.08198834608482906405 ) ) ;
#3016 =( NAMED_UNIT ( * ) PLANE_ANGLE_UNIT ( ) SI_UNIT ( $, .RADIAN. ) );
#3017 = FILL_AREA_STYLE ('',( #9236 ) ) ;
#3018 = VERTEX_POINT ( 'NONE', #7556 ) ;
#3019 = DIRECTION ( 'NONE',  ( 0.1911021538340951509, 0.0000000000000000000, -0.9815701537842160818 ) ) ;
#3020 = ORIENTED_EDGE ( 'NONE', *, *, #4340, .T. ) ;
#3021 = VERTEX_POINT ( 'NONE', #2145 ) ;
#3022 = VECTOR ( 'NONE', #9923, 1000.000000000000000 ) ;
#3023 = CARTESIAN_POINT ( 'NONE',  ( 0.7903102730151341238, 0.7000000000000000666, -0.09988129960736176483 ) ) ;
#3024 =( GEOMETRIC_REPRESENTATION_CONTEXT ( 3 ) GLOBAL_UNCERTAINTY_ASSIGNED_CONTEXT ( ( #6320 ) ) GLOBAL_UNIT_ASSIGNED_CONTEXT ( ( #8195, #768, #6490 ) ) REPRESENTATION_CONTEXT ( 'NONE', 'WORKASPACE' ) );
#3025 = UNCERTAINTY_MEASURE_WITH_UNIT (LENGTH_MEASURE( 1.000000000000000082E-05 ), #1905, 'distance_accuracy_value', 'NONE');
#3026 = ADVANCED_FACE ( 'NONE', ( #8495 ), #2910, .F. ) ;
#3027 = CARTESIAN_POINT ( 'NONE',  ( 0.8552325893059548045, 0.7000000000000001776, 0.04940003752621865279 ) ) ;
#3028 = CARTESIAN_POINT ( 'NONE',  ( -0.8394774711385069033, 0.9000000000000001332, -0.05423626301794441662 ) ) ;
#3029 = CARTESIAN_POINT ( 'NONE',  ( 1.129576883259168385, 0.9000000000000003553, -0.06227962170383868207 ) ) ;
#3030 = STYLED_ITEM ( 'NONE', ( #452 ), #525 ) ;
#3031 = CARTESIAN_POINT ( 'NONE',  ( 0.6712448379644143648, 0.8999999999999999112, -0.09796417017802419580 ) ) ;
#3032 = CARTESIAN_POINT ( 'NONE',  ( 0.8727025778518640031, 0.9000000000000000222, -0.03220540040418937155 ) ) ;
#3033 = CARTESIAN_POINT ( 'NONE',  ( 0.07852204149342505157, 0.9000000000000000222, 0.04071688199800327368 ) ) ;
#3034 = CARTESIAN_POINT ( 'NONE',  ( 1.399999999999999689, 0.0000000000000000000, 0.0000000000000000000 ) ) ;
#3035 = EDGE_LOOP ( 'NONE', ( #1497, #8844, #2317, #3737 ) ) ;
#3036 = EDGE_CURVE ( 'NONE', #8636, #4777, #5765, .T. ) ;
#3037 = SURFACE_STYLE_USAGE ( .BOTH. , #10181 ) ;
#3038 = CARTESIAN_POINT ( 'NONE',  ( -0.8392580568476514236, 0.7000000000000000666, -0.03642640320749505195 ) ) ;
#3039 = CARTESIAN_POINT ( 'NONE',  ( -0.9249999999999998224, -0.1000000000000000056, 0.0000000000000000000 ) ) ;
#3040 = CARTESIAN_POINT ( 'NONE',  ( 0.6933727310646365938, 0.7000000000000005107, -0.01404739084849768171 ) ) ;
#3041 = CARTESIAN_POINT ( 'NONE',  ( -0.6868973366343904541, 0.7000000000000001776, -0.02898068631180208965 ) ) ;
#3042 = CARTESIAN_POINT ( 'NONE',  ( -0.7964597906323790388, 0.6999999999999998446, -0.08910725197148780530 ) ) ;
#3043 = CARTESIAN_POINT ( 'NONE',  ( 0.0000000000000000000, -0.1000000000000000056, 0.6699999999999965983 ) ) ;
#3044 = VERTEX_POINT ( 'NONE', #2357 ) ;
#3045 = PLANE ( 'NONE',  #6580 ) ;
#3046 = CARTESIAN_POINT ( 'NONE',  ( 0.0000000000000000000, 0.9000000000000000222, 0.0000000000000000000 ) ) ;
#3047 = VECTOR ( 'NONE', #3867, 1000.000000000000000 ) ;
#3048 = FACE_OUTER_BOUND ( 'NONE', #803, .T. ) ;
#3049 = CARTESIAN_POINT ( 'NONE',  ( 0.5666498100701458096, 0.8999999999999999112, 0.05085808285939464463 ) ) ;
#3050 = CARTESIAN_POINT ( 'NONE',  ( 0.09283484986428548746, 0.9000000000000001332, -0.1989781478853135388 ) ) ;
#3051 = DIRECTION ( 'NONE',  ( 0.0000000000000000000, 0.0000000000000000000, -1.000000000000000000 ) ) ;
#3052 = CARTESIAN_POINT ( 'NONE',  ( 0.0000000000000000000, -0.1000000000000000056, 0.8750000000000001110 ) ) ;
#3053 = CARTESIAN_POINT ( 'NONE',  ( 0.0000000000000000000, -0.1000000000000000056, 0.0000000000000000000 ) ) ;
#3054 = CARTESIAN_POINT ( 'NONE',  ( 0.7660118264542384869, 0.7000000000000001776, 0.01626577587549258089 ) ) ;
#3055 = CARTESIAN_POINT ( 'NONE',  ( 0.5470186436415201969, 0.8999999999999999112, -0.1314927984018288976 ) ) ;
#3056 = ORIENTED_EDGE ( 'NONE', *, *, #8032, .T. ) ;
#3057 = CARTESIAN_POINT ( 'NONE',  ( -0.7440962922377618582, 0.6999999999999997335, 0.05607452052274408683 ) ) ;
#3058 = CARTESIAN_POINT ( 'NONE',  ( -0.3750000000000000000, -0.1000000000000000056, 1.149999999999996581 ) ) ;
#3059 = CARTESIAN_POINT ( 'NONE',  ( 0.5499962130720192910, 0.9000000000000000222, -0.07528889459689178110 ) ) ;
#3060 = CARTESIAN_POINT ( 'NONE',  ( 0.2359204635080683621, 0.9000000000000001332, -0.1233989109764987574 ) ) ;
#3061 = CARTESIAN_POINT ( 'NONE',  ( 0.2849135605092014134, 0.6999999999999998446, -0.01396969556714661859 ) ) ;
#3062 = CARTESIAN_POINT ( 'NONE',  ( -0.6471543501141175936, 0.8999999999999999112, -0.01749328552203504444 ) ) ;
#3063 = FACE_OUTER_BOUND ( 'NONE', #9765, .T. ) ;
#3064 = CARTESIAN_POINT ( 'NONE',  ( 0.6250000000000000000, -0.1000000000000000056, 0.0000000000000000000 ) ) ;
#3065 = FILL_AREA_STYLE ('',( #10210 ) ) ;
#3066 = CARTESIAN_POINT ( 'NONE',  ( -0.1763195764016647626, 0.6999999999999999556, -0.01213099986004967552 ) ) ;
#3067 = EDGE_CURVE ( 'NONE', #6923, #7893, #4568, .T. ) ;
#3068 = ORIENTED_EDGE ( 'NONE', *, *, #8967, .T. ) ;
#3069 = EDGE_CURVE ( 'NONE', #6657, #8336, #4766, .T. ) ;
#3070 = EDGE_LOOP ( 'NONE', ( #10286, #4188, #449, #7189 ) ) ;
#3071 = FILL_AREA_STYLE ('',( #1530 ) ) ;
#3072 = CARTESIAN_POINT ( 'NONE',  ( 0.5068792936103089231, 0.8999999999999996891, -0.02255059083800069891 ) ) ;
#3073 = ORIENTED_EDGE ( 'NONE', *, *, #6779, .F. ) ;
#3075 = EDGE_LOOP ( 'NONE', ( #6642, #5448, #8738, #4969 ) ) ;
#3074 = B_SPLINE_CURVE_WITH_KNOTS ( 'NONE', 3,
 ( #9210, #2069, #8422, #499, #6041, #9262, #556, #3707, #10089, #1906, #1393, #8684, #6092, #4600, #3967, #5418, #6143, #5465, #6947 ),
 .UNSPECIFIED., .F., .F.,
 ( 4, 1, 1, 1, 1, 1, 1, 1, 1, 1, 1, 1, 1, 1, 1, 1, 4 ),
 ( 0.0000000000000000000, 0.06959912212071175941, 0.1356633186100079380, 0.1990283409144482096, 0.2598708728040728388, 0.3198086087804382638, 0.3779561657745340586, 0.4357276297007842691, 0.4943266187334065531, 0.5529256077660291702, 0.6114170346366848419, 0.6703325990144382018, 0.7309086298701833462, 0.7939840222659074742, 0.8590746454106361618, 0.9277616096444858407, 1.000000000000000000 ),
 .UNSPECIFIED. ) ;
#3076 = ORIENTED_EDGE ( 'NONE', *, *, #6829, .F. ) ;
#3077 = PRESENTATION_LAYER_ASSIGNMENT (  '', '', ( #5538 ) ) ;
#3078 = CARTESIAN_POINT ( 'NONE',  ( 0.6399135936572932781, 0.7000000000000001776, -0.1711135476319335103 ) ) ;
#3079 =( NAMED_UNIT ( * ) PLANE_ANGLE_UNIT ( ) SI_UNIT ( $, .RADIAN. ) );
#3080 = LINE ( 'NONE', #4738, #8092 ) ;
#3081 = CARTESIAN_POINT ( 'NONE',  ( 0.8235911593063013347, 0.9000000000000000222, -0.1861417119858499170 ) ) ;
#3082 = AXIS2_PLACEMENT_3D ( 'NONE', #3039, #6242, #5300 ) ;
#3083 = CARTESIAN_POINT ( 'NONE',  ( 0.8832732323654995943, 0.6999999999999999556, -0.001550926232035576514 ) ) ;
#3084 = CARTESIAN_POINT ( 'NONE',  ( 0.9249999999999998224, -0.1000000000000000056, 0.8750000000000001110 ) ) ;
#3085 = CARTESIAN_POINT ( 'NONE',  ( 0.1146376553783668428, 0.6999999999999999556, 0.002798647590160981309 ) ) ;
#3086 = CARTESIAN_POINT ( 'NONE',  ( 0.7975409840548587370, 0.9000000000000001332, -0.04977362794843819688 ) ) ;
#3087 = AXIS2_PLACEMENT_3D ( 'NONE', #69, #2486, #8116 ) ;
#3088 = SURFACE_STYLE_FILL_AREA ( #4697 ) ;
#3089 = CARTESIAN_POINT ( 'NONE',  ( -0.6626314313353526275, 0.6999999999999998446, 0.04500252103580738156 ) ) ;
#3090 = ADVANCED_FACE ( 'NONE', ( #7980 ), #1670, .T. ) ;
#3091 = CARTESIAN_POINT ( 'NONE',  ( 0.3750000000000000000, -0.1000000000000000056, 0.0000000000000000000 ) ) ;
#3092 = CARTESIAN_POINT ( 'NONE',  ( 0.05701375693166845643, 0.9000000000000000222, -0.1402011752986461190 ) ) ;
#3093 = CARTESIAN_POINT ( 'NONE',  ( 1.004382177984299851, 0.6999999999999999556, -0.06476257880741809192 ) ) ;
#3094 = DIRECTION ( 'NONE',  ( 0.0000000000000000000, 0.0000000000000000000, -1.000000000000000000 ) ) ;
#3095 = EDGE_LOOP ( 'NONE', ( #4752, #1184, #2717, #1437 ) ) ;
#3096 = EDGE_CURVE ( 'NONE', #6225, #5599, #5537, .T. ) ;
#3097 = VERTEX_POINT ( 'NONE', #794 ) ;
#3098 = ORIENTED_EDGE ( 'NONE', *, *, #8564, .F. ) ;
#3099 = LINE ( 'NONE', #6254, #5743 ) ;
#3100 = VECTOR ( 'NONE', #8155, 1000.000000000000000 ) ;
#3101 = PRESENTATION_LAYER_ASSIGNMENT (  '', '', ( #7781 ) ) ;
#3102 = FACE_OUTER_BOUND ( 'NONE', #10263, .T. ) ;
#3103 = CARTESIAN_POINT ( 'NONE',  ( -0.7934061127298297489, 0.8999999999999996891, -0.004352027052458925724 ) ) ;
#3104 = CARTESIAN_POINT ( 'NONE',  ( 0.5978984154095623449, 0.9000000000000003553, 0.05586581114603457465 ) ) ;
#3105 = CARTESIAN_POINT ( 'NONE',  ( -0.3750000000000000000, -0.1000000000000000056, 0.6699999999999965983 ) ) ;
#3106 = LINE ( 'NONE', #2347, #5825 ) ;
#3107 = FACE_OUTER_BOUND ( 'NONE', #6669, .T. ) ;
#3108 = CARTESIAN_POINT ( 'NONE',  ( 0.6490765801514682964, 0.7000000000000000666, -0.1389509197478253355 ) ) ;
#3109 = EDGE_CURVE ( 'NONE', #6508, #1911, #10207, .T. ) ;
#3110 = COLOUR_RGB ( '',1.000000000000000000, 0.9607843137254902244, 0.4549019607843137192 ) ;
#3111 = CARTESIAN_POINT ( 'NONE',  ( -0.6149160676297349415, 0.6999999999999999556, 0.08611461417503804561 ) ) ;
#3112 =( GEOMETRIC_REPRESENTATION_CONTEXT ( 3 ) GLOBAL_UNCERTAINTY_ASSIGNED_CONTEXT ( ( #1491 ) ) GLOBAL_UNIT_ASSIGNED_CONTEXT ( ( #7937, #3016, #3125 ) ) REPRESENTATION_CONTEXT ( 'NONE', 'WORKASPACE' ) );
#3113 = VERTEX_POINT ( 'NONE', #8600 ) ;
#3114 = LINE ( 'NONE', #2493, #6295 ) ;
#3115 = CARTESIAN_POINT ( 'NONE',  ( -0.7377230851735945283, 0.9000000000000001332, 0.05629005277152926423 ) ) ;
#3116 = PRESENTATION_STYLE_ASSIGNMENT (( #4621 ) ) ;
#3117 = DIRECTION ( 'NONE',  ( 0.0000000000000000000, 0.0000000000000000000, 1.000000000000000000 ) ) ;
#3118 = COLOUR_RGB ( '',1.000000000000000000, 0.9607843137254902244, 0.4549019607843137192 ) ;
#3119 = UNCERTAINTY_MEASURE_WITH_UNIT (LENGTH_MEASURE( 1.000000000000000082E-05 ), #3900, 'distance_accuracy_value', 'NONE');
#3120 = CARTESIAN_POINT ( 'NONE',  ( 0.2053985643825646523, 0.9000000000000000222, -0.2060241469509341561 ) ) ;
#3121 = SURFACE_STYLE_FILL_AREA ( #1471 ) ;
#3122 = CARTESIAN_POINT ( 'NONE',  ( 0.6250000000000000000, -0.1000000000000000056, 0.0000000000000000000 ) ) ;
#3123 = FACE_OUTER_BOUND ( 'NONE', #8120, .T. ) ;
#3124 = CARTESIAN_POINT ( 'NONE',  ( -0.4640388746472788317, 0.6999999999999999556, -0.1279204735442601715 ) ) ;
#3125 =( NAMED_UNIT ( * ) SI_UNIT ( $, .STERADIAN. ) SOLID_ANGLE_UNIT ( ) );
#3126 = ORIENTED_EDGE ( 'NONE', *, *, #7078, .F. ) ;
#3127 = ORIENTED_EDGE ( 'NONE', *, *, #389, .T. ) ;
#3128 = CARTESIAN_POINT ( 'NONE',  ( 1.102551906276452609, 0.6999999999999999556, -0.2044475518159901695 ) ) ;
#3129 = CARTESIAN_POINT ( 'NONE',  ( -0.7359686992086823532, 0.6999999999999999556, -0.1840608244214531619 ) ) ;
#3130 = EDGE_LOOP ( 'NONE', ( #2233, #4627, #10023, #6482 ) ) ;
#3131 = ORIENTED_EDGE ( 'NONE', *, *, #9752, .F. ) ;
#3132 = CARTESIAN_POINT ( 'NONE',  ( 0.5186422850374367011, 0.9000000000000003553, -0.1102361141146204621 ) ) ;
#3133 = EDGE_CURVE ( 'NONE', #3372, #7428, #1625, .T. ) ;
#3134 = CARTESIAN_POINT ( 'NONE',  ( 0.6368646022958032171, 0.8999999999999996891, -0.1743505195400708030 ) ) ;
#3135 = DIRECTION ( 'NONE',  ( 0.0000000000000000000, 0.0000000000000000000, -1.000000000000000000 ) ) ;
#3136 = UNCERTAINTY_MEASURE_WITH_UNIT (LENGTH_MEASURE( 1.000000000000000082E-05 ), #3820, 'distance_accuracy_value', 'NONE');
#3137 = CARTESIAN_POINT ( 'NONE',  ( -0.03421431324376997263, 0.9000000000000000222, -0.2173941577547864601 ) ) ;
#3138 = CARTESIAN_POINT ( 'NONE',  ( 0.8175188867151281791, 0.6999999999999997335, -0.1858596272063474941 ) ) ;
#3139 = CARTESIAN_POINT ( 'NONE',  ( 0.9628790087141680942, -0.1000000000000000056, 1.057063338531172292 ) ) ;
#3140 = CARTESIAN_POINT ( 'NONE',  ( 0.6752566995230693259, 0.9000000000000000222, -0.1040516228456582065 ) ) ;
#3141 = CARTESIAN_POINT ( 'NONE',  ( 0.7652641906819904749, 0.8999999999999999112, -0.008451402390986939225 ) ) ;
#3142 = ORIENTED_EDGE ( 'NONE', *, *, #10116, .F. ) ;
#3143 = CARTESIAN_POINT ( 'NONE',  ( 0.1299046474553570696, 0.9000000000000000222, -0.01512138450780956510 ) ) ;
#3144 = CARTESIAN_POINT ( 'NONE',  ( 0.8640313007913175136, 0.6999999999999999556, -0.07353450863197949494 ) ) ;
#3145 = B_SPLINE_SURFACE_WITH_KNOTS ( 'NONE', 3, 1, ( 
 ( #600, #2825 ),
 ( #3648, #2116 ),
 ( #6082, #6714 ),
 ( #1236, #5257 ),
 ( #4381, #8720 ),
 ( #7085, #1332 ),
 ( #2880, #5928 ),
 ( #5153, #9203 ),
 ( #545, #2003 ),
 ( #10268, #5978 ),
 ( #2061, #9307 ) ),
 .UNSPECIFIED., .F., .F., .F.,
 ( 4, 1, 1, 1, 1, 1, 1, 1, 4 ),
 ( 2, 2 ),
 ( 0.0000000000000000000, 0.1303748382220482060, 0.2524427268009649117, 0.3645769372580522361, 0.4702885781026396317, 0.5798394117278192761, 0.7048170688670550854, 0.8447463550169345137, 1.000000000000000000 ),
 ( 0.0000000000000000000, 1.000000000000000000 ),
 .UNSPECIFIED. ) ;
#3146 = UNCERTAINTY_MEASURE_WITH_UNIT (LENGTH_MEASURE( 1.000000000000000082E-05 ), #5268, 'distance_accuracy_value', 'NONE');
#3147 = CARTESIAN_POINT ( 'NONE',  ( -0.6680953915837688495, 0.7000000000000000666, 0.05391763423180744030 ) ) ;
#3148 = CARTESIAN_POINT ( 'NONE',  ( 0.7958818969630397921, 0.7000000000000001776, -0.1813278868014736034 ) ) ;
#3149 = DIRECTION ( 'NONE',  ( -1.000000000000000000, 0.0000000000000000000, -0.0000000000000000000 ) ) ;
#3150 = CARTESIAN_POINT ( 'NONE',  ( -0.6868458921911384518, 0.6999999999999999556, -0.03318363143899703133 ) ) ;
#3151 = ORIENTED_EDGE ( 'NONE', *, *, #2352, .F. ) ;
#3152 =( NAMED_UNIT ( * ) PLANE_ANGLE_UNIT ( ) SI_UNIT ( $, .RADIAN. ) );
#3153 = UNCERTAINTY_MEASURE_WITH_UNIT (LENGTH_MEASURE( 1.000000000000000082E-05 ), #1667, 'distance_accuracy_value', 'NONE');
#3154 = ADVANCED_FACE ( 'NONE', ( #5577 ), #7091, .T. ) ;
#3155 = ADVANCED_FACE ( 'NONE', ( #5624 ), #8280, .T. ) ;
#3156 = LINE ( 'NONE', #2391, #4813 ) ;
#3157 = CARTESIAN_POINT ( 'NONE',  ( 0.6090180148139253680, 0.8999999999999995781, 0.05493172144478357388 ) ) ;
#3158 = VECTOR ( 'NONE', #1196, 1000.000000000000000 ) ;
#3159 = SURFACE_STYLE_FILL_AREA ( #3829 ) ;
#3160 = CARTESIAN_POINT ( 'NONE',  ( 0.5493339999270512308, 0.9000000000000000222, -0.1229090932127587105 ) ) ;
#3161 = ORIENTED_EDGE ( 'NONE', *, *, #3191, .F. ) ;
#3162 = CARTESIAN_POINT ( 'NONE',  ( -0.007898523770085786114, 0.6999999999999999556, -0.01213099986004967552 ) ) ;
#3163 = CARTESIAN_POINT ( 'NONE',  ( 0.5520628615816102203, 0.7000000000000000666, 0.04074234594443134488 ) ) ;
#3164 = DIRECTION ( 'NONE',  ( -1.000000000000000000, 0.0000000000000000000, -0.0000000000000000000 ) ) ;
#3165 = CARTESIAN_POINT ( 'NONE',  ( -0.6489270973589733593, 0.7000000000000000666, -0.1315004888918331338 ) ) ;
#3166 = DIRECTION ( 'NONE',  ( 0.0000000000000000000, 0.0000000000000000000, -1.000000000000000000 ) ) ;
#3167 = PLANE ( 'NONE',  #7441 ) ;
#3168 = VERTEX_POINT ( 'NONE', #10183 ) ;
#3169 = ORIENTED_EDGE ( 'NONE', *, *, #108, .T. ) ;
#3170 = CARTESIAN_POINT ( 'NONE',  ( 1.110216017363253371, 0.7000000000000000666, -0.2001703836918412027 ) ) ;
#3171 = CARTESIAN_POINT ( 'NONE',  ( -0.7882686479043765626, 0.7000000000000002887, -0.1378899832890048693 ) ) ;
#3172 = STYLED_ITEM ( 'NONE', ( #7938 ), #8887 ) ;
#3173 = ORIENTED_EDGE ( 'NONE', *, *, #2384, .T. ) ;
#3174 = CARTESIAN_POINT ( 'NONE',  ( 0.6362901109059937443, 0.8999999999999998002, -0.2116679104145387513 ) ) ;
#3175 = SURFACE_STYLE_FILL_AREA ( #10313 ) ;
#3176 =( NAMED_UNIT ( * ) PLANE_ANGLE_UNIT ( ) SI_UNIT ( $, .RADIAN. ) );
#3177 = COLOUR_RGB ( '',1.000000000000000000, 0.9607843137254902244, 0.4549019607843137192 ) ;
#3178 = LINE ( 'NONE', #4114, #10237 ) ;
#3179 = CARTESIAN_POINT ( 'NONE',  ( 0.8578619277958507983, 0.6999999999999999556, -0.1771235173331211221 ) ) ;
#3180 = DIRECTION ( 'NONE',  ( -0.0000000000000000000, 1.000000000000000000, -0.0000000000000000000 ) ) ;
#3181 = CARTESIAN_POINT ( 'NONE',  ( 0.6473092764138866917, 0.9000000000000001332, -0.07749480513128068071 ) ) ;
#3182 = LINE ( 'NONE', #3388, #10297 ) ;
#3183 = PRESENTATION_LAYER_ASSIGNMENT (  '', '', ( #8362 ) ) ;
#3184 = CARTESIAN_POINT ( 'NONE',  ( -4.279745417705940015E-17, -0.1000000000000000056, 0.3750000000000000555 ) ) ;
#3185 = CARTESIAN_POINT ( 'NONE',  ( -0.6743350051625934816, 0.6999999999999998446, 0.06159971658794875793 ) ) ;
#3186 = B_SPLINE_CURVE_WITH_KNOTS ( 'NONE', 3,
 ( #1835, #256, #8197, #4928, #1066, #5030, #6694, #9900, #8395, #4415, #7614, #469, #9339, #2860, #4576, #5956, #8552, #9287, #3627, #2915, #6015, #420, #10004, #4468, #2149, #5281, #6797, #10156, #5235, #6063, #6115, #8499, #3680, #1363, #2202, #7778, #10111, #9181, #4520, #7665, #2039, #524, #3734, #6919, #6861, #9235, #2966, #5332, #3786, #6971, #6750, #3015, #8448, #6171, #9390 ),
 .UNSPECIFIED., .F., .F.,
 ( 4, 1, 1, 1, 1, 1, 1, 1, 1, 1, 1, 1, 1, 1, 1, 1, 1, 1, 1, 1, 1, 1, 1, 1, 1, 1, 1, 1, 1, 1, 1, 1, 1, 1, 1, 1, 1, 1, 1, 1, 1, 1, 1, 1, 1, 1, 1, 1, 1, 1, 1, 1, 4 ),
 ( 0.0000000000000000000, 0.02711602562264980171, 0.05148408465197752693, 0.07330893139100205791, 0.09338707466369845778, 0.1130498385486980728, 0.1334251767883783690, 0.1546145932784846189, 0.1767704619677569478, 0.1986833557745584788, 0.2193288811037053254, 0.2386257969712027305, 0.2569944355474991227, 0.2751548003530538411, 0.2939005173924352232, 0.3131474774665388150, 0.3332074851477243582, 0.3531742158837228862, 0.3723061508163812983, 0.3908123364128364696, 0.4090887018891569138, 0.4277458989977938053, 0.4467157508060436433, 0.4664309901656222279, 0.4866675617175703072, 0.5069000716233581505, 0.5261158961255940625, 0.5443845511394104220, 0.5617869070496617212, 0.5794756636271609640, 0.5983493392648941978, 0.6188005978445932920, 0.6409007551073124809, 0.6637212409488342235, 0.6866766374970016962, 0.7105914334274896493, 0.7358885402537506115, 0.7490865094717922279, 0.7625198997533864098, 0.7762275485905906214, 0.7904818864548405211, 0.8052213442764393214, 0.8206549825373041784, 0.8367331901577697018, 0.8534949667571384291, 0.8705042759358446736, 0.8874312452516689431, 0.9044743434548085936, 0.9219950383623610746, 0.9399871788566730446, 0.9589910406946546839, 0.9788888544171292505, 1.000000000000000000 ),
 .UNSPECIFIED. ) ;
#3187 = FACE_OUTER_BOUND ( 'NONE', #6582, .T. ) ;
#3188 = CARTESIAN_POINT ( 'NONE',  ( 0.9179341345734082225, 0.7000000000000002887, -0.01404739084849768692 ) ) ;
#3189 = VECTOR ( 'NONE', #8178, 1000.000000000000000 ) ;
#3190 = DIRECTION ( 'NONE',  ( -0.0000000000000000000, 0.0000000000000000000, 1.000000000000000000 ) ) ;
#3191 = EDGE_CURVE ( 'NONE', #8260, #422, #9460, .T. ) ;
#3192 = VERTEX_POINT ( 'NONE', #2986 ) ;
#3193 = VECTOR ( 'NONE', #2759, 1000.000000000000000 ) ;
#3194 = ORIENTED_EDGE ( 'NONE', *, *, #2132, .T. ) ;
#3195 = DIRECTION ( 'NONE',  ( -1.000000000000000000, 0.0000000000000000000, 0.0000000000000000000 ) ) ;
#3196 = LINE ( 'NONE', #6356, #9075 ) ;
#3197 = CARTESIAN_POINT ( 'NONE',  ( 1.083184008332271020, 0.7000000000000000666, -0.07151266338818984547 ) ) ;
#3198 = CARTESIAN_POINT ( 'NONE',  ( 0.5938826728772702568, 0.7000000000000000666, -0.05451370953157304300 ) ) ;
#3199 = VECTOR ( 'NONE', #438, 1000.000000000000000 ) ;
#3200 = CARTESIAN_POINT ( 'NONE',  ( -0.5184248395595594250, 0.9000000000000000222, -0.01563977178987422875 ) ) ;
#3201 = CARTESIAN_POINT ( 'NONE',  ( 0.7648178941552947752, 0.7000000000000001776, 0.006665521304670404129 ) ) ;
#3202 = CARTESIAN_POINT ( 'NONE',  ( 0.4419932843881950180, 0.9000000000000003553, 0.001554448616185126518 ) ) ;
#3203 = CARTESIAN_POINT ( 'NONE',  ( 0.5532595868244084558, 0.6999999999999999556, -0.1145862049331558274 ) ) ;
#3204 = EDGE_CURVE ( 'NONE', #677, #8168, #8522, .T. ) ;
#3205 = EDGE_CURVE ( 'NONE', #6106, #5265, #7855, .T. ) ;
#3206 = CARTESIAN_POINT ( 'NONE',  ( -0.6250000000000000000, -0.1000000000000000056, -1.149999999999996581 ) ) ;
#3207 = CARTESIAN_POINT ( 'NONE',  ( 0.5666498100701458096, 0.6999999999999999556, 0.05085808285939464463 ) ) ;
#3208 = FACE_OUTER_BOUND ( 'NONE', #97, .T. ) ;
#3209 = CARTESIAN_POINT ( 'NONE',  ( 0.4210606133704629661, 0.7000000000000003997, -0.06662467284415737878 ) ) ;
#3210 = UNCERTAINTY_MEASURE_WITH_UNIT (LENGTH_MEASURE( 1.000000000000000082E-05 ), #8578, 'distance_accuracy_value', 'NONE');
#3211 = FACE_OUTER_BOUND ( 'NONE', #7372, .T. ) ;
#3212 = CARTESIAN_POINT ( 'NONE',  ( 0.6448255672298607299, 0.8999999999999998002, -0.1195195008968644584 ) ) ;
#3213 = CARTESIAN_POINT ( 'NONE',  ( 0.6394698972825457739, 0.8999999999999999112, -0.07353450863197949494 ) ) ;
#3214 = DIRECTION ( 'NONE',  ( 0.0000000000000000000, 1.000000000000000000, 0.0000000000000000000 ) ) ;
#3215 = VERTEX_POINT ( 'NONE', #6886 ) ;
#3216 = EDGE_LOOP ( 'NONE', ( #6862, #1922 ) ) ;
#3217 = CARTESIAN_POINT ( 'NONE',  ( 1.075832672461557449, 0.6999999999999999556, -0.2124757102040607804 ) ) ;
#3218 = CARTESIAN_POINT ( 'NONE',  ( -0.7848984082226360126, 0.9000000000000001332, -0.1470156721091067931 ) ) ;
#3219 = VERTEX_POINT ( 'NONE', #8471 ) ;
#3220 = CARTESIAN_POINT ( 'NONE',  ( 0.6608846480610826024, 0.8999999999999999112, -0.08692588343174396937 ) ) ;
#3221 = PRESENTATION_LAYER_ASSIGNMENT (  '', '', ( #9405 ) ) ;
#3222 = CARTESIAN_POINT ( 'NONE',  ( 0.6251436290144394281, 0.6999999999999997335, -0.1816037037863547643 ) ) ;
#3223 = DIRECTION ( 'NONE',  ( 0.0000000000000000000, 0.0000000000000000000, -1.000000000000000000 ) ) ;
#3224 = DIRECTION ( 'NONE',  ( -0.0000000000000000000, 1.000000000000000000, -0.0000000000000000000 ) ) ;
#3225 = CARTESIAN_POINT ( 'NONE',  ( 0.8058468575724836436, 0.9000000000000000222, -0.1843623592287816637 ) ) ;
#3226 = EDGE_LOOP ( 'NONE', ( #4368, #2072, #9329, #9445 ) ) ;
#3227 = CARTESIAN_POINT ( 'NONE',  ( 0.7884917395532010653, 0.9000000000000000222, -0.04490989065077129194 ) ) ;
#3228 = ADVANCED_FACE ( 'NONE', ( #10084 ), #2169, .F. ) ;
#3229 = CARTESIAN_POINT ( 'NONE',  ( 0.8125197435475978169, 0.7000000000000001776, 0.08939866747417397896 ) ) ;
#3230 = UNCERTAINTY_MEASURE_WITH_UNIT (LENGTH_MEASURE( 1.000000000000000082E-05 ), #4945, 'distance_accuracy_value', 'NONE');
#3231 =( GEOMETRIC_REPRESENTATION_CONTEXT ( 3 ) GLOBAL_UNCERTAINTY_ASSIGNED_CONTEXT ( ( #4876 ) ) GLOBAL_UNIT_ASSIGNED_CONTEXT ( ( #6195, #9311, #1442 ) ) REPRESENTATION_CONTEXT ( 'NONE', 'WORKASPACE' ) );
#3232 = CARTESIAN_POINT ( 'NONE',  ( -0.7973260621935025494, 0.6999999999999999556, -0.05267577070165154612 ) ) ;
#3233 = SURFACE_STYLE_USAGE ( .BOTH. , #8105 ) ;
#3234 = CARTESIAN_POINT ( 'NONE',  ( 0.6827191567602340916, 0.8999999999999999112, -0.04486466269463387779 ) ) ;
#3235 = ORIENTED_EDGE ( 'NONE', *, *, #10271, .T. ) ;
#3236 = ORIENTED_EDGE ( 'NONE', *, *, #3434, .T. ) ;
#3237 = CARTESIAN_POINT ( 'NONE',  ( 0.3323831476044441513, 0.9000000000000000222, 0.03081122185197218352 ) ) ;
#3238 = PRODUCT_DEFINITION_CONTEXT ( 'detailed design', #4532, 'design' ) ;
#3239 = EDGE_CURVE ( 'NONE', #3585, #8687, #8629, .T. ) ;
#3240 = CARTESIAN_POINT ( 'NONE',  ( 1.095964756694027598, 0.6999999999999999556, -0.08035614617418260219 ) ) ;
#3241 = CARTESIAN_POINT ( 'NONE',  ( 0.6573289285294725559, 0.7000000000000000666, 0.01137137752731542245 ) ) ;
#3242 = VECTOR ( 'NONE', #3828, 1000.000000000000000 ) ;
#3243 = FILL_AREA_STYLE ('',( #6517 ) ) ;
#3244 = CARTESIAN_POINT ( 'NONE',  ( 0.5562344025129311031, 0.7000000000000000666, 0.08372307155064830086 ) ) ;
#3245 = SURFACE_STYLE_FILL_AREA ( #8218 ) ;
#3246 = CARTESIAN_POINT ( 'NONE',  ( 0.4332503666956566968, 0.6999999999999998446, 0.02976339709112536813 ) ) ;
#3247 = DIRECTION ( 'NONE',  ( 0.0000000000000000000, 1.000000000000000000, -0.0000000000000000000 ) ) ;
#3248 = CARTESIAN_POINT ( 'NONE',  ( 0.5576810130642838592, 0.7000000000000001776, -0.1079953606916306125 ) ) ;
#3249 = ORIENTED_EDGE ( 'NONE', *, *, #4550, .F. ) ;
#3250 = DIRECTION ( 'NONE',  ( -0.1930218602933347627, 0.0000000000000000000, 0.9811944564911180278 ) ) ;
#3251 = AXIS2_PLACEMENT_3D ( 'NONE', #5869, #8261, #8307 ) ;
#3252 = FILL_AREA_STYLE_COLOUR ( '', #1859 ) ;
#3253 = DIRECTION ( 'NONE',  ( 0.0000000000000000000, 1.000000000000000000, -0.0000000000000000000 ) ) ;
#3254 = CARTESIAN_POINT ( 'NONE',  ( 0.1250000000000000000, -0.1000000000000000056, -0.6700000000000000400 ) ) ;
#3255 = CARTESIAN_POINT ( 'NONE',  ( 0.1793405909331584336, 0.6999999999999999556, -0.02428919078036637438 ) ) ;
#3256 = CARTESIAN_POINT ( 'NONE',  ( 0.5869611365988475216, 0.9000000000000002442, -0.1853254838409339189 ) ) ;
#3257 = CARTESIAN_POINT ( 'NONE',  ( 0.4276310135655184141, 0.7000000000000000666, -0.06131941956544862543 ) ) ;
#3258 = CARTESIAN_POINT ( 'NONE',  ( -0.4605301027174542594, 0.6999999999999999556, 0.08611461417503804561 ) ) ;
#3259 = EDGE_CURVE ( 'NONE', #436, #7144, #4299, .T. ) ;
#3260 = LINE ( 'NONE', #6427, #8278 ) ;
#3261 =( NAMED_UNIT ( * ) SI_UNIT ( $, .STERADIAN. ) SOLID_ANGLE_UNIT ( ) );
#3262 = VERTEX_POINT ( 'NONE', #711 ) ;
#3263 = ORIENTED_EDGE ( 'NONE', *, *, #3589, .F. ) ;
#3264 = CARTESIAN_POINT ( 'NONE',  ( 0.0000000000000000000, -0.1000000000000000056, -1.149999999999999911 ) ) ;
#3265 = CARTESIAN_POINT ( 'NONE',  ( -0.7964597906323790388, 0.8999999999999999112, -0.08910725197148780530 ) ) ;
#3266 = ORIENTED_EDGE ( 'NONE', *, *, #4978, .T. ) ;
#3267 = FILL_AREA_STYLE_COLOUR ( '', #10199 ) ;
#3268 = LINE ( 'NONE', #414, #8443 ) ;
#3269 = AXIS2_PLACEMENT_3D ( 'NONE', #5617, #7380, #8117 ) ;
#3270 = CARTESIAN_POINT ( 'NONE',  ( 0.5812854540637113487, 0.6999999999999997335, -0.1843623592287816360 ) ) ;
#3271 = DIRECTION ( 'NONE',  ( -0.0000000000000000000, 1.000000000000000000, -0.0000000000000000000 ) ) ;
#3272 = CARTESIAN_POINT ( 'NONE',  ( 0.6329645725632953024, 0.9000000000000001332, 0.08643298857021688986 ) ) ;
#3273 = CARTESIAN_POINT ( 'NONE',  ( 0.4276310135655184141, 0.9000000000000000222, -0.06131941956544862543 ) ) ;
#3274 = CARTESIAN_POINT ( 'NONE',  ( 0.8006370516123789693, 0.6999999999999996225, -0.1829897909783367305 ) ) ;
#3275 = ADVANCED_FACE ( 'NONE', ( #603 ), #7801, .T. ) ;
#3276 = DIRECTION ( 'NONE',  ( 0.0000000000000000000, 1.000000000000000000, 0.0000000000000000000 ) ) ;
#3277 = VECTOR ( 'NONE', #2111, 1000.000000000000000 ) ;
#3278 = EDGE_LOOP ( 'NONE', ( #1071, #2388, #3789, #7314 ) ) ;
#3279 = CARTESIAN_POINT ( 'NONE',  ( 0.8978367903897952473, 0.6999999999999999556, 0.06119393409309491216 ) ) ;
#3280 = ORIENTED_EDGE ( 'NONE', *, *, #1123, .F. ) ;
#3281 = FILL_AREA_STYLE_COLOUR ( '', #51 ) ;
#3282 = CARTESIAN_POINT ( 'NONE',  ( 4.279745417705937550E-17, -0.1000000000000000056, -0.3749999999999998335 ) ) ;
#3283 = CARTESIAN_POINT ( 'NONE',  ( -0.1763195764016647626, 0.9000000000000000222, 0.01769356154345909371 ) ) ;
#3284 = CARTESIAN_POINT ( 'NONE',  ( 0.8006370516123789693, 0.6999999999999997335, -0.1829897909783367305 ) ) ;
#3285 = CARTESIAN_POINT ( 'NONE',  ( 0.8640313007913175136, 0.6999999999999999556, -0.07353450863197949494 ) ) ;
#3286 =( LENGTH_UNIT ( ) NAMED_UNIT ( * ) SI_UNIT ( .MILLI., .METRE. ) );
#3287 = CARTESIAN_POINT ( 'NONE',  ( 0.6465789775286924224, 0.8999999999999998002, -0.07134463974378829620 ) ) ;
#3288 = CARTESIAN_POINT ( 'NONE',  ( -0.8230266520201979796, 0.6999999999999997335, 0.03563307961769913296 ) ) ;
#3289 = VERTEX_POINT ( 'NONE', #2331 ) ;
#3290 = CARTESIAN_POINT ( 'NONE',  ( -0.7148827772181591822, 0.9000000000000000222, 0.04908360674991994049 ) ) ;
#3291 = EDGE_LOOP ( 'NONE', ( #3419, #8034, #9594 ) ) ;
#3292 =( NAMED_UNIT ( * ) SI_UNIT ( $, .STERADIAN. ) SOLID_ANGLE_UNIT ( ) );
#3293 = B_SPLINE_SURFACE_WITH_KNOTS ( 'NONE', 3, 1, ( 
 ( #977, #8154 ),
 ( #4072, #5049 ),
 ( #4128, #1806 ),
 ( #5761, #121 ),
 ( #7426, #275 ),
 ( #3446, #7367 ),
 ( #7474, #9711 ),
 ( #1129, #170 ),
 ( #4281, #8258 ),
 ( #2583, #2537 ),
 ( #2672, #5661 ),
 ( #3288, #4176 ),
 ( #325, #3490 ),
 ( #9610, #4942 ),
 ( #220, #3395 ),
 ( #2479, #9764 ),
 ( #1998, #1233 ),
 ( #6176, #5102 ),
 ( #3739, #7784 ) ),
 .UNSPECIFIED., .F., .F., .F.,
 ( 4, 1, 1, 1, 1, 1, 1, 1, 1, 1, 1, 1, 1, 1, 1, 1, 4 ),
 ( 2, 2 ),
 ( 0.0000000000000000000, 0.05218201233707395192, 0.1029965178562888967, 0.1530183298534089631, 0.2032950781096808102, 0.2535995982658101888, 0.3056125094226887495, 0.3590487410749054198, 0.4149176470907441350, 0.4733938749958848113, 0.5343369502098772594, 0.5990688144071919519, 0.6685229076657359659, 0.7424721223888556265, 0.8223421438233432523, 0.9081945674151160608, 0.9999999999999998890 ),
 ( 0.0000000000000000000, 1.000000000000000000 ),
 .UNSPECIFIED. ) ;
#3294 = CARTESIAN_POINT ( 'NONE',  ( 1.072269338387594084, 0.6999999999999999556, -0.06768559719211952874 ) ) ;
#3295 = CARTESIAN_POINT ( 'NONE',  ( 0.6525846516626842009, 0.8999999999999995781, 0.02670807625952674805 ) ) ;
#3296 =( NAMED_UNIT ( * ) SI_UNIT ( $, .STERADIAN. ) SOLID_ANGLE_UNIT ( ) );
#3297 = LINE ( 'NONE', #3200, #7610 ) ;
#3298 = FACE_OUTER_BOUND ( 'NONE', #5833, .T. ) ;
#3299 = CARTESIAN_POINT ( 'NONE',  ( 0.4692001774812038506, 0.7000000000000002887, 0.03953241326057040095 ) ) ;
#3300 = VECTOR ( 'NONE', #9356, 1000.000000000000000 ) ;
#3301 = EDGE_CURVE ( 'NONE', #4313, #2491, #5461, .T. ) ;
#3302 = EDGE_LOOP ( 'NONE', ( #9567, #4201, #5309, #10008 ) ) ;
#3303 = CARTESIAN_POINT ( 'NONE',  ( 0.0000000000000000000, 0.9000000000000000222, 0.0000000000000000000 ) ) ;
#3304 = LINE ( 'NONE', #292, #202 ) ;
#3305 = CARTESIAN_POINT ( 'NONE',  ( 0.7903102730151341238, 0.9000000000000003553, -0.09988129960736176483 ) ) ;
#3306 = VECTOR ( 'NONE', #1923, 1000.000000000000000 ) ;
#3307 =( NAMED_UNIT ( * ) SI_UNIT ( $, .STERADIAN. ) SOLID_ANGLE_UNIT ( ) );
#3308 = CARTESIAN_POINT ( 'NONE',  ( 0.3295142620770518671, 0.7000000000000001776, 0.02591555647463207254 ) ) ;
#3309 = CARTESIAN_POINT ( 'NONE',  ( -0.7266315142928404525, 0.9000000000000000222, -0.2171432480292601885 ) ) ;
#3310 = CARTESIAN_POINT ( 'NONE',  ( 0.6448255035165630922, 0.9000000000000003553, -0.1636676406171666265 ) ) ;
#3311 = CARTESIAN_POINT ( 'NONE',  ( 0.8175188867151281791, 0.8999999999999999112, -0.1858596272063474941 ) ) ;
#3312 = FACE_OUTER_BOUND ( 'NONE', #2387, .T. ) ;
#3313 = ORIENTED_EDGE ( 'NONE', *, *, #93, .T. ) ;
#3314 = CARTESIAN_POINT ( 'NONE',  ( -0.007898523770085786114, 0.6999999999999999556, 0.01769356154345909371 ) ) ;
#3315 = EDGE_CURVE ( 'NONE', #6536, #5635, #7822, .T. ) ;
#3316 = ORIENTED_EDGE ( 'NONE', *, *, #2057, .F. ) ;
#3317 = VECTOR ( 'NONE', #7704, 1000.000000000000000 ) ;
#3318 = EDGE_CURVE ( 'NONE', #3571, #8398, #1953, .T. ) ;
#3319 = CARTESIAN_POINT ( 'NONE',  ( -0.4254423834192086473, 0.6999999999999999556, -0.2138853858249619433 ) ) ;
#3320 = CARTESIAN_POINT ( 'NONE',  ( 0.5805626221271245058, 0.8999999999999995781, -0.2163921072683878677 ) ) ;
#3321 = CARTESIAN_POINT ( 'NONE',  ( 0.5465026602061440197, 0.8999999999999998002, -0.1392500304593271010 ) ) ;
#3322 = CARTESIAN_POINT ( 'NONE',  ( -0.6680953915837688495, 0.9000000000000001332, 0.05391763423180744030 ) ) ;
#3323 = CARTESIAN_POINT ( 'NONE',  ( 0.6777848202946662459, 0.8999999999999998002, 0.05490956346547827549 ) ) ;
#3324 = CARTESIAN_POINT ( 'NONE',  ( 0.3682818425568087362, 0.7000000000000001776, -0.1043662139032797836 ) ) ;
#3325 = CARTESIAN_POINT ( 'NONE',  ( -0.7396804327525127176, 0.7000000000000000666, -0.2172679463820360035 ) ) ;
#3326 = VECTOR ( 'NONE', #7997, 1000.000000000000000 ) ;
#3327 = CARTESIAN_POINT ( 'NONE',  ( 0.8598801370204237626, 0.9000000000000000222, 0.04698288242961549954 ) ) ;
#3328 = B_SPLINE_CURVE_WITH_KNOTS ( 'NONE', 3,
 ( #7419, #8146, #4273, #3485, #7519, #318, #1938, #5093, #8299, #1172, #4320, #6703, #9908, #5915, #9139, #1990, #8352, #9704, #1273 ),
 .UNSPECIFIED., .F., .F.,
 ( 4, 1, 1, 1, 1, 1, 1, 1, 1, 1, 1, 1, 1, 1, 1, 1, 4 ),
 ( 0.0000000000000000000, 0.05912225842692454825, 0.1163745632724285939, 0.1723850336532517791, 0.2272979446814678006, 0.2824955560826822865, 0.3385223113746870793, 0.3954652401766620140, 0.4548003304608911335, 0.5151663522353935321, 0.5764256228436294149, 0.6392884606248495638, 0.7043299071627687757, 0.7725878817225226847, 0.8442388206641384674, 0.9197687139405764656, 1.000000000000000000 ),
 .UNSPECIFIED. ) ;
#3329 = LINE ( 'NONE', #4749, #8621 ) ;
#3330 = CARTESIAN_POINT ( 'NONE',  ( 0.8640313007913175136, 0.9000000000000001332, -0.07353450863197949494 ) ) ;
#3331 = EDGE_LOOP ( 'NONE', ( #3906, #9671, #9959, #5739 ) ) ;
#3332 = ORIENTED_EDGE ( 'NONE', *, *, #3457, .F. ) ;
#3333 = CARTESIAN_POINT ( 'NONE',  ( -0.9249999999999998224, -0.1000000000000000056, -0.8749999999999996669 ) ) ;
#3334 = ADVANCED_FACE ( 'NONE', ( #3187 ), #7906, .T. ) ;
#3335 = EDGE_CURVE ( 'NONE', #5241, #7001, #2428, .T. ) ;
#3336 = UNCERTAINTY_MEASURE_WITH_UNIT (LENGTH_MEASURE( 1.000000000000000082E-05 ), #5995, 'distance_accuracy_value', 'NONE');
#3337 = FILL_AREA_STYLE ('',( #8993 ) ) ;
#3338 = CARTESIAN_POINT ( 'NONE',  ( -0.9249999999999998224, -0.1000000000000000056, -0.6249999999999996669 ) ) ;
#3339 = CARTESIAN_POINT ( 'NONE',  ( -0.7398725823682216207, 0.6999999999999998446, 0.05621736001897142954 ) ) ;
#3340 = CARTESIAN_POINT ( 'NONE',  ( 0.1303461358613301480, 0.7000000000000001776, -0.2172761580456998021 ) ) ;
#3341 = CARTESIAN_POINT ( 'NONE',  ( -0.6955324622497665032, 0.7000000000000000666, 0.02634208363348077703 ) ) ;
#3342 = CARTESIAN_POINT ( 'NONE',  ( 0.6593127802271496751, 0.8999999999999996891, -0.06571319511617655651 ) ) ;
#3343 = CARTESIAN_POINT ( 'NONE',  ( 0.9249999999999997113, -0.1000000000000000056, 0.1250000000000001665 ) ) ;
#3344 = VECTOR ( 'NONE', #4775, 1000.000000000000000 ) ;
#3345 = CARTESIAN_POINT ( 'NONE',  ( -0.6876971662648387884, 0.9000000000000002442, -0.009333320888674362381 ) ) ;
#3346 = EDGE_CURVE ( 'NONE', #1143, #8710, #268, .T. ) ;
#3347 = EDGE_LOOP ( 'NONE', ( #9466, #5187, #935, #5001 ) ) ;
#3348 = PLANE ( 'NONE',  #117 ) ;
#3349 = STYLED_ITEM ( 'NONE', ( #9115 ), #504 ) ;
#3350 = PRESENTATION_STYLE_ASSIGNMENT (( #2482 ) ) ;
#3351 = AXIS2_PLACEMENT_3D ( 'NONE', #9483, #10153, #1627 ) ;
#3352 = PRESENTATION_STYLE_ASSIGNMENT (( #6718 ) ) ;
#3353 = CARTESIAN_POINT ( 'NONE',  ( 1.077949468971568514, 0.7000000000000000666, -0.06945607924880553563 ) ) ;
#3354 = CARTESIAN_POINT ( 'NONE',  ( 0.6582080169561498328, 0.9000000000000003553, -0.008807195381372208420 ) ) ;
#3355 = CARTESIAN_POINT ( 'NONE',  ( -0.1394774711385069477, 0.6999999999999999556, -0.01213099986004967552 ) ) ;
#3356 = CARTESIAN_POINT ( 'NONE',  ( 0.6418862514853833634, 0.6999999999999996225, -0.07279017902696312270 ) ) ;
#3357 = CARTESIAN_POINT ( 'NONE',  ( 0.2850839323702649697, 0.9000000000000000222, -0.01823886210826279955 ) ) ;
#3358 = CARTESIAN_POINT ( 'NONE',  ( -0.5798283483314893294, 0.6999999999999999556, 0.08611461417503804561 ) ) ;
#3359 = COLOUR_RGB ( '',1.000000000000000000, 1.000000000000000000, 1.000000000000000000 ) ;
#3360 = VERTEX_POINT ( 'NONE', #2666 ) ;
#3361 = ORIENTED_EDGE ( 'NONE', *, *, #8625, .T. ) ;
#3362 = DIRECTION ( 'NONE',  ( 0.0000000000000000000, 1.000000000000000000, 0.0000000000000000000 ) ) ;
#3363 = CARTESIAN_POINT ( 'NONE',  ( -0.4640388746472788317, 0.6999999999999999556, -0.1279204735442601715 ) ) ;
#3364 = MECHANICAL_DESIGN_GEOMETRIC_PRESENTATION_REPRESENTATION (  '', ( #8879 ), #6673 ) ;
#3365 = LINE ( 'NONE', #8848, #8210 ) ;
#3366 = CARTESIAN_POINT ( 'NONE',  ( 0.3216263545675480673, 0.8999999999999999112, -0.01496462130554788821 ) ) ;
#3367 = CARTESIAN_POINT ( 'NONE',  ( -0.7359686992086823532, 0.9000000000000000222, -0.2173941577547864601 ) ) ;
#3368 = CARTESIAN_POINT ( 'NONE',  ( 0.5670264088422187765, 0.9000000000000000222, -0.1792856095216535939 ) ) ;
#3369 = CARTESIAN_POINT ( 'NONE',  ( -0.4254423834192086473, 0.6999999999999999556, -0.2138853858249619433 ) ) ;
#3370 = CARTESIAN_POINT ( 'NONE',  ( 0.6536246954497711981, 0.8999999999999998002, -0.02403330742360535247 ) ) ;
#3371 = CARTESIAN_POINT ( 'NONE',  ( 0.7290630955248225131, 0.9000000000000002442, -0.005101888520668995501 ) ) ;
#3372 = VERTEX_POINT ( 'NONE', #5757 ) ;
#3373 = ORIENTED_EDGE ( 'NONE', *, *, #6565, .F. ) ;
#3374 = FILL_AREA_STYLE ('',( #2752 ) ) ;
#3375 = ORIENTED_EDGE ( 'NONE', *, *, #8517, .T. ) ;
#3376 = DIRECTION ( 'NONE',  ( 1.000000000000000000, -0.0000000000000000000, 0.0000000000000000000 ) ) ;
#3377 = CARTESIAN_POINT ( 'NONE',  ( 0.5713204934542677194, 0.8999999999999996891, -0.1813278868014736589 ) ) ;
#3378 = FILL_AREA_STYLE_COLOUR ( '', #6540 ) ;
#3379 = VECTOR ( 'NONE', #1974, 1000.000000000000000 ) ;
#3380 = CARTESIAN_POINT ( 'NONE',  ( 0.6118187857524576279, 0.9000000000000001332, 0.08940876473621590936 ) ) ;
#3381 = CARTESIAN_POINT ( 'NONE',  ( 0.6250000000000000000, 0.0000000000000000000, -0.6700000000000000400 ) ) ;
#3382 = CARTESIAN_POINT ( 'NONE',  ( 0.6445379544975216035, 0.7000000000000002887, -0.03594058408081091116 ) ) ;
#3383 = CARTESIAN_POINT ( 'NONE',  ( 0.7766242650903819600, 0.9000000000000002442, 0.04074234594443133101 ) ) ;
#3384 = ADVANCED_FACE ( 'NONE', ( #1842 ), #5141, .T. ) ;
#3385 = CARTESIAN_POINT ( 'NONE',  ( 0.4250834553831968066, 0.9000000000000000222, -0.06369079988392570280 ) ) ;
#3386 = EDGE_LOOP ( 'NONE', ( #6402, #5584, #1958, #4380 ) ) ;
#3387 = EDGE_LOOP ( 'NONE', ( #4490, #636, #5115, #8072 ) ) ;
#3388 = CARTESIAN_POINT ( 'NONE',  ( 0.1149084937737737538, 0.6999999999999999556, 0.05278128084170470580 ) ) ;
#3389 = VECTOR ( 'NONE', #1649, 1000.000000000000000 ) ;
#3390 = CARTESIAN_POINT ( 'NONE',  ( 0.6250000000000000000, -0.1000000000000000056, 0.6700000000000000400 ) ) ;
#3391 = CARTESIAN_POINT ( 'NONE',  ( 0.9249999999999998224, -0.1000000000000000056, -0.8750000000000001110 ) ) ;
#3392 = CARTESIAN_POINT ( 'NONE',  ( -0.6986528581650234271, 0.8999999999999999112, 0.03267147131436344554 ) ) ;
#3393 = EDGE_CURVE ( 'NONE', #7876, #7700, #1765, .T. ) ;
#3394 = FILL_AREA_STYLE_COLOUR ( '', #4750 ) ;
#3395 = CARTESIAN_POINT ( 'NONE',  ( -0.8355226635265936563, 0.8999999999999999112, -0.003772631282838377967 ) ) ;
#3396 = PLANE ( 'NONE',  #3923 ) ;
#3397 = ORIENTED_EDGE ( 'NONE', *, *, #7158, .T. ) ;
#3398 = DIRECTION ( 'NONE',  ( 0.0000000000000000000, 0.0000000000000000000, 1.000000000000000000 ) ) ;
#3399 = CARTESIAN_POINT ( 'NONE',  ( 1.107739438573630109, 0.6999999999999996225, -0.1304479404902150474 ) ) ;
#3400 = DIRECTION ( 'NONE',  ( -1.000000000000000000, 0.0000000000000000000, 0.0000000000000000000 ) ) ;
#3401 = CARTESIAN_POINT ( 'NONE',  ( 0.5407027871732185131, 0.8999999999999998002, -0.008451402390986909735 ) ) ;
#3402 = CARTESIAN_POINT ( 'NONE',  ( -0.9249999999999998224, 0.0000000000000000000, 0.6249999999999996669 ) ) ;
#3403 = FILL_AREA_STYLE ('',( #6519 ) ) ;
#3404 =( NAMED_UNIT ( * ) SI_UNIT ( $, .STERADIAN. ) SOLID_ANGLE_UNIT ( ) );
#3405 = CARTESIAN_POINT ( 'NONE',  ( 0.3993755561869924420, 0.6999999999999997335, -0.1070189019077570497 ) ) ;
#3406 = VERTEX_POINT ( 'NONE', #8937 ) ;
#3407 =( NAMED_UNIT ( * ) PLANE_ANGLE_UNIT ( ) SI_UNIT ( $, .RADIAN. ) );
#3408 = DIRECTION ( 'NONE',  ( -0.0000000000000000000, 1.000000000000000000, -0.0000000000000000000 ) ) ;
#3409 = AXIS2_PLACEMENT_3D ( 'NONE', #2955, #2191, #8543 ) ;
#3410 = CARTESIAN_POINT ( 'NONE',  ( -0.9249999999999998224, -0.1000000000000000056, -0.6249999999999996669 ) ) ;
#3411 = SURFACE_SIDE_STYLE ('',( #6782 ) ) ;
#3412 = CARTESIAN_POINT ( 'NONE',  ( 0.3356999380836635516, 0.9000000000000002442, 0.03541353917541952001 ) ) ;
#3413 = CARTESIAN_POINT ( 'NONE',  ( -0.6505914771461359658, 0.8999999999999999112, -0.1428468885702900426 ) ) ;
#3414 = DIRECTION ( 'NONE',  ( 0.0000000000000000000, 1.000000000000000000, 0.0000000000000000000 ) ) ;
#3415 = CARTESIAN_POINT ( 'NONE',  ( 1.107039031525355099, 0.8999999999999998002, -0.1074990135416250686 ) ) ;
#3416 = EDGE_CURVE ( 'NONE', #8635, #9215, #3942, .T. ) ;
#3417 = VERTEX_POINT ( 'NONE', #9909 ) ;
#3418 =( NAMED_UNIT ( * ) PLANE_ANGLE_UNIT ( ) SI_UNIT ( $, .RADIAN. ) );
#3419 = ORIENTED_EDGE ( 'NONE', *, *, #10157, .T. ) ;
#3420 = CARTESIAN_POINT ( 'NONE',  ( 0.9249999999999997113, -0.1000000000000000056, -0.1250000000000001665 ) ) ;
#3421 = CARTESIAN_POINT ( 'NONE',  ( 0.3633456515664214015, 0.8999999999999998002, 0.05480414243346001107 ) ) ;
#3422 = CARTESIAN_POINT ( 'NONE',  ( -0.7347081889996605053, 0.6999999999999999556, 0.08953204130129363558 ) ) ;
#3423 = PRESENTATION_LAYER_ASSIGNMENT (  '', '', ( #8949 ) ) ;
#3424 = CARTESIAN_POINT ( 'NONE',  ( 0.6419349870541621872, 0.9000000000000001332, 0.08374278087073180887 ) ) ;
#3425 = CARTESIAN_POINT ( 'NONE',  ( 0.3682818425568087362, 0.9000000000000002442, -0.1043662139032797836 ) ) ;
#3426 = CARTESIAN_POINT ( 'NONE',  ( 0.6583083389117677653, 0.6999999999999999556, 0.004079684918803130021 ) ) ;
#3427 = CARTESIAN_POINT ( 'NONE',  ( 0.8335794183226975518, 0.9000000000000000222, 0.05493172144478358776 ) ) ;
#3428 = CARTESIAN_POINT ( 'NONE',  ( 0.3915517578561104606, 0.9000000000000001332, -0.07734627495512373663 ) ) ;
#3429 = ORIENTED_EDGE ( 'NONE', *, *, #7807, .F. ) ;
#3430 = B_SPLINE_CURVE_WITH_KNOTS ( 'NONE', 3,
 ( #6263, #4664, #3201, #3054, #7766, #6209, #9428, #7873, #6362, #4713, #674, #2300, #7977, #621, #730, #3980, #17, #4614, #3884, #9473, #2350, #8697, #1570, #7923, #1460, #9574, #2440, #1407, #3778, #6960 ),
 .UNSPECIFIED., .F., .F.,
 ( 4, 1, 1, 1, 1, 1, 1, 1, 1, 1, 1, 1, 1, 1, 1, 1, 1, 1, 1, 1, 1, 1, 1, 1, 1, 1, 1, 4 ),
 ( 0.0000000000000000000, 0.02788876596514769726, 0.05421625487123222370, 0.07915984011312067470, 0.1035353754894376838, 0.1154770059438782887, 0.1272710965375090653, 0.1389522967014684418, 0.1508542318755859979, 0.1629793888097272325, 0.1759311175533763150, 0.1893011571992729014, 0.2036037875023511412, 0.2330439056720955415, 0.2627257580548829075, 0.2930094943604961144, 0.3244022232009525775, 0.3399194315283891044, 0.3547632804434123766, 0.3689840606704876680, 0.3827791677666831371, 0.3963645650445776769, 0.4099499623224724387, 0.4237450694186680744, 0.4379658496457430883, 0.4663018339518760214, 0.4932745115574749262, 0.4999999999993764432 ),
 .UNSPECIFIED. ) ;
#3431 = EDGE_LOOP ( 'NONE', ( #6251, #5563, #6834, #9817 ) ) ;
#3432 = SURFACE_SIDE_STYLE ('',( #6805 ) ) ;
#3433 = B_SPLINE_CURVE_WITH_KNOTS ( 'NONE', 3,
 ( #1207, #4354, #7395, #5786, #2751, #1968, #9683, #4197, #7603, #2848, #5944, #8488, #5322, #2192, #7820, #10051, #2245, #9169, #2024 ),
 .UNSPECIFIED., .F., .F.,
 ( 4, 1, 1, 1, 1, 1, 1, 1, 1, 1, 1, 1, 1, 1, 1, 1, 4 ),
 ( 0.0000000000000000000, 0.08020198071471169865, 0.1541926428583952902, 0.2224506758508645876, 0.2855617496297179203, 0.3440156478967577591, 0.3983382243803275102, 0.4503522145598930493, 0.5006348921861147883, 0.5517884752738344556, 0.6051526559950117790, 0.6607006352307768227, 0.7206892810595120213, 0.7839583050024641064, 0.8511470700523747768, 0.9230740667497447927, 0.9999999999999998890 ),
 .UNSPECIFIED. ) ;
#3434 = EDGE_CURVE ( 'NONE', #6806, #2524, #2623, .T. ) ;
#3435 = UNCERTAINTY_MEASURE_WITH_UNIT (LENGTH_MEASURE( 1.000000000000000082E-05 ), #5913, 'distance_accuracy_value', 'NONE');
#3436 = CARTESIAN_POINT ( 'NONE',  ( 0.3750000000000000000, -0.1000000000000000056, 0.0000000000000000000 ) ) ;
#3437 = FACE_BOUND ( 'NONE', #8626, .T. ) ;
#3438 = DIRECTION ( 'NONE',  ( 1.000000000000000000, 0.0000000000000000000, 0.0000000000000000000 ) ) ;
#3439 = SURFACE_STYLE_USAGE ( .BOTH. , #6704 ) ;
#3440 = CARTESIAN_POINT ( 'NONE',  ( 0.8930575009811880793, 0.8999999999999998002, 0.06688635824830384269 ) ) ;
#3441 = CARTESIAN_POINT ( 'NONE',  ( -0.7148827772181591822, 0.6999999999999999556, 0.04908360674991994049 ) ) ;
#3442 = B_SPLINE_CURVE_WITH_KNOTS ( 'NONE', 3,
 ( #10227, #8676, #3754, #5351, #651, #6189, #3699, #7044, #4487, #10126, #5511, #3805, #1382, #3864, #2163, #6989, #706, #3086, #7742, #6879, #3917, #2927, #597, #2982, #10178, #9457, #7685, #7098, #760 ),
 .UNSPECIFIED., .F., .F.,
 ( 4, 1, 1, 1, 1, 1, 1, 1, 1, 1, 1, 1, 1, 1, 1, 1, 1, 1, 1, 1, 1, 1, 1, 1, 1, 1, 4 ),
 ( 0.4999999999993764432, 0.5198405870245136340, 0.5461884398033973742, 0.5593910728033583135, 0.5724241490377121044, 0.5853013682317750321, 0.5985219112101259897, 0.6120922052067774288, 0.6262896717537254077, 0.6410108024404685967, 0.6564995201318610807, 0.6876075521500658594, 0.7175644872833549792, 0.7474961360743198613, 0.7780474713871701198, 0.8082163933622203977, 0.8367520855888995746, 0.8643251420419024722, 0.8920391475800973913, 0.9058571056230398932, 0.9192554317031915723, 0.9324580647031525116, 0.9455647644940066154, 0.9587255127607227090, 0.9722176986649471164, 0.9859129604891354592, 1.000000000000000000 ),
 .UNSPECIFIED. ) ;
#3443 = CARTESIAN_POINT ( 'NONE',  ( 0.9057552568614810617, 0.9000000000000001332, -0.1681884475305137627 ) ) ;
#3444 = CARTESIAN_POINT ( 'NONE',  ( 0.4171209341235379009, 0.8999999999999998002, -0.1044638161030358170 ) ) ;
#3445 = LINE ( 'NONE', #6608, #6084 ) ;
#3446 = CARTESIAN_POINT ( 'NONE',  ( -0.7768488148940499993, 0.7000000000000001776, 0.08119771775508961842 ) ) ;
#3447 = FACE_OUTER_BOUND ( 'NONE', #7512, .T. ) ;
#3448 = CARTESIAN_POINT ( 'NONE',  ( 0.0000000000000000000, 0.0000000000000000000, -1.149999999999996581 ) ) ;
#3449 = VERTEX_POINT ( 'NONE', #3391 ) ;
#3450 = CARTESIAN_POINT ( 'NONE',  ( 0.6250000000000000000, 0.0000000000000000000, 0.6700000000000000400 ) ) ;
#3451 = CARTESIAN_POINT ( 'NONE',  ( 1.077949468971568514, 0.6999999999999999556, -0.1758585520502410626 ) ) ;
#3452 = FACE_OUTER_BOUND ( 'NONE', #4331, .T. ) ;
#3453 = CARTESIAN_POINT ( 'NONE',  ( 0.5780907503181398344, 0.9000000000000000222, 0.05420695099237279879 ) ) ;
#3454 = CARTESIAN_POINT ( 'NONE',  ( 0.1447330551772826601, 0.7000000000000000666, -0.2191485437196987740 ) ) ;
#3455 = ORIENTED_EDGE ( 'NONE', *, *, #6880, .T. ) ;
#3456 = ORIENTED_EDGE ( 'NONE', *, *, #2647, .F. ) ;
#3457 = EDGE_CURVE ( 'NONE', #7225, #4870, #1227, .T. ) ;
#3458 = EDGE_CURVE ( 'NONE', #7832, #5738, #6556, .T. ) ;
#3459 = B_SPLINE_CURVE_WITH_KNOTS ( 'NONE', 3,
 ( #6341, #9554, #3083, #3913, #6236, #7094, #9500, #10275, #1644, #7197, #4463, #7717, #7772, #519, #3675, #2144, #9384, #680, #8494, #5485, #6109, #3835, #1358, #6855, #3891, #1308, #6913, #7659, #10206 ),
 .UNSPECIFIED., .F., .F.,
 ( 4, 1, 1, 1, 1, 1, 1, 1, 1, 1, 1, 1, 1, 1, 1, 1, 1, 1, 1, 1, 1, 1, 1, 1, 1, 1, 4 ),
 ( 0.4999999999993764432, 0.5198405870245136340, 0.5461884398033973742, 0.5593910728033583135, 0.5724241490377121044, 0.5853013682317750321, 0.5985219112101259897, 0.6120922052067774288, 0.6262896717537254077, 0.6410108024404685967, 0.6564995201318610807, 0.6876075521500658594, 0.7175644872833549792, 0.7474961360743198613, 0.7780474713871701198, 0.8082163933622203977, 0.8367520855888995746, 0.8643251420419024722, 0.8920391475800973913, 0.9058571056230398932, 0.9192554317031915723, 0.9324580647031525116, 0.9455647644940066154, 0.9587255127607227090, 0.9722176986649471164, 0.9859129604891354592, 1.000000000000000000 ),
 .UNSPECIFIED. ) ;
#3460 = CARTESIAN_POINT ( 'NONE',  ( 0.8711046520082985634, 0.6999999999999998446, -0.1241710342058428701 ) ) ;
#3461 = CARTESIAN_POINT ( 'NONE',  ( 0.3269655523460720525, 0.8999999999999996891, -0.03935320743473978700 ) ) ;
#3462 = CARTESIAN_POINT ( 'NONE',  ( 1.085339112031938669, 0.6999999999999999556, -0.2106078576347537867 ) ) ;
#3463 = CARTESIAN_POINT ( 'NONE',  ( 0.6466023571497387934, 0.8999999999999999112, -0.1593970091212278950 ) ) ;
#3464 = CARTESIAN_POINT ( 'NONE',  ( 0.0000000000000000000, 0.9000000000000000222, 1.250000000000000000 ) ) ;
#3465 = CARTESIAN_POINT ( 'NONE',  ( 0.1447330551772826601, 0.7000000000000000666, -0.2191485437196987740 ) ) ;
#3466 = CARTESIAN_POINT ( 'NONE',  ( 0.1736068897081674001, 0.9000000000000000222, -0.01705020912657261370 ) ) ;
#3467 = EDGE_LOOP ( 'NONE', ( #6802, #10137, #6330, #3972 ) ) ;
#3468 = CARTESIAN_POINT ( 'NONE',  ( 0.3633456515664214015, 0.6999999999999998446, 0.05480414243346001107 ) ) ;
#3469 = MECHANICAL_DESIGN_GEOMETRIC_PRESENTATION_REPRESENTATION (  '', ( #5604 ), #4307 ) ;
#3470 = ADVANCED_FACE ( 'NONE', ( #6760 ), #2159, .F. ) ;
#3471 = CARTESIAN_POINT ( 'NONE',  ( -0.6897459168670520002, 0.9000000000000001332, -0.1405048282037807683 ) ) ;
#3472 = DIRECTION ( 'NONE',  ( -1.000000000000000000, 0.0000000000000000000, -4.336808689942017736E-16 ) ) ;
#3473 = CARTESIAN_POINT ( 'NONE',  ( 0.9249999999999998224, -0.1000000000000000056, -0.8750000000000001110 ) ) ;
#3474 = CARTESIAN_POINT ( 'NONE',  ( 0.4603574903987646683, 0.9000000000000000222, -0.07678639546380820746 ) ) ;
#3475 = CARTESIAN_POINT ( 'NONE',  ( 0.6556196552154369694, 0.6999999999999999556, -0.01968724215881673817 ) ) ;
#3476 = CARTESIAN_POINT ( 'NONE',  ( 0.7877345234983726963, 0.8999999999999995781, -0.1769114175854474280 ) ) ;
#3477 = PRESENTATION_STYLE_ASSIGNMENT (( #5031 ) ) ;
#3478 = EDGE_LOOP ( 'NONE', ( #5629, #4151 ) ) ;
#3479 = VECTOR ( 'NONE', #78, 1000.000000000000000 ) ;
#3480 = VERTEX_POINT ( 'NONE', #7037 ) ;
#3481 = DIRECTION ( 'NONE',  ( -0.0000000000000000000, 0.0000000000000000000, -1.000000000000000000 ) ) ;
#3482 = ORIENTED_EDGE ( 'NONE', *, *, #5088, .F. ) ;
#3483 = DIRECTION ( 'NONE',  ( -1.000000000000000000, 0.0000000000000000000, 0.0000000000000000000 ) ) ;
#3484 = CARTESIAN_POINT ( 'NONE',  ( 0.7740215145199504931, 0.7000000000000001776, 0.03728399068047649062 ) ) ;
#3485 = CARTESIAN_POINT ( 'NONE',  ( -0.7175458184478218371, 0.9000000000000000222, -0.2157417184617632655 ) ) ;
#3486 = CARTESIAN_POINT ( 'NONE',  ( 0.7493277627370145133, 0.7000000000000000666, -0.05692393037834896780 ) ) ;
#3487 = CARTESIAN_POINT ( 'NONE',  ( 0.8125197435475978169, 0.9000000000000003553, 0.08939866747417397896 ) ) ;
#3488 = CARTESIAN_POINT ( 'NONE',  ( 0.4345160892268601915, 0.9000000000000002442, 0.07772374261236110471 ) ) ;
#3489 = CARTESIAN_POINT ( 'NONE',  ( 0.5879583400388257441, 0.9000000000000003553, 0.08939866747417399284 ) ) ;
#3490 = CARTESIAN_POINT ( 'NONE',  ( -0.8281857491215511846, 0.9000000000000000222, 0.02378832089620073337 ) ) ;
#3491 = ORIENTED_EDGE ( 'NONE', *, *, #3532, .F. ) ;
#3492 = STYLED_ITEM ( 'NONE', ( #8005 ), #8063 ) ;
#3493 = CARTESIAN_POINT ( 'NONE',  ( 1.399999999999999689, -0.1000000000000000056, -0.6250000000000001110 ) ) ;
#3494 = CARTESIAN_POINT ( 'NONE',  ( 0.6478902989186535732, 0.9000000000000000222, -0.1289907461749949247 ) ) ;
#3495 = ORIENTED_EDGE ( 'NONE', *, *, #8807, .T. ) ;
#3496 = CARTESIAN_POINT ( 'NONE',  ( 1.399999999999999689, -0.1000000000000000056, 0.0000000000000000000 ) ) ;
#3497 =( NAMED_UNIT ( * ) PLANE_ANGLE_UNIT ( ) SI_UNIT ( $, .RADIAN. ) );
#3498 = DIRECTION ( 'NONE',  ( -0.0000000000000000000, 0.0000000000000000000, -1.000000000000000000 ) ) ;
#3499 = VECTOR ( 'NONE', #689, 1000.000000000000000 ) ;
#3500 = ADVANCED_FACE ( 'NONE', ( #5345 ), #7790, .T. ) ;
#3501 = CARTESIAN_POINT ( 'NONE',  ( 0.5043821779843000730, 0.6999999999999999556, -0.001604684070575989382 ) ) ;
#3502 = CARTESIAN_POINT ( 'NONE',  ( 0.4641493821221924776, 0.7000000000000001776, -0.07201117682011251575 ) ) ;
#3503 = VERTEX_POINT ( 'NONE', #2871 ) ;
#3504 = ORIENTED_EDGE ( 'NONE', *, *, #7033, .F. ) ;
#3505 = CARTESIAN_POINT ( 'NONE',  ( -0.5061441378051735329, 0.6999999999999999556, 0.08611461417503804561 ) ) ;
#3506 = CARTESIAN_POINT ( 'NONE',  ( 0.7392443369538017617, 0.6999999999999999556, -0.1274522846622696826 ) ) ;
#3507 = STYLED_ITEM ( 'NONE', ( #7432 ), #9588 ) ;
#3508 = CARTESIAN_POINT ( 'NONE',  ( 0.7991616535231006457, 0.9000000000000002442, -0.09492463398416607634 ) ) ;
#3509 =( NAMED_UNIT ( * ) SI_UNIT ( $, .STERADIAN. ) SOLID_ANGLE_UNIT ( ) );
#3510 = DIRECTION ( 'NONE',  ( 0.0000000000000000000, 0.0000000000000000000, -1.000000000000000000 ) ) ;
#3511 = AXIS2_PLACEMENT_3D ( 'NONE', #6462, #8743, #1657 ) ;
#3512 = CARTESIAN_POINT ( 'NONE',  ( -0.1763195764016647626, 0.6999999999999999556, 0.01769356154345909371 ) ) ;
#3513 = CARTESIAN_POINT ( 'NONE',  ( 0.5521997488422477618, 0.8999999999999996891, -0.1642108857805324451 ) ) ;
#3514 = CARTESIAN_POINT ( 'NONE',  ( 0.6556196552154369694, 0.9000000000000000222, -0.01968724215881673817 ) ) ;
#3515 = FACE_OUTER_BOUND ( 'NONE', #7244, .T. ) ;
#3516 = DIRECTION ( 'NONE',  ( 0.0000000000000000000, 0.0000000000000000000, -1.000000000000000000 ) ) ;
#3517 = VECTOR ( 'NONE', #4963, 1000.000000000000000 ) ;
#3518 = EDGE_CURVE ( 'NONE', #245, #9382, #4537, .T. ) ;
#3519 = CARTESIAN_POINT ( 'NONE',  ( 0.2205633336601442451, 0.8999999999999999112, -0.08358397613532618509 ) ) ;
#3520 = ORIENTED_EDGE ( 'NONE', *, *, #160, .F. ) ;
#3521 = CARTESIAN_POINT ( 'NONE',  ( 0.2007679308973661925, 0.8999999999999996891, -0.1376799718627219338 ) ) ;
#3522 = CARTESIAN_POINT ( 'NONE',  ( 0.3752280393604026654, 0.6999999999999999556, 0.05752267381020948617 ) ) ;
#3523 = EDGE_CURVE ( 'NONE', #1343, #5241, #8510, .T. ) ;
#3524 = CARTESIAN_POINT ( 'NONE',  ( -0.7022258256107928309, 0.9000000000000000222, -0.1693222190036970665 ) ) ;
#3525 = UNCERTAINTY_MEASURE_WITH_UNIT (LENGTH_MEASURE( 1.000000000000000082E-05 ), #9351, 'distance_accuracy_value', 'NONE');
#3526 = LINE ( 'NONE', #5852, #26 ) ;
#3527 = CARTESIAN_POINT ( 'NONE',  ( 0.3807267516006721531, 0.6999999999999998446, 0.08993186336539640835 ) ) ;
#3528 = DIRECTION ( 'NONE',  ( 0.0000000000000000000, 0.0000000000000000000, -1.000000000000000000 ) ) ;
#3529 = CARTESIAN_POINT ( 'NONE',  ( 0.6404901916230966163, 0.6999999999999999556, -0.03954593313095176865 ) ) ;
#3530 = CARTESIAN_POINT ( 'NONE',  ( 0.8825710567690119301, 0.8999999999999998002, 0.006483180057497016542 ) ) ;
#3531 = ORIENTED_EDGE ( 'NONE', *, *, #3259, .F. ) ;
#3532 = EDGE_CURVE ( 'NONE', #4827, #665, #7736, .T. ) ;
#3533 = ORIENTED_EDGE ( 'NONE', *, *, #2826, .F. ) ;
#3534 = EDGE_LOOP ( 'NONE', ( #2993, #8739, #10264, #10127 ) ) ;
#3535 = LINE ( 'NONE', #9854, #5606 ) ;
#3536 =( GEOMETRIC_REPRESENTATION_CONTEXT ( 3 ) GLOBAL_UNCERTAINTY_ASSIGNED_CONTEXT ( ( #5397 ) ) GLOBAL_UNIT_ASSIGNED_CONTEXT ( ( #3756, #9559, #9359 ) ) REPRESENTATION_CONTEXT ( 'NONE', 'WORKASPACE' ) );
#3537 = CARTESIAN_POINT ( 'NONE',  ( 0.7796378782277122443, 0.6999999999999998446, 0.04385138482649061226 ) ) ;
#3538 =( NAMED_UNIT ( * ) PLANE_ANGLE_UNIT ( ) SI_UNIT ( $, .RADIAN. ) );
#3539 = DIRECTION ( 'NONE',  ( 0.0000000000000000000, 0.0000000000000000000, -1.000000000000000000 ) ) ;
#3540 = FACE_OUTER_BOUND ( 'NONE', #1950, .T. ) ;
#3541 = ADVANCED_FACE ( 'NONE', ( #5403 ), #8, .T. ) ;
#3542 = CARTESIAN_POINT ( 'NONE',  ( 0.5438200315189058998, 0.6999999999999999556, -0.2020494904226868005 ) ) ;
#3543 = CARTESIAN_POINT ( 'NONE',  ( 0.4508632940070209094, 0.9000000000000000222, -0.08576209605798169877 ) ) ;
#3544 = SURFACE_SIDE_STYLE ('',( #5922 ) ) ;
#3545 =( NAMED_UNIT ( * ) PLANE_ANGLE_UNIT ( ) SI_UNIT ( $, .RADIAN. ) );
#3546 = PRESENTATION_LAYER_ASSIGNMENT (  '', '', ( #9558 ) ) ;
#3547 = CARTESIAN_POINT ( 'NONE',  ( -0.8394027172676554738, 0.9000000000000000222, -0.04816849070027868357 ) ) ;
#3548 = CARTESIAN_POINT ( 'NONE',  ( 0.6478902989186535732, 0.7000000000000000666, -0.1289907461749949247 ) ) ;
#3549 = ORIENTED_EDGE ( 'NONE', *, *, #8564, .T. ) ;
#3550 = SURFACE_STYLE_USAGE ( .BOTH. , #7744 ) ;
#3551 = LINE ( 'NONE', #9921, #1885 ) ;
#3552 = DIRECTION ( 'NONE',  ( 0.0000000000000000000, 0.0000000000000000000, 1.000000000000000000 ) ) ;
#3553 = SURFACE_SIDE_STYLE ('',( #282 ) ) ;
#3554 = PLANE ( 'NONE',  #9198 ) ;
#3555 = DIRECTION ( 'NONE',  ( 0.0000000000000000000, 0.0000000000000000000, -1.000000000000000000 ) ) ;
#3556 = CARTESIAN_POINT ( 'NONE',  ( 0.5253490194883745357, 0.6999999999999999556, 0.06520695268748691320 ) ) ;
#3557 = DIRECTION ( 'NONE',  ( -1.000000000000000000, 0.0000000000000000000, -0.0000000000000000000 ) ) ;
#3558 = CARTESIAN_POINT ( 'NONE',  ( 1.059401218542794565, 0.7000000000000000666, -0.1798682102911343395 ) ) ;
#3559 = VERTEX_POINT ( 'NONE', #2976 ) ;
#3560 = CARTESIAN_POINT ( 'NONE',  ( 0.8640313007913175136, 0.6999999999999999556, -0.07353450863197949494 ) ) ;
#3561 = CARTESIAN_POINT ( 'NONE',  ( 0.7894529025961974922, 0.9000000000000002442, -0.2131160910121950858 ) ) ;
#3562 = EDGE_CURVE ( 'NONE', #225, #5202, #2923, .T. ) ;
#3563 = CARTESIAN_POINT ( 'NONE',  ( 0.8644614836305394290, 0.6999999999999998446, -0.1108435323114343590 ) ) ;
#3564 = CARTESIAN_POINT ( 'NONE',  ( 1.399999999999999689, 0.0000000000000000000, -0.0000000000000000000 ) ) ;
#3565 = CARTESIAN_POINT ( 'NONE',  ( 0.7651172336689054942, 0.9000000000000002442, -0.08116242306557369668 ) ) ;
#3566 = CARTESIAN_POINT ( 'NONE',  ( 0.8835261274996485392, 0.6999999999999998446, -0.1990456219702590734 ) ) ;
#3567 = CARTESIAN_POINT ( 'NONE',  ( 0.1793405909331584336, 0.6999999999999999556, -0.02428919078036637438 ) ) ;
#3568 = CARTESIAN_POINT ( 'NONE',  ( -0.4254423834192086473, 0.6999999999999999556, 0.08611461417503804561 ) ) ;
#3569 = CARTESIAN_POINT ( 'NONE',  ( 0.9118469601720513573, 0.9000000000000000222, -0.03668224964565084539 ) ) ;
#3570 = FACE_OUTER_BOUND ( 'NONE', #3035, .T. ) ;
#3571 = VERTEX_POINT ( 'NONE', #7090 ) ;
#3572 = CARTESIAN_POINT ( 'NONE',  ( 0.1947213831801820894, 0.9000000000000000222, -0.1633610825987966420 ) ) ;
#3573 = CARTESIAN_POINT ( 'NONE',  ( 0.3579099520953782920, 0.6999999999999999556, 0.05266132601251526102 ) ) ;
#3574 = EDGE_CURVE ( 'NONE', #6806, #588, #5593, .T. ) ;
#3575 = ADVANCED_FACE ( 'NONE', ( #4055 ), #4834, .T. ) ;
#3576 = CARTESIAN_POINT ( 'NONE',  ( -0.6718040763311345920, 0.6999999999999999556, -0.1884813693525110301 ) ) ;
#3577 = FACE_OUTER_BOUND ( 'NONE', #6479, .T. ) ;
#3578 = CARTESIAN_POINT ( 'NONE',  ( 0.4808146676068068559, 0.6999999999999996225, -0.006466215703915203020 ) ) ;
#3579 = CARTESIAN_POINT ( 'NONE',  ( 0.1007004310383817353, 0.9000000000000000222, -0.1564200476782520721 ) ) ;
#3580 = CARTESIAN_POINT ( 'NONE',  ( 0.8341686268108265967, 0.8999999999999998002, -0.09193149816508758287 ) ) ;
#3581 = LINE ( 'NONE', #2804, #5472 ) ;
#3582 =( GEOMETRIC_REPRESENTATION_CONTEXT ( 3 ) GLOBAL_UNCERTAINTY_ASSIGNED_CONTEXT ( ( #4274 ) ) GLOBAL_UNIT_ASSIGNED_CONTEXT ( ( #4084, #9009, #7435 ) ) REPRESENTATION_CONTEXT ( 'NONE', 'WORKASPACE' ) );
#3583 = ORIENTED_EDGE ( 'NONE', *, *, #9920, .F. ) ;
#3584 = ORIENTED_EDGE ( 'NONE', *, *, #4459, .F. ) ;
#3585 = VERTEX_POINT ( 'NONE', #8774 ) ;
#3586 =( NAMED_UNIT ( * ) SI_UNIT ( $, .STERADIAN. ) SOLID_ANGLE_UNIT ( ) );
#3587 = AXIS2_PLACEMENT_3D ( 'NONE', #9353, #8622, #7847 ) ;
#3588 = EDGE_CURVE ( 'NONE', #2862, #3372, #7996, .T. ) ;
#3589 = EDGE_CURVE ( 'NONE', #4799, #9213, #9550, .T. ) ;
#3590 = CARTESIAN_POINT ( 'NONE',  ( 0.0000000000000000000, -0.1000000000000000056, 0.6249999999999996669 ) ) ;
#3591 = CARTESIAN_POINT ( 'NONE',  ( -0.1973722079806121410, 0.9000000000000000222, -0.05423626301794440968 ) ) ;
#3592 = DIRECTION ( 'NONE',  ( 1.734723475976807094E-16, 0.0000000000000000000, 1.000000000000000000 ) ) ;
#3593 = CARTESIAN_POINT ( 'NONE',  ( 0.5376275077193501950, 0.8999999999999999112, -0.1964123158144563952 ) ) ;
#3594 = COLOUR_RGB ( '',1.000000000000000000, 0.9607843137254902244, 0.4549019607843137192 ) ;
#3595 = CARTESIAN_POINT ( 'NONE',  ( 0.2987174825717079929, 0.8999999999999999112, 0.04721484865590540314 ) ) ;
#3596 = LINE ( 'NONE', #7528, #8772 ) ;
#3597 = CARTESIAN_POINT ( 'NONE',  ( 0.6486849798194735950, 0.7000000000000000666, -0.1339347267550653753 ) ) ;
#3598 = ORIENTED_EDGE ( 'NONE', *, *, #5112, .F. ) ;
#3599 = FACE_OUTER_BOUND ( 'NONE', #4446, .T. ) ;
#3600 = EDGE_CURVE ( 'NONE', #62, #5881, #904, .T. ) ;
#3601 = CARTESIAN_POINT ( 'NONE',  ( -0.4254423834192086473, 0.9000000000000000222, -0.2138853858249619433 ) ) ;
#3602 = PRESENTATION_LAYER_ASSIGNMENT (  '', '', ( #6412 ) ) ;
#3603 = CARTESIAN_POINT ( 'NONE',  ( 0.7903102730151341238, 0.7000000000000001776, -0.09988129960736176483 ) ) ;
#3604 = CARTESIAN_POINT ( 'NONE',  ( 0.0000000000000000000, 0.9000000000000000222, 0.0000000000000000000 ) ) ;
#3605 = FACE_OUTER_BOUND ( 'NONE', #2481, .T. ) ;
#3606 = CARTESIAN_POINT ( 'NONE',  ( -0.7105992318648379769, 0.7000000000000000666, 0.04598496353837010914 ) ) ;
#3607 = CARTESIAN_POINT ( 'NONE',  ( 0.5067454807285272089, 0.6999999999999999556, 0.02738035923233493943 ) ) ;
#3608 = DIRECTION ( 'NONE',  ( 0.0000000000000000000, 0.0000000000000000000, -1.000000000000000000 ) ) ;
#3609 = CARTESIAN_POINT ( 'NONE',  ( 1.107039031525355544, 0.9000000000000003553, -0.1378156177574216545 ) ) ;
#3610 = ORIENTED_EDGE ( 'NONE', *, *, #816, .F. ) ;
#3611 = ORIENTED_EDGE ( 'NONE', *, *, #2786, .T. ) ;
#3612 = ORIENTED_EDGE ( 'NONE', *, *, #10303, .F. ) ;
#3613 = CARTESIAN_POINT ( 'NONE',  ( 0.7392443369538017617, 0.9000000000000002442, -0.1274522846622696826 ) ) ;
#3614 = DIRECTION ( 'NONE',  ( 0.0000000000000000000, 0.0000000000000000000, -1.000000000000000000 ) ) ;
#3615 = FACE_OUTER_BOUND ( 'NONE', #6377, .T. ) ;
#3616 = CARTESIAN_POINT ( 'NONE',  ( 0.8910656777569824216, 0.7000000000000000666, -0.09222156738872494541 ) ) ;
#3617 = SURFACE_STYLE_USAGE ( .BOTH. , #6053 ) ;
#3618 = CARTESIAN_POINT ( 'NONE',  ( 0.8894666893041704991, 0.9000000000000000222, -0.06252780171503065365 ) ) ;
#3619 = LINE ( 'NONE', #7014, #7141 ) ;
#3620 = ORIENTED_EDGE ( 'NONE', *, *, #7502, .F. ) ;
#3621 = DIRECTION ( 'NONE',  ( 1.000000000000000000, -0.0000000000000000000, 0.0000000000000000000 ) ) ;
#3622 = CARTESIAN_POINT ( 'NONE',  ( -0.7934061127298297489, 0.6999999999999996225, -0.004352027052458925724 ) ) ;
#3623 = CARTESIAN_POINT ( 'NONE',  ( -0.6885192061363138993, 0.8999999999999998002, -0.1329278906075493372 ) ) ;
#3624 = CARTESIAN_POINT ( 'NONE',  ( -0.6505914771461359658, 0.6999999999999998446, -0.1428468885702900426 ) ) ;
#3625 = CARTESIAN_POINT ( 'NONE',  ( 0.3218975355758117995, 0.9000000000000003553, 0.07273216131514148586 ) ) ;
#3626 = CARTESIAN_POINT ( 'NONE',  ( 0.2002549855366854425, 0.9000000000000002442, -0.1470509791108767783 ) ) ;
#3627 = CARTESIAN_POINT ( 'NONE',  ( 0.5438200315189058998, 0.6999999999999999556, -0.2020494904226868005 ) ) ;
#3628 = FILL_AREA_STYLE ('',( #5333 ) ) ;
#3629 = CARTESIAN_POINT ( 'NONE',  ( 0.4363035508179343713, 0.9000000000000002442, 0.02351377578799650550 ) ) ;
#3630 = EDGE_CURVE ( 'NONE', #4130, #9713, #1685, .T. ) ;
#3631 = ORIENTED_EDGE ( 'NONE', *, *, #2540, .F. ) ;
#3632 = ORIENTED_EDGE ( 'NONE', *, *, #2352, .T. ) ;
#3633 = CARTESIAN_POINT ( 'NONE',  ( 0.5335795918516592629, 0.9000000000000001332, -0.06505859029947419492 ) ) ;
#3634 = CARTESIAN_POINT ( 'NONE',  ( 0.4000889255076439111, 0.6999999999999999556, 0.05657525497293533490 ) ) ;
#3635 = EDGE_LOOP ( 'NONE', ( #9186, #8661, #6147, #8614 ) ) ;
#3636 = PLANE ( 'NONE',  #1592 ) ;
#3637 = UNCERTAINTY_MEASURE_WITH_UNIT (LENGTH_MEASURE( 1.000000000000000082E-05 ), #2941, 'distance_accuracy_value', 'NONE');
#3638 = CARTESIAN_POINT ( 'NONE',  ( 1.058815242178130722, 0.6999999999999999556, -0.03149824362605486289 ) ) ;
#3639 = MECHANICAL_DESIGN_GEOMETRIC_PRESENTATION_REPRESENTATION (  '', ( #4144 ), #8493 ) ;
#3640 = SURFACE_STYLE_FILL_AREA ( #4635 ) ;
#3641 = CARTESIAN_POINT ( 'NONE',  ( 0.4085472954646953703, 0.9000000000000003553, -0.1062115119796451096 ) ) ;
#3642 = CARTESIAN_POINT ( 'NONE',  ( 0.6922103755512303280, 0.9000000000000000222, 0.02173709294237781420 ) ) ;
#3643 = EDGE_CURVE ( 'NONE', #4531, #5909, #5504, .T. ) ;
#3644 = CARTESIAN_POINT ( 'NONE',  ( -0.6250000000000000000, -0.1000000000000000056, 1.149999999999996581 ) ) ;
#3645 = CARTESIAN_POINT ( 'NONE',  ( -0.1763195764016647626, 0.6999999999999999556, -0.01213099986004967552 ) ) ;
#3646 = VECTOR ( 'NONE', #5210, 1000.000000000000000 ) ;
#3647 = VERTEX_POINT ( 'NONE', #3273 ) ;
#3648 = CARTESIAN_POINT ( 'NONE',  ( 0.2854218324601169865, 0.6999999999999999556, -0.02232033645037829681 ) ) ;
#3649 = DIRECTION ( 'NONE',  ( 0.8420323756982737162, 0.0000000000000000000, 0.5394269906817059645 ) ) ;
#3650 = CARTESIAN_POINT ( 'NONE',  ( 0.8644614836305394290, 0.6999999999999999556, -0.1108435323114343590 ) ) ;
#3651 = CARTESIAN_POINT ( 'NONE',  ( 0.6394698972825457739, 0.9000000000000000222, -0.07353450863197949494 ) ) ;
#3652 = SURFACE_STYLE_FILL_AREA ( #497 ) ;
#3653 = COLOUR_RGB ( '',1.000000000000000000, 0.9607843137254902244, 0.4549019607843137192 ) ;
#3654 = LINE ( 'NONE', #2070, #6588 ) ;
#3655 = CARTESIAN_POINT ( 'NONE',  ( 0.5403146016360218518, 0.7000000000000000666, -0.003359070035488265563 ) ) ;
#3656 = VERTEX_POINT ( 'NONE', #3911 ) ;
#3657 = EDGE_CURVE ( 'NONE', #908, #1235, #3080, .T. ) ;
#3658 = VERTEX_POINT ( 'NONE', #3956 ) ;
#3659 = EDGE_LOOP ( 'NONE', ( #6864, #5394, #8062, #4687 ) ) ;
#3660 = SURFACE_SIDE_STYLE ('',( #8427 ) ) ;
#3661 = CARTESIAN_POINT ( 'NONE',  ( 0.7971276176542894110, 0.9000000000000002442, -0.2150340384575859243 ) ) ;
#3662 = CARTESIAN_POINT ( 'NONE',  ( -0.6869486018616739464, 0.9000000000000001332, -0.1160164390153436698 ) ) ;
#3663 = DIRECTION ( 'NONE',  ( 0.0000000000000000000, 0.0000000000000000000, 1.000000000000000000 ) ) ;
#3664 = B_SPLINE_CURVE_WITH_KNOTS ( 'NONE', 3,
 ( #9776, #3356, #9573, #5614, #6567, #2591, #2634, #4029, #1856, #1712, #9668, #5723, #2546, #6464, #5670, #8954, #3978, #1813, #2439, #8115, #8068, #8902, #7268, #985, #4136, #7322, #7218, #180, #5570, #8794, #1661, #8019, #68, #3244, #8839, #9620, #4856, #3556, #6828, #5111, #1289, #1190, #3607, #10035, #4291, #7537, #3501 ),
 .UNSPECIFIED., .F., .F.,
 ( 4, 1, 1, 1, 1, 1, 1, 1, 1, 1, 1, 1, 1, 1, 1, 1, 1, 1, 1, 1, 1, 1, 1, 1, 1, 1, 1, 1, 1, 1, 1, 1, 1, 1, 1, 1, 1, 1, 1, 1, 1, 1, 1, 1, 4 ),
 ( 0.0000000000000000000, 0.01896963721235623776, 0.03684034007680377781, 0.05363541345938673682, 0.06980683320512162671, 0.08505734143589116503, 0.09981558289693183428, 0.1140766110101989889, 0.1280247482881378962, 0.1557509365080439190, 0.1840838181307571930, 0.2138929585622943996, 0.2456524615522123201, 0.2768913951580695421, 0.3050798050033765030, 0.3305895681386530893, 0.3537127953842153505, 0.3750944523677425257, 0.3955313776239964274, 0.4147501343343142910, 0.4330879330758811707, 0.4512556153326134911, 0.4701155783352344852, 0.4901996834268591563, 0.5117585802951777341, 0.5348497856468035216, 0.5603243028311361007, 0.5881142765529850935, 0.6186914418350497602, 0.6494310865559863588, 0.6780294787034567561, 0.7047831093159802052, 0.7299050770518322739, 0.7536329646167444496, 0.7763247418582140957, 0.7984624024834479084, 0.8202244335740102033, 0.8416493045756039404, 0.8626147261795267251, 0.8834080170508170626, 0.9046905696445970424, 0.9268192755088797696, 0.9499933036506392758, 0.9743070173556438451, 1.000000000000000000 ),
 .UNSPECIFIED. ) ;
#3665 = CARTESIAN_POINT ( 'NONE',  ( 1.129576168796245117, 0.9000000000000001332, -0.1830346119488509560 ) ) ;
#3666 = CARTESIAN_POINT ( 'NONE',  ( 0.7462899201893880008, 0.8999999999999999112, -0.1022908942736979743 ) ) ;
#3667 = CARTESIAN_POINT ( 'NONE',  ( 0.9024321519415537951, 0.6999999999999996225, -0.1764029346301912160 ) ) ;
#3668 = CARTESIAN_POINT ( 'NONE',  ( 0.2342334961472879173, 0.6999999999999998446, -0.1668553289645119120 ) ) ;
#3669 = CARTESIAN_POINT ( 'NONE',  ( 0.9167717790600019567, 0.8999999999999999112, 0.02173709294237782114 ) ) ;
#3670 = EDGE_CURVE ( 'NONE', #5599, #3503, #9646, .T. ) ;
#3671 = CARTESIAN_POINT ( 'NONE',  ( 0.1965917646614885328, 0.6999999999999998446, -0.1164635169614938320 ) ) ;
#3672 = MECHANICAL_DESIGN_GEOMETRIC_PRESENTATION_REPRESENTATION (  '', ( #1550 ), #6826 ) ;
#3673 = EDGE_LOOP ( 'NONE', ( #8221, #7810, #4642, #6180 ) ) ;
#3674 = MECHANICAL_DESIGN_GEOMETRIC_PRESENTATION_REPRESENTATION (  '', ( #3349 ), #9678 ) ;
#3675 = CARTESIAN_POINT ( 'NONE',  ( 0.8295398396310783573, 0.6999999999999998446, -0.05448074153678757192 ) ) ;
#3676 = SURFACE_STYLE_USAGE ( .BOTH. , #9281 ) ;
#3677 = STYLED_ITEM ( 'NONE', ( #10015 ), #2573 ) ;
#3678 = CARTESIAN_POINT ( 'NONE',  ( 0.4472773632424942858, 0.9000000000000000222, 0.06812769845276721303 ) ) ;
#3679 = CARTESIAN_POINT ( 'NONE',  ( 0.5403146016360218518, 0.7000000000000000666, -0.003359070035488265563 ) ) ;
#3680 = CARTESIAN_POINT ( 'NONE',  ( 0.6512033909106906826, 0.7000000000000000666, -0.2040689775846445397 ) ) ;
#3681 = FILL_AREA_STYLE_COLOUR ( '', #8773 ) ;
#3682 = ORIENTED_EDGE ( 'NONE', *, *, #7691, .F. ) ;
#3683 = ORIENTED_EDGE ( 'NONE', *, *, #662, .F. ) ;
#3684 = CARTESIAN_POINT ( 'NONE',  ( 0.5386343340440670202, 0.8999999999999998002, -0.06875061400778367804 ) ) ;
#3685 = PRESENTATION_LAYER_ASSIGNMENT (  '', '', ( #4020 ) ) ;
#3686 = ORIENTED_EDGE ( 'NONE', *, *, #856, .T. ) ;
#3687 = CARTESIAN_POINT ( 'NONE',  ( 0.4363035508179343713, 0.7000000000000001776, 0.02351377578799650550 ) ) ;
#3688 = ORIENTED_EDGE ( 'NONE', *, *, #5988, .F. ) ;
#3689 = EDGE_CURVE ( 'NONE', #4870, #9396, #3178, .T. ) ;
#3690 = EDGE_CURVE ( 'NONE', #373, #6106, #2372, .T. ) ;
#3691 = CARTESIAN_POINT ( 'NONE',  ( 0.8026521538269113520, 0.6999999999999996225, 0.05420695099237284043 ) ) ;
#3692 = CARTESIAN_POINT ( 'NONE',  ( -1.399999999999999689, -0.1000000000000000056, -0.0000000000000000000 ) ) ;
#3693 = CARTESIAN_POINT ( 'NONE',  ( -0.7678993003621391589, 0.9000000000000002442, -0.2119522551197939864 ) ) ;
#3694 = CARTESIAN_POINT ( 'NONE',  ( 1.065752168774513065, 0.7000000000000001776, -0.03163284780237368005 ) ) ;
#3695 = CARTESIAN_POINT ( 'NONE',  ( 0.7394988312979093870, 0.6999999999999996225, 0.05179795047569909355 ) ) ;
#3696 = CARTESIAN_POINT ( 'NONE',  ( 0.6139404444992926368, 0.6999999999999997335, -0.2166492977353445537 ) ) ;
#3697 = DIRECTION ( 'NONE',  ( -0.0000000000000000000, 1.000000000000000000, -0.0000000000000000000 ) ) ;
#3698 = CARTESIAN_POINT ( 'NONE',  ( 0.6250000000000000000, 0.0000000000000000000, -0.0000000000000000000 ) ) ;
#3699 = CARTESIAN_POINT ( 'NONE',  ( 0.8781860989585432709, 0.9000000000000001332, -0.02403330742360544614 ) ) ;
#3700 =( LENGTH_UNIT ( ) NAMED_UNIT ( * ) SI_UNIT ( .MILLI., .METRE. ) );
#3701 = CARTESIAN_POINT ( 'NONE',  ( -0.6868458921911384518, 0.6999999999999999556, -0.1068678419653128070 ) ) ;
#3702 = CARTESIAN_POINT ( 'NONE',  ( -0.4605301027174542594, 0.6999999999999999556, -0.1279204735442601715 ) ) ;
#3703 = CARTESIAN_POINT ( 'NONE',  ( 0.6394698972825457739, 0.6999999999999999556, -0.07353450863197949494 ) ) ;
#3704 = CARTESIAN_POINT ( 'NONE',  ( 0.08233486534975680005, 0.6999999999999999556, -0.1883299708531264438 ) ) ;
#3705 = VECTOR ( 'NONE', #5471, 1000.000000000000000 ) ;
#3706 = LINE ( 'NONE', #3093, #1294 ) ;
#3707 = CARTESIAN_POINT ( 'NONE',  ( 1.134529095213654415, 0.6999999999999997335, -0.06931826883441230547 ) ) ;
#3708 = CARTESIAN_POINT ( 'NONE',  ( 1.083184008332271020, 0.6999999999999996225, -0.1738019679108567805 ) ) ;
#3709 = ORIENTED_EDGE ( 'NONE', *, *, #9515, .T. ) ;
#3710 = ADVANCED_FACE ( 'NONE', ( #8872 ), #105, .T. ) ;
#3711 = ORIENTED_EDGE ( 'NONE', *, *, #138, .T. ) ;
#3712 = EDGE_LOOP ( 'NONE', ( #6922, #4943, #10026, #6612, #8011, #7914, #7356 ) ) ;
#3713 = FACE_OUTER_BOUND ( 'NONE', #4579, .T. ) ;
#3714 = VECTOR ( 'NONE', #7854, 1000.000000000000000 ) ;
#3715 = CARTESIAN_POINT ( 'NONE',  ( -0.6897459168670520002, 0.9000000000000001332, -0.1405048282037807683 ) ) ;
#3717 = EDGE_CURVE ( 'NONE', #3360, #8636, #76, .T. ) ;
#3716 =( NAMED_UNIT ( * ) SI_UNIT ( $, .STERADIAN. ) SOLID_ANGLE_UNIT ( ) );
#3718 = FILL_AREA_STYLE ('',( #2895 ) ) ;
#3719 = CARTESIAN_POINT ( 'NONE',  ( 0.6395212624015580438, 0.9000000000000000222, 0.04411498321868766864 ) ) ;
#3720 = CARTESIAN_POINT ( 'NONE',  ( 1.142328508591367475, 0.9000000000000000222, -0.1603902108740020982 ) ) ;
#3721 = DIRECTION ( 'NONE',  ( -1.000000000000000000, 0.0000000000000000000, 0.0000000000000000000 ) ) ;
#3722 = CARTESIAN_POINT ( 'NONE',  ( 1.399999999999999689, -0.1000000000000000056, 0.0000000000000000000 ) ) ;
#3723 = PLANE ( 'NONE',  #3409 ) ;
#3724 = VECTOR ( 'NONE', #7626, 1000.000000000000000 ) ;
#3725 = CARTESIAN_POINT ( 'NONE',  ( 0.1947213831801820894, 0.6999999999999999556, -0.1633610825987966420 ) ) ;
#3726 = ORIENTED_EDGE ( 'NONE', *, *, #4341, .T. ) ;
#3727 = CARTESIAN_POINT ( 'NONE',  ( -0.7964618074536528036, 0.7000000000000000666, -0.02889311791512303232 ) ) ;
#3728 = VECTOR ( 'NONE', #9402, 1000.000000000000000 ) ;
#3729 = CARTESIAN_POINT ( 'NONE',  ( 1.148241827107107094, 0.9000000000000000222, -0.1226573156495233408 ) ) ;
#3730 = CARTESIAN_POINT ( 'NONE',  ( 0.2205633336601442451, 0.6999999999999998446, -0.08358397613532618509 ) ) ;
#3731 = CARTESIAN_POINT ( 'NONE',  ( 0.3807267516006721531, 0.8999999999999999112, 0.08993186336539640835 ) ) ;
#3732 = CARTESIAN_POINT ( 'NONE',  ( 0.1416876209857539926, 0.6999999999999998446, -0.1844405682542383518 ) ) ;
#3733 = CARTESIAN_POINT ( 'NONE',  ( 0.8448987251111784724, 0.8999999999999996891, -0.09493943077805887254 ) ) ;
#3734 = CARTESIAN_POINT ( 'NONE',  ( 0.6845314592901252659, 0.6999999999999997335, -0.1373702312129746750 ) ) ;
#3735 =( LENGTH_UNIT ( ) NAMED_UNIT ( * ) SI_UNIT ( .MILLI., .METRE. ) );
#3736 = CARTESIAN_POINT ( 'NONE',  ( 0.4418010022308930251, 0.8999999999999996891, -0.03248137688070656948 ) ) ;
#3737 = ORIENTED_EDGE ( 'NONE', *, *, #288, .F. ) ;
#3738 = ORIENTED_EDGE ( 'NONE', *, *, #1408, .F. ) ;
#3739 = CARTESIAN_POINT ( 'NONE',  ( -0.8394774711385069033, 0.7000000000000000666, -0.05423626301794441662 ) ) ;
#3740 =( NAMED_UNIT ( * ) PLANE_ANGLE_UNIT ( ) SI_UNIT ( $, .RADIAN. ) );
#3741 = VECTOR ( 'NONE', #3897, 1000.000000000000000 ) ;
#3742 = ORIENTED_EDGE ( 'NONE', *, *, #223, .T. ) ;
#3743 = SURFACE_STYLE_FILL_AREA ( #587 ) ;
#3744 = CARTESIAN_POINT ( 'NONE',  ( 0.6491682060335416393, 0.7000000000000000666, -0.1408872306316391043 ) ) ;
#3745 = FACE_OUTER_BOUND ( 'NONE', #1932, .T. ) ;
#3746 = VECTOR ( 'NONE', #3608, 1000.000000000000000 ) ;
#3747 = UNCERTAINTY_MEASURE_WITH_UNIT (LENGTH_MEASURE( 1.000000000000000082E-05 ), #7793, 'distance_accuracy_value', 'NONE');
#3748 = CARTESIAN_POINT ( 'NONE',  ( 1.117377038878767381, 0.7000000000000002887, -0.05005252657999914589 ) ) ;
#3749 = CARTESIAN_POINT ( 'NONE',  ( 0.7313068842372989486, 0.7000000000000002887, 0.02738035923233495678 ) ) ;
#3750 = CARTESIAN_POINT ( 'NONE',  ( 0.6437139701323657537, 0.6999999999999999556, -0.2084846267975644096 ) ) ;
#3751 = CARTESIAN_POINT ( 'NONE',  ( 0.5760756481036070076, 0.7000000000000001776, -0.1829897909783367027 ) ) ;
#3752 = EDGE_CURVE ( 'NONE', #1143, #9040, #346, .T. ) ;
#3753 = CARTESIAN_POINT ( 'NONE',  ( 0.08317210749411779735, 0.6999999999999999556, 0.03511975907407878517 ) ) ;
#3754 = CARTESIAN_POINT ( 'NONE',  ( 0.8832732323654995943, 0.9000000000000000222, -0.001550926232035576514 ) ) ;
#3755 = ORIENTED_EDGE ( 'NONE', *, *, #2343, .F. ) ;
#3756 =( LENGTH_UNIT ( ) NAMED_UNIT ( * ) SI_UNIT ( .MILLI., .METRE. ) );
#3757 = CARTESIAN_POINT ( 'NONE',  ( -0.8230266520201979796, 0.6999999999999997335, 0.03563307961769913296 ) ) ;
#3758 = CARTESIAN_POINT ( 'NONE',  ( -0.5184248395595594250, 0.6999999999999999556, -0.01563977178987422875 ) ) ;
#3759 = CARTESIAN_POINT ( 'NONE',  ( 0.6418862514853833634, 0.8999999999999996891, -0.07279017902696312270 ) ) ;
#3760 = CARTESIAN_POINT ( 'NONE',  ( 0.0000000000000000000, -0.1000000000000000056, -0.6250000000000001110 ) ) ;
#3761 = FILL_AREA_STYLE_COLOUR ( '', #195 ) ;
#3762 = STYLED_ITEM ( 'NONE', ( #6889 ), #5560 ) ;
#3763 = VECTOR ( 'NONE', #5321, 1000.000000000000000 ) ;
#3764 = EDGE_CURVE ( 'NONE', #7154, #5727, #9906, .T. ) ;
#3765 = EDGE_CURVE ( 'NONE', #10212, #7700, #7560, .T. ) ;
#3766 = ORIENTED_EDGE ( 'NONE', *, *, #7478, .T. ) ;
#3767 = ORIENTED_EDGE ( 'NONE', *, *, #7247, .F. ) ;
#3768 = CARTESIAN_POINT ( 'NONE',  ( 1.399999999999999689, -0.1000000000000000056, -0.3750000000000002220 ) ) ;
#3769 = UNCERTAINTY_MEASURE_WITH_UNIT (LENGTH_MEASURE( 1.000000000000000082E-05 ), #6310, 'distance_accuracy_value', 'NONE');
#3770 = STYLED_ITEM ( 'NONE', ( #6355 ), #5716 ) ;
#3771 = DIRECTION ( 'NONE',  ( 1.000000000000000000, 0.0000000000000000000, 0.0000000000000000000 ) ) ;
#3772 = FILL_AREA_STYLE ('',( #8432 ) ) ;
#3773 = CARTESIAN_POINT ( 'NONE',  ( -0.7440962922377618582, 0.8999999999999998002, 0.05607452052274408683 ) ) ;
#3774 = DIRECTION ( 'NONE',  ( 0.0000000000000000000, 1.000000000000000000, 0.0000000000000000000 ) ) ;
#3775 = CARTESIAN_POINT ( 'NONE',  ( 0.8908914565343798442, 0.9000000000000000222, -0.1928287795181234388 ) ) ;
#3776 = SURFACE_STYLE_FILL_AREA ( #9426 ) ;
#3777 = CARTESIAN_POINT ( 'NONE',  ( 0.1612900414162520835, 0.7000000000000001776, -0.2199072207398642675 ) ) ;
#3778 = CARTESIAN_POINT ( 'NONE',  ( 0.8824698094170593254, 0.6999999999999998446, 0.007297907905921148172 ) ) ;
#3779 = CARTESIAN_POINT ( 'NONE',  ( 0.8877275990855847398, 0.9000000000000003553, 0.07201701681004753219 ) ) ;
#3780 = CARTESIAN_POINT ( 'NONE',  ( 0.1146376553783668428, 0.6999999999999999556, 0.002798647590160981309 ) ) ;
#3781 = ORIENTED_EDGE ( 'NONE', *, *, #1598, .F. ) ;
#3782 = CARTESIAN_POINT ( 'NONE',  ( 0.6306711857971823987, 0.6999999999999997335, 0.04940003752621859728 ) ) ;
#3783 =( NAMED_UNIT ( * ) PLANE_ANGLE_UNIT ( ) SI_UNIT ( $, .RADIAN. ) );
#3784 = CARTESIAN_POINT ( 'NONE',  ( 0.2359204635080683621, 0.6999999999999999556, -0.1233989109764987574 ) ) ;
#3785 = CARTESIAN_POINT ( 'NONE',  ( 0.6478902989186535732, 0.9000000000000001332, -0.1289907461749949247 ) ) ;
#3786 = CARTESIAN_POINT ( 'NONE',  ( 0.6712448379644143648, 0.6999999999999998446, -0.09796417017802419580 ) ) ;
#3787 =( NAMED_UNIT ( * ) SI_UNIT ( $, .STERADIAN. ) SOLID_ANGLE_UNIT ( ) );
#3788 = CARTESIAN_POINT ( 'NONE',  ( 0.4428385550586030894, 0.9000000000000000222, -0.006848177129722443288 ) ) ;
#3789 = ORIENTED_EDGE ( 'NONE', *, *, #8946, .T. ) ;
#3790 = ORIENTED_EDGE ( 'NONE', *, *, #7536, .T. ) ;
#3791 = SURFACE_STYLE_USAGE ( .BOTH. , #5962 ) ;
#3792 = EDGE_LOOP ( 'NONE', ( #9513, #2731, #5963, #3796 ) ) ;
#3793 = EDGE_CURVE ( 'NONE', #9442, #2126, #2803, .T. ) ;
#3794 = CARTESIAN_POINT ( 'NONE',  ( 0.4430616860430475756, 0.7000000000000001776, -0.01559734329951117417 ) ) ;
#3795 = VERTEX_POINT ( 'NONE', #7613 ) ;
#3796 = ORIENTED_EDGE ( 'NONE', *, *, #5349, .T. ) ;
#3797 = FACE_OUTER_BOUND ( 'NONE', #8501, .T. ) ;
#3798 = CARTESIAN_POINT ( 'NONE',  ( 0.6448255035165630922, 0.7000000000000002887, -0.1636676406171666265 ) ) ;
#3799 = CARTESIAN_POINT ( 'NONE',  ( 1.055259370966756149, 0.6999999999999999556, -0.2138853858249619433 ) ) ;
#3800 = CARTESIAN_POINT ( 'NONE',  ( 1.134529095213654415, 0.8999999999999998002, -0.06931826883441230547 ) ) ;
#3801 =( NAMED_UNIT ( * ) PLANE_ANGLE_UNIT ( ) SI_UNIT ( $, .RADIAN. ) );
#3802 = B_SPLINE_CURVE_WITH_KNOTS ( 'NONE', 3,
 ( #5626, #8125, #8853, #9733, #2603, #1101, #4867, #7447, #242, #6578, #2081, #5890, #9940, #1204, #5073, #8485, #8283, #1150, #4454, #353, #6679, #1917, #4301, #5940, #5222, #567, #4400, #2697, #7547, #405, #1353, #9222, #5843, #3566, #6843, #8435, #3667, #9883, #2138, #6736, #8383, #7600, #9168, #1300, #2022, #2748, #455, #511, #7495, #3616, #9073, #6785, #9991, #5999, #2898 ),
 .UNSPECIFIED., .F., .F.,
 ( 4, 1, 1, 1, 1, 1, 1, 1, 1, 1, 1, 1, 1, 1, 1, 1, 1, 1, 1, 1, 1, 1, 1, 1, 1, 1, 1, 1, 1, 1, 1, 1, 1, 1, 1, 1, 1, 1, 1, 1, 1, 1, 1, 1, 1, 1, 1, 1, 1, 1, 1, 1, 4 ),
 ( 0.0000000000000000000, 0.02711602562264979477, 0.05148408465197751999, 0.07330893139100204403, 0.09338707466369844390, 0.1130498385486980589, 0.1334251767883782025, 0.1546145932784844523, 0.1767704619677568090, 0.1986833557745583401, 0.2193288811037051866, 0.2386257969712025917, 0.2569944355474990116, 0.2751548003530538966, 0.2939005173924350567, 0.3131474774665389815, 0.3332074851477241917, 0.3531742158837230527, 0.3723061508163811317, 0.3908123364128362476, 0.4090887018891567473, 0.4277458989977941384, 0.4467157508060434212, 0.4664309901656225610, 0.4866675617175700852, 0.5069000716233579285, 0.5261158961255943955, 0.5443845511394101999, 0.5617869070496620543, 0.5794756636271611860, 0.5983493392648939757, 0.6188005978445935140, 0.6409007551073127029, 0.6637212409488341125, 0.6866766374970015852, 0.7105914334274895383, 0.7358885402537505005, 0.7490865094717922279, 0.7625198997533864098, 0.7762275485905905104, 0.7904818864548405211, 0.8052213442764392104, 0.8206549825373039564, 0.8367331901577694797, 0.8534949667571384291, 0.8705042759358444515, 0.8874312452516684990, 0.9044743434548084826, 0.9219950383623605195, 0.9399871788566724895, 0.9589910406946546839, 0.9788888544171288064, 1.000000000000000000 ),
 .UNSPECIFIED. ) ;
#3803 = PRESENTATION_LAYER_ASSIGNMENT (  '', '', ( #8311 ) ) ;
#3804 = LINE ( 'NONE', #1546, #3277 ) ;
#3805 = CARTESIAN_POINT ( 'NONE',  ( 0.8590296942791876278, 0.8999999999999998002, -0.04399283944731290780 ) ) ;
#3806 = ORIENTED_EDGE ( 'NONE', *, *, #6762, .T. ) ;
#3807 =( GEOMETRIC_REPRESENTATION_CONTEXT ( 3 ) GLOBAL_UNCERTAINTY_ASSIGNED_CONTEXT ( ( #8563 ) ) GLOBAL_UNIT_ASSIGNED_CONTEXT ( ( #1479, #7030, #533 ) ) REPRESENTATION_CONTEXT ( 'NONE', 'WORKASPACE' ) );
#3808 = DIRECTION ( 'NONE',  ( 0.0000000000000000000, 1.000000000000000000, 0.0000000000000000000 ) ) ;
#3809 = CARTESIAN_POINT ( 'NONE',  ( -0.6464950149981558702, 0.6999999999999999556, -0.03318363143899703133 ) ) ;
#3810 = CARTESIAN_POINT ( 'NONE',  ( 1.004382177984299851, 0.9000000000000000222, -0.06476257880741809192 ) ) ;
#3811 = FACE_OUTER_BOUND ( 'NONE', #2796, .T. ) ;
#3812 = CARTESIAN_POINT ( 'NONE',  ( 0.07746149948566036225, 0.6999999999999999556, -0.1819995348951007341 ) ) ;
#3813 = CARTESIAN_POINT ( 'NONE',  ( 0.0000000000000000000, -0.1000000000000000056, -0.6700000000000000400 ) ) ;
#3814 = PLANE ( 'NONE',  #1463 ) ;
#3815 = FACE_OUTER_BOUND ( 'NONE', #9714, .T. ) ;
#3816 = ORIENTED_EDGE ( 'NONE', *, *, #6374, .T. ) ;
#3817 = VECTOR ( 'NONE', #3400, 1000.000000000000000 ) ;
#3818 = ORIENTED_EDGE ( 'NONE', *, *, #9406, .T. ) ;
#3819 = ORIENTED_EDGE ( 'NONE', *, *, #1467, .T. ) ;
#3820 =( LENGTH_UNIT ( ) NAMED_UNIT ( * ) SI_UNIT ( .MILLI., .METRE. ) );
#3821 = CARTESIAN_POINT ( 'NONE',  ( -0.9500037869279804870, 0.6999999999999999556, 0.08611461417503804561 ) ) ;
#3822 = ADVANCED_FACE ( 'NONE', ( #468 ), #3989, .T. ) ;
#3823 = VECTOR ( 'NONE', #2236, 1000.000000000000000 ) ;
#3824 = DIRECTION ( 'NONE',  ( 0.0000000000000000000, 1.000000000000000000, -0.0000000000000000000 ) ) ;
#3825 = CARTESIAN_POINT ( 'NONE',  ( 0.5465025748003905504, 0.8999999999999995781, 0.03220283864309930744 ) ) ;
#3826 = CARTESIAN_POINT ( 'NONE',  ( 0.7455909629108458114, 0.8999999999999998002, -0.05247184290646532412 ) ) ;
#3827 = CARTESIAN_POINT ( 'NONE',  ( 0.9083628815628277398, 0.8999999999999999112, -0.1308698035821563299 ) ) ;
#3828 = DIRECTION ( 'NONE',  ( -1.000000000000000000, 0.0000000000000000000, 0.0000000000000000000 ) ) ;
#3829 = FILL_AREA_STYLE ('',( #3938 ) ) ;
#3830 = DIRECTION ( 'NONE',  ( 1.000000000000000000, -0.0000000000000000000, 0.0000000000000000000 ) ) ;
#3831 = ORIENTED_EDGE ( 'NONE', *, *, #675, .T. ) ;
#3832 = STYLED_ITEM ( 'NONE', ( #9992 ), #8531 ) ;
#3833 = CARTESIAN_POINT ( 'NONE',  ( 1.500000000000000000, 0.0000000000000000000, -3.903127820947815962E-16 ) ) ;
#3834 = VECTOR ( 'NONE', #7300, 1000.000000000000000 ) ;
#3835 = CARTESIAN_POINT ( 'NONE',  ( 0.7740702764143727599, 0.6999999999999998446, -0.03102923392518783241 ) ) ;
#3836 = CARTESIAN_POINT ( 'NONE',  ( 0.5101372791548065555, 0.9000000000000001332, -0.03287577982225470957 ) ) ;
#3837 = COLOUR_RGB ( '',1.000000000000000000, 0.9607843137254902244, 0.4549019607843137192 ) ;
#3839 = EDGE_CURVE ( 'NONE', #3262, #245, #7983, .T. ) ;
#3838 = CARTESIAN_POINT ( 'NONE',  ( 0.2342334961472879173, 0.6999999999999998446, -0.1668553289645119120 ) ) ;
#3840 = CARTESIAN_POINT ( 'NONE',  ( 0.2920382406137632114, 0.9000000000000000222, 0.03224449500130015245 ) ) ;
#3841 = CARTESIAN_POINT ( 'NONE',  ( 0.6251263575580595644, 0.9000000000000000222, -0.09711692372561574194 ) ) ;
#3842 = EDGE_CURVE ( 'NONE', #5520, #5763, #6371, .T. ) ;
#3843 = DIRECTION ( 'NONE',  ( 4.336808689942019708E-16, 0.0000000000000000000, -1.000000000000000000 ) ) ;
#3844 = AXIS2_PLACEMENT_3D ( 'NONE', #3043, #3094, #3969 ) ;
#3845 = VERTEX_POINT ( 'NONE', #3948 ) ;
#3846 = ORIENTED_EDGE ( 'NONE', *, *, #3393, .T. ) ;
#3847 = CARTESIAN_POINT ( 'NONE',  ( -0.1763195764016647626, 0.9000000000000000222, 0.01769356154345909371 ) ) ;
#3848 = CARTESIAN_POINT ( 'NONE',  ( 0.5045016920160503293, 0.9000000000000001332, -0.005101888520668999838 ) ) ;
#3849 = ORIENTED_EDGE ( 'NONE', *, *, #10103, .F. ) ;
#3850 = CARTESIAN_POINT ( 'NONE',  ( 0.4377214172810036663, 0.6999999999999999556, -0.04674200067713604051 ) ) ;
#3851 = ORIENTED_EDGE ( 'NONE', *, *, #4288, .T. ) ;
#3852 = ORIENTED_EDGE ( 'NONE', *, *, #2445, .T. ) ;
#3853 = DIRECTION ( 'NONE',  ( 0.0000000000000000000, -0.0000000000000000000, 1.000000000000000000 ) ) ;
#3854 = CARTESIAN_POINT ( 'NONE',  ( 0.8640826659103300056, 0.7000000000000000666, 0.04411498321868760619 ) ) ;
#3855 = SURFACE_STYLE_USAGE ( .BOTH. , #5592 ) ;
#3856 = CARTESIAN_POINT ( 'NONE',  ( 1.144981346968267699, 0.9000000000000001332, -0.09363042176086122659 ) ) ;
#3857 = DIRECTION ( 'NONE',  ( -4.336808689942017736E-16, 0.0000000000000000000, 1.000000000000000000 ) ) ;
#3858 = EDGE_CURVE ( 'NONE', #1558, #5352, #844, .T. ) ;
#3859 = CARTESIAN_POINT ( 'NONE',  ( 0.4250834553831968066, 0.6999999999999998446, -0.06369079988392570280 ) ) ;
#3860 = CARTESIAN_POINT ( 'NONE',  ( 0.6394698972825457739, 0.6999999999999999556, -0.07353450863197949494 ) ) ;
#3861 = CARTESIAN_POINT ( 'NONE',  ( 0.6251436290144394281, 0.6999999999999997335, -0.1816037037863547643 ) ) ;
#3862 = FACE_OUTER_BOUND ( 'NONE', #6698, .T. ) ;
#3863 = CARTESIAN_POINT ( 'NONE',  ( 0.1692035781474996448, 0.7000000000000001776, -0.06622697596792595509 ) ) ;
#3864 = CARTESIAN_POINT ( 'NONE',  ( 0.8404787620965757933, 0.9000000000000001332, -0.05263561285479319979 ) ) ;
#3865 = ORIENTED_EDGE ( 'NONE', *, *, #4012, .T. ) ;
#3866 = VECTOR ( 'NONE', #4081, 1000.000000000000000 ) ;
#3867 = DIRECTION ( 'NONE',  ( 0.0000000000000000000, 1.000000000000000000, 0.0000000000000000000 ) ) ;
#3868 = DIRECTION ( 'NONE',  ( -1.000000000000000000, 0.0000000000000000000, 0.0000000000000000000 ) ) ;
#3869 = DIRECTION ( 'NONE',  ( 0.1911021538340951509, 0.0000000000000000000, -0.9815701537842160818 ) ) ;
#3870 = PLANE ( 'NONE',  #4496 ) ;
#3871 = ADVANCED_FACE ( 'NONE', ( #3063 ), #31, .T. ) ;
#3872 = CARTESIAN_POINT ( 'NONE',  ( -0.7668175423183437589, 0.6999999999999998446, -0.1728068821439928959 ) ) ;
#3873 = DIRECTION ( 'NONE',  ( 0.0000000000000000000, 0.0000000000000000000, -1.000000000000000000 ) ) ;
#3874 = ORIENTED_EDGE ( 'NONE', *, *, #2445, .F. ) ;
#3875 = ORIENTED_EDGE ( 'NONE', *, *, #2817, .T. ) ;
#3876 = LINE ( 'NONE', #63, #2946 ) ;
#3877 = CARTESIAN_POINT ( 'NONE',  ( -0.7192869078816735984, 0.9000000000000004663, -0.1814573529095354631 ) ) ;
#3878 = SURFACE_STYLE_USAGE ( .BOTH. , #6954 ) ;
#3879 = CARTESIAN_POINT ( 'NONE',  ( -0.7719440215339895550, 0.8999999999999998002, 0.04201727361725958454 ) ) ;
#3880 = CARTESIAN_POINT ( 'NONE',  ( 0.5713310578054900946, 0.8999999999999999112, 0.05249592656743325841 ) ) ;
#3881 = CARTESIAN_POINT ( 'NONE',  ( 0.1043748405510689092, 0.8999999999999996891, -0.2071860935441334206 ) ) ;
#3882 = PRESENTATION_STYLE_ASSIGNMENT (( #2297 ) ) ;
#3883 = DIRECTION ( 'NONE',  ( 0.0000000000000000000, 0.0000000000000000000, 1.000000000000000000 ) ) ;
#3884 = CARTESIAN_POINT ( 'NONE',  ( 0.8501370033053710085, 0.6999999999999998446, 0.05132234542843823466 ) ) ;
#3885 = SURFACE_SIDE_STYLE ('',( #3159 ) ) ;
#3886 = CARTESIAN_POINT ( 'NONE',  ( 0.5746002500143287950, 0.8999999999999999112, -0.09492463398416609022 ) ) ;
#3887 = AXIS2_PLACEMENT_3D ( 'NONE', #2769, #7361, #3438 ) ;
#3888 = VERTEX_POINT ( 'NONE', #5540 ) ;
#3889 = EDGE_CURVE ( 'NONE', #1740, #5243, #9586, .T. ) ;
#3890 =( LENGTH_UNIT ( ) NAMED_UNIT ( * ) SI_UNIT ( .MILLI., .METRE. ) );
#3891 = CARTESIAN_POINT ( 'NONE',  ( 0.7674593983987862966, 0.6999999999999997335, -0.01816036597924370818 ) ) ;
#3892 = CARTESIAN_POINT ( 'NONE',  ( 0.4097680510030307088, 0.6999999999999999556, -0.07250009550081042142 ) ) ;
#3893 = VECTOR ( 'NONE', #1031, 1000.000000000000000 ) ;
#3894 = CARTESIAN_POINT ( 'NONE',  ( 0.2063220865844659635, 0.9000000000000000222, -0.06060253671620412924 ) ) ;
#3895 = PLANE ( 'NONE',  #1371 ) ;
#3896 = CARTESIAN_POINT ( 'NONE',  ( -0.6579795181606986620, 0.9000000000000001332, 0.03486701823024122848 ) ) ;
#3897 = DIRECTION ( 'NONE',  ( 0.0000000000000000000, 0.0000000000000000000, 1.000000000000000000 ) ) ;
#3898 = LINE ( 'NONE', #2360, #5306 ) ;
#3899 = SURFACE_STYLE_USAGE ( .BOTH. , #8709 ) ;
#3900 =( LENGTH_UNIT ( ) NAMED_UNIT ( * ) SI_UNIT ( .MILLI., .METRE. ) );
#3901 = ORIENTED_EDGE ( 'NONE', *, *, #8725, .T. ) ;
#3902 = ORIENTED_EDGE ( 'NONE', *, *, #481, .F. ) ;
#3903 = CARTESIAN_POINT ( 'NONE',  ( 1.134531557979950867, 0.8999999999999999112, -0.1759974010566235370 ) ) ;
#3904 = CARTESIAN_POINT ( 'NONE',  ( -0.7668175423183437589, 0.8999999999999999112, -0.1728068821439928959 ) ) ;
#3905 = ORIENTED_EDGE ( 'NONE', *, *, #1635, .T. ) ;
#3906 = ORIENTED_EDGE ( 'NONE', *, *, #700, .F. ) ;
#3907 = SURFACE_STYLE_FILL_AREA ( #1283 ) ;
#3908 = ADVANCED_FACE ( 'NONE', ( #7179 ), #6220, .T. ) ;
#3909 = CARTESIAN_POINT ( 'NONE',  ( 0.8825710567699264208, 0.6999999999999998446, 0.006483180050141830637 ) ) ;
#3910 = CARTESIAN_POINT ( 'NONE',  ( 0.0000000000000000000, 0.0000000000000000000, -1.250000000000000000 ) ) ;
#3911 = CARTESIAN_POINT ( 'NONE',  ( 1.004382177984299851, 0.6999999999999999556, 0.08611461417503804561 ) ) ;
#3912 = DIRECTION ( 'NONE',  ( 0.0000000000000000000, 1.000000000000000000, 0.0000000000000000000 ) ) ;
#3913 = CARTESIAN_POINT ( 'NONE',  ( 0.8827694204649216836, 0.7000000000000000666, -0.008807195381372125154 ) ) ;
#3914 = CARTESIAN_POINT ( 'NONE',  ( 0.6448255035165630922, 0.7000000000000002887, -0.1636676406171666265 ) ) ;
#3915 = CARTESIAN_POINT ( 'NONE',  ( 0.7660680666655529381, 0.6999999999999999556, -0.01342908326495968578 ) ) ;
#3916 = CARTESIAN_POINT ( 'NONE',  ( 0.09472925726633370236, 0.9000000000000002442, 0.02420067479620540557 ) ) ;
#3917 = CARTESIAN_POINT ( 'NONE',  ( 0.7771276850635536748, 0.9000000000000001332, -0.03490043798231575595 ) ) ;
#3918 = COLOUR_RGB ( '',1.000000000000000000, 0.9607843137254902244, 0.4549019607843137192 ) ;
#3919 = DIRECTION ( 'NONE',  ( 0.0000000000000000000, 1.000000000000000000, 0.0000000000000000000 ) ) ;
#3920 = CARTESIAN_POINT ( 'NONE',  ( -0.7199930162164186465, 0.6999999999999999556, 0.08803776082093357769 ) ) ;
#3921 = CARTESIAN_POINT ( 'NONE',  ( -0.9249999999999998224, -0.1000000000000000056, 0.6249999999999996669 ) ) ;
#3922 = CARTESIAN_POINT ( 'NONE',  ( -0.5342143132437700004, 0.9000000000000000222, 0.08611461417503804561 ) ) ;
#3923 = AXIS2_PLACEMENT_3D ( 'NONE', #9612, #8894, #5819 ) ;
#3924 = FACE_OUTER_BOUND ( 'NONE', #5274, .T. ) ;
#3925 = B_SPLINE_SURFACE_WITH_KNOTS ( 'NONE', 3, 1, ( 
 ( #3703, #3651 ),
 ( #6823, #3759 ),
 ( #8418, #2883 ),
 ( #1285, #6038 ),
 ( #2064, #658 ),
 ( #9258, #1338 ),
 ( #2934, #2118 ),
 ( #4546, #5260 ),
 ( #6087, #5982 ),
 ( #9363, #5301 ),
 ( #8523, #9975 ),
 ( #2227, #4385 ),
 ( #3040, #6771 ),
 ( #1389, #7749 ),
 ( #9208, #1443 ),
 ( #604, #7802 ),
 ( #6196, #9411 ),
 ( #2281, #5414 ),
 ( #440, #903 ),
 ( #8095, #3323 ),
 ( #205, #1736 ),
 ( #4158, #2466 ),
 ( #5641, #1684 ),
 ( #6592, #9644 ),
 ( #7351, #4054 ),
 ( #8871, #3424 ),
 ( #4647, #3272 ),
 ( #4925, #7242 ),
 ( #6489, #3380 ),
 ( #4833, #2615 ),
 ( #1063, #8926 ),
 ( #103, #6543 ),
 ( #4003, #9692 ),
 ( #8045, #1788 ),
 ( #6439, #2518 ),
 ( #4878, #953 ),
 ( #4112, #7293 ),
 ( #1007, #154 ),
 ( #2567, #8981 ),
 ( #5693, #8136 ),
 ( #5746, #4977 ),
 ( #8194, #4207 ),
 ( #7405, #253 ),
 ( #9798, #2653 ),
 ( #5794, #1492 ),
 ( #4464, #10001 ),
 ( #1975, #6857 ) ),
 .UNSPECIFIED., .F., .F., .F.,
 ( 4, 1, 1, 1, 1, 1, 1, 1, 1, 1, 1, 1, 1, 1, 1, 1, 1, 1, 1, 1, 1, 1, 1, 1, 1, 1, 1, 1, 1, 1, 1, 1, 1, 1, 1, 1, 1, 1, 1, 1, 1, 1, 1, 1, 4 ),
 ( 2, 2 ),
 ( 0.0000000000000000000, 0.01896963721235623776, 0.03684034007680377781, 0.05363541345938673682, 0.06980683320512162671, 0.08505734143589116503, 0.09981558289693183428, 0.1140766110101989889, 0.1280247482881378962, 0.1557509365080439190, 0.1840838181307571930, 0.2138929585622943996, 0.2456524615522123201, 0.2768913951580695421, 0.3050798050033765030, 0.3305895681386530893, 0.3537127953842153505, 0.3750944523677425257, 0.3955313776239964274, 0.4147501343343142910, 0.4330879330758811707, 0.4512556153326134911, 0.4701155783352344852, 0.4901996834268591563, 0.5117585802951777341, 0.5348497856468035216, 0.5603243028311361007, 0.5881142765529850935, 0.6186914418350497602, 0.6494310865559863588, 0.6780294787034567561, 0.7047831093159802052, 0.7299050770518322739, 0.7536329646167444496, 0.7763247418582140957, 0.7984624024834479084, 0.8202244335740102033, 0.8416493045756039404, 0.8626147261795267251, 0.8834080170508170626, 0.9046905696445970424, 0.9268192755088797696, 0.9499933036506392758, 0.9743070173556438451, 1.000000000000000000 ),
 ( 0.0000000000000000000, 1.000000000000000000 ),
 .UNSPECIFIED. ) ;
#3926 = ORIENTED_EDGE ( 'NONE', *, *, #8699, .T. ) ;
#3927 = EDGE_CURVE ( 'NONE', #7888, #5089, #739, .T. ) ;
#3928 = ORIENTED_EDGE ( 'NONE', *, *, #826, .T. ) ;
#3929 =( NAMED_UNIT ( * ) PLANE_ANGLE_UNIT ( ) SI_UNIT ( $, .RADIAN. ) );
#3930 =( GEOMETRIC_REPRESENTATION_CONTEXT ( 3 ) GLOBAL_UNCERTAINTY_ASSIGNED_CONTEXT ( ( #1695 ) ) GLOBAL_UNIT_ASSIGNED_CONTEXT ( ( #6493, #8140, #7462 ) ) REPRESENTATION_CONTEXT ( 'NONE', 'WORKASPACE' ) );
#3931 = SURFACE_STYLE_USAGE ( .BOTH. , #4077 ) ;
#3932 = AXIS2_PLACEMENT_3D ( 'NONE', #3046, #6203, #2894 ) ;
#3933 = LINE ( 'NONE', #4505, #185 ) ;
#3934 = CARTESIAN_POINT ( 'NONE',  ( 0.6255755997965992687, 0.9000000000000000222, 0.05132234542843833874 ) ) ;
#3935 = CARTESIAN_POINT ( 'NONE',  ( 0.1250000000000000000, -0.1000000000000000056, 0.6700000000000000400 ) ) ;
#3936 = DIRECTION ( 'NONE',  ( 1.094750975756891276E-13, 1.000000000000000000, 5.617947312181167687E-13 ) ) ;
#3937 = LINE ( 'NONE', #8645, #6230 ) ;
#3938 = FILL_AREA_STYLE_COLOUR ( '', #6817 ) ;
#3939 = PRESENTATION_LAYER_ASSIGNMENT (  '', '', ( #7105 ) ) ;
#3940 = CARTESIAN_POINT ( 'NONE',  ( 0.5465081551686364891, 0.8999999999999998002, -0.1373044589886688871 ) ) ;
#3941 = ORIENTED_EDGE ( 'NONE', *, *, #9920, .T. ) ;
#3942 = B_SPLINE_CURVE_WITH_KNOTS ( 'NONE', 3,
 ( #9045, #378, #216, #1892, #4937, #319, #5042, #4275, #3486, #8252, #7471, #5863, #4321, #6649, #8300 ),
 .UNSPECIFIED., .F., .F.,
 ( 4, 1, 1, 1, 1, 1, 1, 1, 1, 1, 1, 1, 4 ),
 ( 0.0000000000000000000, 0.1145105498247864784, 0.2302031866621340739, 0.3471693992089874836, 0.4688404420012889373, 0.5311804737393308606, 0.5938148586756558656, 0.6568022517791173298, 0.7215569478898301581, 0.7875450307650617709, 0.8561245034591701275, 0.9266314737662006973, 1.000000000000000000 ),
 .UNSPECIFIED. ) ;
#3943 = DIRECTION ( 'NONE',  ( -0.0000000000000000000, 1.000000000000000000, -0.0000000000000000000 ) ) ;
#3944 = CARTESIAN_POINT ( 'NONE',  ( 0.3436906307670593019, 0.6999999999999998446, -0.06516383769802204518 ) ) ;
#3945 = DIRECTION ( 'NONE',  ( 0.0000000000000000000, 0.0000000000000000000, 1.000000000000000000 ) ) ;
#3946 = CARTESIAN_POINT ( 'NONE',  ( 0.2342002202765953722, 0.9000000000000000222, -0.1160972739496143324 ) ) ;
#3947 = SURFACE_STYLE_USAGE ( .BOTH. , #6271 ) ;
#3948 = CARTESIAN_POINT ( 'NONE',  ( 0.6394698972825457739, 0.6999999999999999556, -0.07353450863197949494 ) ) ;
#3949 = VERTEX_POINT ( 'NONE', #7073 ) ;
#3950 = ORIENTED_EDGE ( 'NONE', *, *, #4343, .F. ) ;
#3951 = LINE ( 'NONE', #1731, #4680 ) ;
#3952 = CARTESIAN_POINT ( 'NONE',  ( -0.7668175423183437589, 0.6999999999999998446, -0.1728068821439928959 ) ) ;
#3953 = EDGE_LOOP ( 'NONE', ( #3682, #146, #9672, #3173 ) ) ;
#3954 = CARTESIAN_POINT ( 'NONE',  ( 0.8711519721556796325, 0.7000000000000000666, 0.03704231484631621829 ) ) ;
#3955 = ADVANCED_FACE ( 'NONE', ( #10259, #3123 ), #406, .T. ) ;
#3956 = CARTESIAN_POINT ( 'NONE',  ( 1.055259370966756149, 0.6999999999999999556, -0.2138853858249619433 ) ) ;
#3957 = CARTESIAN_POINT ( 'NONE',  ( 0.8736379836599916793, 0.8999999999999999112, -0.1389509197427621079 ) ) ;
#3958 = CARTESIAN_POINT ( 'NONE',  ( 0.3579099520953782920, 0.9000000000000000222, 0.05266132601251526102 ) ) ;
#3959 = CARTESIAN_POINT ( 'NONE',  ( 0.6811938533527094330, 0.9000000000000002442, -0.1681884475305138460 ) ) ;
#3960 = CARTESIAN_POINT ( 'NONE',  ( 0.8590296942791876278, 0.8999999999999998002, -0.04399283944731290780 ) ) ;
#3961 = CARTESIAN_POINT ( 'NONE',  ( 0.7638416448643570167, 0.7000000000000000666, 0.07591974514482906222 ) ) ;
#3962 = FILL_AREA_STYLE ('',( #7147 ) ) ;
#3963 = CARTESIAN_POINT ( 'NONE',  ( -0.7964597906323790388, 0.8999999999999999112, -0.08910725197148780530 ) ) ;
#3964 = CARTESIAN_POINT ( 'NONE',  ( -0.7934061127298297489, 0.6999999999999996225, -0.004352027052458925724 ) ) ;
#3965 = CARTESIAN_POINT ( 'NONE',  ( 0.8944283462434059473, 0.9000000000000001332, -0.05887469734024926293 ) ) ;
#3966 = ADVANCED_FACE ( 'NONE', ( #130, #1985 ), #2447, .T. ) ;
#3967 = CARTESIAN_POINT ( 'NONE',  ( 1.085354557929775421, 0.6999999999999999556, -0.03467967968997766326 ) ) ;
#3968 = CARTESIAN_POINT ( 'NONE',  ( -0.3973722079806121243, 0.6999999999999999556, -0.05423626301794440968 ) ) ;
#3969 = DIRECTION ( 'NONE',  ( -1.000000000000000000, 0.0000000000000000000, -0.0000000000000000000 ) ) ;
#3970 = EDGE_LOOP ( 'NONE', ( #5013, #788 ) ) ;
#3971 =( GEOMETRIC_REPRESENTATION_CONTEXT ( 3 ) GLOBAL_UNCERTAINTY_ASSIGNED_CONTEXT ( ( #2517 ) ) GLOBAL_UNIT_ASSIGNED_CONTEXT ( ( #690, #3740, #1317 ) ) REPRESENTATION_CONTEXT ( 'NONE', 'WORKASPACE' ) );
#3972 = ORIENTED_EDGE ( 'NONE', *, *, #7502, .T. ) ;
#3973 = FILL_AREA_STYLE_COLOUR ( '', #1134 ) ;
#3974 = CARTESIAN_POINT ( 'NONE',  ( 0.03420673938780895845, 0.9000000000000000222, -0.01213099986004967552 ) ) ;
#3975 = FILL_AREA_STYLE_COLOUR ( '', #1214 ) ;
#3976 = CARTESIAN_POINT ( 'NONE',  ( 1.107839107813725077, 0.9000000000000003553, -0.1199916250560109643 ) ) ;
#3977 = CARTESIAN_POINT ( 'NONE',  ( 0.6580096532611542370, 0.7000000000000000666, 0.006483180050141718748 ) ) ;
#3978 = CARTESIAN_POINT ( 'NONE',  ( 0.6896762315056751413, 0.7000000000000000666, 0.03168865755623485186 ) ) ;
#3979 = COLOUR_RGB ( '',1.000000000000000000, 0.9607843137254902244, 0.4549019607843137192 ) ;
#3980 = CARTESIAN_POINT ( 'NONE',  ( 0.8224598189183341956, 0.6999999999999998446, 0.05586581114603456077 ) ) ;
#3981 = CARTESIAN_POINT ( 'NONE',  ( 0.4406349619690812514, 0.8999999999999998002, 0.009396725539405277258 ) ) ;
#3982 = CARTESIAN_POINT ( 'NONE',  ( 0.6096072233020546349, 0.7000000000000000666, -0.09193149816508756900 ) ) ;
#3983 = CARTESIAN_POINT ( 'NONE',  ( 0.9249999999999998224, 0.0000000000000000000, 0.8750000000000001110 ) ) ;
#3984 = CARTESIAN_POINT ( 'NONE',  ( 0.5869832561131551607, 0.6999999999999995115, 0.05542553893573530510 ) ) ;
#3985 = ADVANCED_FACE ( 'NONE', ( #3797 ), #9580, .F. ) ;
#3986 = CARTESIAN_POINT ( 'NONE',  ( 0.5386343340440670202, 0.8999999999999998002, -0.06875061400778367804 ) ) ;
#3987 = CARTESIAN_POINT ( 'NONE',  ( -0.6564975866073915478, 0.9000000000000001332, -0.1633512811588520020 ) ) ;
#3988 = CARTESIAN_POINT ( 'NONE',  ( 0.2920382406137632114, 0.6999999999999999556, 0.03224449500130015245 ) ) ;
#3989 = PLANE ( 'NONE',  #5219 ) ;
#3990 = FILL_AREA_STYLE_COLOUR ( '', #5147 ) ;
#3991 = ADVANCED_FACE ( 'NONE', ( #8025 ), #4090, .T. ) ;
#3992 = FILL_AREA_STYLE_COLOUR ( '', #518 ) ;
#3993 = VECTOR ( 'NONE', #7984, 1000.000000000000000 ) ;
#3994 = VERTEX_POINT ( 'NONE', #1961 ) ;
#3995 = CARTESIAN_POINT ( 'NONE',  ( 1.123776642647587920, 0.6999999999999999556, -0.1894188947965035619 ) ) ;
#3996 = CARTESIAN_POINT ( 'NONE',  ( -0.7809842737169228055, 0.8999999999999998002, -0.1549585678156302493 ) ) ;
#3997 = PRESENTATION_LAYER_ASSIGNMENT (  '', '', ( #3172 ) ) ;
#3998 = ORIENTED_EDGE ( 'NONE', *, *, #7562, .F. ) ;
#3999 = ORIENTED_EDGE ( 'NONE', *, *, #8699, .F. ) ;
#4000 = CARTESIAN_POINT ( 'NONE',  ( 0.6512033909106906826, 0.9000000000000001332, -0.2040689775846445397 ) ) ;
#4001 = CARTESIAN_POINT ( 'NONE',  ( 0.6049135189939582880, 0.6999999999999999556, -0.1860197224330941979 ) ) ;
#4002 = VECTOR ( 'NONE', #4225, 1000.000000000000000 ) ;
#4003 = CARTESIAN_POINT ( 'NONE',  ( 0.5659619813627544405, 0.7000000000000000666, 0.08638838197276381414 ) ) ;
#4004 = CARTESIAN_POINT ( 'NONE',  ( -0.8394774711385067922, 0.6999999999999999556, -0.05423626301794440968 ) ) ;
#4005 = CARTESIAN_POINT ( 'NONE',  ( 0.8693869070253344988, 0.8999999999999998002, -0.1636676406171664322 ) ) ;
#4006 = SURFACE_STYLE_USAGE ( .BOTH. , #10274 ) ;
#4007 = CARTESIAN_POINT ( 'NONE',  ( 1.110213391794864890, 0.8999999999999996891, -0.04515084218308483555 ) ) ;
#4008 = CARTESIAN_POINT ( 'NONE',  ( 0.8590296942791876278, 0.6999999999999997335, -0.04399283944731290780 ) ) ;
#4009 = AXIS2_PLACEMENT_3D ( 'NONE', #9433, #2307, #5435 ) ;
#4010 = CARTESIAN_POINT ( 'NONE',  ( 0.0000000000000000000, -0.1000000000000000056, 0.6700000000000000400 ) ) ;
#4011 = COLOUR_RGB ( '',1.000000000000000000, 0.9607843137254902244, 0.4549019607843137192 ) ;
#4012 = EDGE_CURVE ( 'NONE', #9040, #9476, #5118, .T. ) ;
#4013 = DIRECTION ( 'NONE',  ( 0.0000000000000000000, 0.0000000000000000000, -1.000000000000000000 ) ) ;
#4014 = CARTESIAN_POINT ( 'NONE',  ( 1.399999999999999689, 0.0000000000000000000, 0.6250000000000001110 ) ) ;
#4015 = CARTESIAN_POINT ( 'NONE',  ( 0.8736414288910075987, 0.6999999999999998446, -0.1390211194399857131 ) ) ;
#4016 = CARTESIAN_POINT ( 'NONE',  ( 0.9186343919888205756, 0.6999999999999999556, -0.001671787047768858846 ) ) ;
#4017 = STYLED_ITEM ( 'NONE', ( #3882 ), #10239 ) ;
#4018 = FACE_OUTER_BOUND ( 'NONE', #6629, .T. ) ;
#4019 = LINE ( 'NONE', #5419, #9840 ) ;
#4020 = STYLED_ITEM ( 'NONE', ( #3352 ), #686 ) ;
#4021 = ORIENTED_EDGE ( 'NONE', *, *, #4395, .F. ) ;
#4022 = CARTESIAN_POINT ( 'NONE',  ( 0.3356999380836635516, 0.9000000000000002442, 0.03541353917541952001 ) ) ;
#4023 = EDGE_CURVE ( 'NONE', #2606, #8895, #4190, .T. ) ;
#4024 = FILL_AREA_STYLE_COLOUR ( '', #9563 ) ;
#4025 = PRESENTATION_STYLE_ASSIGNMENT (( #8016 ) ) ;
#4026 = DIRECTION ( 'NONE',  ( 0.0000000000000000000, 0.0000000000000000000, 1.000000000000000000 ) ) ;
#4027 = FACE_OUTER_BOUND ( 'NONE', #6067, .T. ) ;
#4028 = FACE_OUTER_BOUND ( 'NONE', #6832, .T. ) ;
#4029 = CARTESIAN_POINT ( 'NONE',  ( 0.6743915611714897951, 0.6999999999999998446, -0.05508091743133427393 ) ) ;
#4030 = PLANE ( 'NONE',  #2436 ) ;
#4031 = CARTESIAN_POINT ( 'NONE',  ( 0.4296674923602198937, 0.6999999999999999556, 0.03546007788936871019 ) ) ;
#4032 = CARTESIAN_POINT ( 'NONE',  ( 0.5464874411421946077, 0.6999999999999998446, -0.1402011752986460913 ) ) ;
#4033 = CARTESIAN_POINT ( 'NONE',  ( 0.5699258442799823854, 0.8999999999999998002, -0.09712204233841074952 ) ) ;
#4034 = EDGE_LOOP ( 'NONE', ( #8615, #9781, #1607, #4629 ) ) ;
#4035 = COLOUR_RGB ( '',1.000000000000000000, 0.9607843137254902244, 0.4549019607843137192 ) ;
#4036 = ADVANCED_FACE ( 'NONE', ( #5068 ), #9218, .F. ) ;
#4037 = CARTESIAN_POINT ( 'NONE',  ( 0.7715800471502924918, 0.6999999999999996225, -0.1314927984018289253 ) ) ;
#4038 = CARTESIAN_POINT ( 'NONE',  ( 0.5441120587608433423, 0.9000000000000002442, -0.07223184338299971918 ) ) ;
#4039 = CARTESIAN_POINT ( 'NONE',  ( -0.6927676280481902538, 0.8999999999999998002, -0.2062021983103295153 ) ) ;
#4040 = CARTESIAN_POINT ( 'NONE',  ( 0.5990297557975292619, 0.9000000000000000222, -0.1861417119858499170 ) ) ;
#4041 = CARTESIAN_POINT ( 'NONE',  ( 0.8671901142088176417, 0.9000000000000000222, -0.1675965103596914474 ) ) ;
#4042 = CARTESIAN_POINT ( 'NONE',  ( -0.1250000000000000000, -0.1000000000000000056, 1.149999999999999911 ) ) ;
#4043 = STYLED_ITEM ( 'NONE', ( #857 ), #1986 ) ;
#4044 = PLANE ( 'NONE',  #7004 ) ;
#4045 = EDGE_LOOP ( 'NONE', ( #5868, #3999, #6909, #5337 ) ) ;
#4046 = VERTEX_POINT ( 'NONE', #3821 ) ;
#4047 = CARTESIAN_POINT ( 'NONE',  ( 1.102551906276452609, 0.9000000000000000222, -0.2044475518159901695 ) ) ;
#4048 = CARTESIAN_POINT ( 'NONE',  ( -0.6482494009630682674, 0.6999999999999999556, -0.1068678419653128070 ) ) ;
#4049 = ORIENTED_EDGE ( 'NONE', *, *, #1075, .T. ) ;
#4050 = CARTESIAN_POINT ( 'NONE',  ( 0.6848300568039423775, 0.9000000000000002442, -0.1496795249161753938 ) ) ;
#4051 = B_SPLINE_CURVE_WITH_KNOTS ( 'NONE', 3,
 ( #620, #9223, #5172, #3777, #6959, #1301, #7650, #6904, #5272, #2190, #10098, #5941, #8384, #1205, #3668, #2953, #8542, #3002, #512, #9119, #4352, #1251, #4563, #4401, #1966, #407, #5121, #10049, #7601, #9275, #456, #8333, #3567, #2139, #9941, #9427, #7818, #6261, #5430, #2581, #2348, #1569, #5478 ),
 .UNSPECIFIED., .F., .F.,
 ( 4, 1, 1, 1, 1, 1, 1, 1, 1, 1, 1, 1, 1, 1, 1, 1, 1, 1, 1, 1, 1, 1, 1, 1, 1, 1, 1, 1, 1, 1, 1, 1, 1, 1, 1, 1, 1, 1, 1, 1, 4 ),
 ( 0.0000000000000000000, 0.02310655745183660265, 0.04493778211948973311, 0.06559310560340722573, 0.08517896892588328051, 0.1047905104735522286, 0.1252320910269108800, 0.1469470460336302353, 0.1701293790964912289, 0.1941954524610784993, 0.2191420802036596338, 0.2453747798325798257, 0.2732971065415062961, 0.3026794051878496927, 0.3333104261819230252, 0.3660737914683202532, 0.4013869195884494645, 0.4202565777883758846, 0.4403368648300601818, 0.4617676377950120647, 0.4847019535981937355, 0.5090853124608456515, 0.5351728550914305327, 0.5627920512748924020, 0.5922080675368144309, 0.6079502837830339512, 0.6249051695661225203, 0.6433191633361934336, 0.6629143680884486134, 0.6838716731463639897, 0.7060521752309589782, 0.7295643714080979336, 0.7543028946550054403, 0.7805140756210217079, 0.8080636114113352031, 0.8367079237927154134, 0.8667162510493995331, 0.8982006835418385737, 0.9307824786369083281, 0.9647093357041035544, 1.000000000000000000 ),
 .UNSPECIFIED. ) ;
#4052 = EDGE_CURVE ( 'NONE', #5390, #1527, #10242, .T. ) ;
#4053 = STYLED_ITEM ( 'NONE', ( #3350 ), #2150 ) ;
#4054 = CARTESIAN_POINT ( 'NONE',  ( 0.6498796893983066481, 0.9000000000000002442, 0.08034611070217456685 ) ) ;
#4055 = FACE_OUTER_BOUND ( 'NONE', #7731, .T. ) ;
#4056 = CARTESIAN_POINT ( 'NONE',  ( 0.8451533862042696077, 0.6999999999999997335, -0.1833162086894177534 ) ) ;
#4057 = LINE ( 'NONE', #2421, #2367 ) ;
#4058 = ORIENTED_EDGE ( 'NONE', *, *, #6661, .T. ) ;
#4059 = CARTESIAN_POINT ( 'NONE',  ( 0.8404787620965757933, 0.9000000000000001332, -0.05263561285479319979 ) ) ;
#4060 = MECHANICAL_DESIGN_GEOMETRIC_PRESENTATION_REPRESENTATION (  '', ( #757 ), #6885 ) ;
#4061 = ORIENTED_EDGE ( 'NONE', *, *, #5053, .T. ) ;
#4062 = CARTESIAN_POINT ( 'NONE',  ( 0.7718624257998166760, 0.6999999999999997335, 0.08032380882156076041 ) ) ;
#4063 = LINE ( 'NONE', #5755, #8065 ) ;
#4064 = CARTESIAN_POINT ( 'NONE',  ( 1.066055317472413000, 0.6999999999999999556, -0.06644192124498708718 ) ) ;
#4065 = CARTESIAN_POINT ( 'NONE',  ( -0.7377230851735946393, 0.7000000000000000666, 0.08962338610486260404 ) ) ;
#4066 = CARTESIAN_POINT ( 'NONE',  ( 0.8737238832981831793, 0.6999999999999999556, -0.1445432502515861806 ) ) ;
#4067 = CARTESIAN_POINT ( 'NONE',  ( 0.1447330551772826601, 0.9000000000000001332, -0.2191485437196987740 ) ) ;
#4068 = DIRECTION ( 'NONE',  ( 1.000000000000000000, 0.0000000000000000000, 0.0000000000000000000 ) ) ;
#4069 = ADVANCED_FACE ( 'NONE', ( #9269 ), #7003, .T. ) ;
#4070 = CARTESIAN_POINT ( 'NONE',  ( 0.8910656777569824216, 0.6999999999999999556, -0.09222156738872494541 ) ) ;
#4071 = CARTESIAN_POINT ( 'NONE',  ( 0.3682818425568087362, 0.9000000000000002442, -0.1043662139032797836 ) ) ;
#4072 = CARTESIAN_POINT ( 'NONE',  ( -0.7411738841510963072, 0.6999999999999999556, 0.08953287782178512288 ) ) ;
#4073 = CARTESIAN_POINT ( 'NONE',  ( -0.7377230851735945283, 0.9000000000000000222, 0.05629005277152926423 ) ) ;
#4074 = STYLED_ITEM ( 'NONE', ( #9943 ), #4269 ) ;
#4075 = ORIENTED_EDGE ( 'NONE', *, *, #4481, .T. ) ;
#4076 = CARTESIAN_POINT ( 'NONE',  ( -1.499999999999999778, 0.9000000000000000222, 1.250000000000000000 ) ) ;
#4077 = SURFACE_SIDE_STYLE ('',( #777 ) ) ;
#4078 = CARTESIAN_POINT ( 'NONE',  ( 1.101911333951356875, 0.7000000000000002887, -0.08925205368102134829 ) ) ;
#4079 = DIRECTION ( 'NONE',  ( 0.0000000000000000000, -0.0000000000000000000, -1.000000000000000000 ) ) ;
#4080 =( GEOMETRIC_REPRESENTATION_CONTEXT ( 3 ) GLOBAL_UNCERTAINTY_ASSIGNED_CONTEXT ( ( #5610 ) ) GLOBAL_UNIT_ASSIGNED_CONTEXT ( ( #4394, #7388, #10193 ) ) REPRESENTATION_CONTEXT ( 'NONE', 'WORKASPACE' ) );
#4081 = DIRECTION ( 'NONE',  ( 0.0000000000000000000, 1.000000000000000000, 0.0000000000000000000 ) ) ;
#4082 = EDGE_CURVE ( 'NONE', #8387, #7863, #5312, .T. ) ;
#4083 = DIRECTION ( 'NONE',  ( 0.1911021538340951509, 0.0000000000000000000, -0.9815701537842160818 ) ) ;
#4084 =( LENGTH_UNIT ( ) NAMED_UNIT ( * ) SI_UNIT ( .MILLI., .METRE. ) );
#4085 = DIRECTION ( 'NONE',  ( -1.000000000000000000, 0.0000000000000000000, 0.0000000000000000000 ) ) ;
#4086 = ORIENTED_EDGE ( 'NONE', *, *, #3109, .F. ) ;
#4087 = VECTOR ( 'NONE', #5358, 1000.000000000000227 ) ;
#4088 = CARTESIAN_POINT ( 'NONE',  ( 0.6250000000000000000, -0.1000000000000000056, -0.6700000000000000400 ) ) ;
#4089 = PRESENTATION_LAYER_ASSIGNMENT (  '', '', ( #2929 ) ) ;
#4090 = B_SPLINE_SURFACE_WITH_KNOTS ( 'NONE', 3, 1, ( 
 ( #6527, #2552 ),
 ( #8964, #1818 ),
 ( #4037, #7276 ),
 ( #7227, #8077 ),
 ( #693, #10168 ),
 ( #5575, #4091 ),
 ( #139, #2265 ),
 ( #3023, #3305 ),
 ( #6469, #10217 ),
 ( #5396, #3508 ),
 ( #9114, #347 ),
 ( #2079, #6622 ),
 ( #7543, #5168 ),
 ( #1146, #4243 ),
 ( #1095, #399 ),
 ( #5885, #7442 ),
 ( #9164, #1864 ),
 ( #9014, #7596 ),
 ( #5016, #8279 ),
 ( #6672, #293 ),
 ( #1200, #451 ),
 ( #238, #2743 ),
 ( #3563, #8224 ),
 ( #2638, #9987 ),
 ( #5777, #5937 ),
 ( #3460, #9831 ),
 ( #2790, #2692 ),
 ( #5837, #2017 ),
 ( #9069, #9878 ),
 ( #6732, #4297 ) ),
 .UNSPECIFIED., .F., .F., .F.,
 ( 4, 1, 1, 1, 1, 1, 1, 1, 1, 1, 1, 1, 1, 1, 1, 1, 1, 1, 1, 1, 1, 1, 1, 1, 1, 1, 1, 4 ),
 ( 2, 2 ),
 ( -7.970869053686158168E-08, 0.02740524723032105800, 0.05503395209103754959, 0.08377220195114452872, 0.1142238255655481788, 0.1299202037005439681, 0.1453459343363628919, 0.1610557224508527285, 0.1772109197982086881, 0.1941500347021351269, 0.2118240675998736555, 0.2306351098182595483, 0.2507635006051835425, 0.2708918913921075644, 0.2899066873408583933, 0.3077809418997917712, 0.3249141191778430193, 0.3414404525715339922, 0.3574949690632406862, 0.3733926337609954627, 0.3895060661075427921, 0.4054724606372513418, 0.4212437877979878786, 0.4368459733576778303, 0.4526266441179075950, 0.4681598439945419687, 0.4841854783496180037, 0.5000000000000026645 ),
 ( 0.0000000000000000000, 1.000000000000000000 ),
 .UNSPECIFIED. ) ;
#4091 = CARTESIAN_POINT ( 'NONE',  ( 0.7822424165730558210, 0.9000000000000000222, -0.1079953606916305431 ) ) ;
#4092 = CARTESIAN_POINT ( 'NONE',  ( 0.3270957517648064861, 0.6999999999999998446, 0.02076163148706105729 ) ) ;
#4093 = CARTESIAN_POINT ( 'NONE',  ( -1.499999999999999778, 0.9000000000000000222, 1.250000000000000000 ) ) ;
#4094 = CARTESIAN_POINT ( 'NONE',  ( 0.3535996509148732203, 0.9000000000000000222, -0.07183904946086906718 ) ) ;
#4095 = CARTESIAN_POINT ( 'NONE',  ( 0.1177655490032506191, 0.9000000000000002442, 0.04946576584958733980 ) ) ;
#4096 = CARTESIAN_POINT ( 'NONE',  ( -0.4605301027174542594, 0.9000000000000000222, -0.1279204735442601715 ) ) ;
#4097 = CARTESIAN_POINT ( 'NONE',  ( 0.5830738833319334402, 0.9000000000000001332, -0.05293438414718563967 ) ) ;
#4098 = PRESENTATION_LAYER_ASSIGNMENT (  '', '', ( #272 ) ) ;
#4099 = CARTESIAN_POINT ( 'NONE',  ( 0.08233486534975680005, 0.6999999999999999556, -0.1883299708531264438 ) ) ;
#4100 = EDGE_CURVE ( 'NONE', #8450, #1235, #329, .T. ) ;
#4101 = ORIENTED_EDGE ( 'NONE', *, *, #5044, .F. ) ;
#4102 = ADVANCED_FACE ( 'NONE', ( #9319 ), #7760, .T. ) ;
#4103 = ORIENTED_EDGE ( 'NONE', *, *, #1683, .T. ) ;
#4104 = CARTESIAN_POINT ( 'NONE',  ( 1.110216017363253371, 0.9000000000000001332, -0.2001703836918412027 ) ) ;
#4105 = CARTESIAN_POINT ( 'NONE',  ( 0.6464368278009859914, 0.7000000000000001776, 0.08177620921791700637 ) ) ;
#4106 = ORIENTED_EDGE ( 'NONE', *, *, #1091, .T. ) ;
#4107 = SURFACE_STYLE_USAGE ( .BOTH. , #8091 ) ;
#4108 = CARTESIAN_POINT ( 'NONE',  ( 0.5574968415561697421, 0.9000000000000001332, -0.2104651057289956551 ) ) ;
#4109 = VECTOR ( 'NONE', #8338, 1000.000000000000000 ) ;
#4110 = CARTESIAN_POINT ( 'NONE',  ( 0.5489401727095739592, 0.9000000000000002442, -0.1566810548650774126 ) ) ;
#4111 = CARTESIAN_POINT ( 'NONE',  ( -0.7034164315381292720, 0.6999999999999996225, 0.08278553142574253398 ) ) ;
#4112 = CARTESIAN_POINT ( 'NONE',  ( 0.5318347114397838915, 0.7000000000000001776, 0.07105688290369374660 ) ) ;
#4113 = CARTESIAN_POINT ( 'NONE',  ( 0.9249999999999997113, -0.1000000000000000056, -0.1250000000000001665 ) ) ;
#4114 = CARTESIAN_POINT ( 'NONE',  ( 1.399999999999999689, 0.0000000000000000000, -0.0000000000000000000 ) ) ;
#4115 = CARTESIAN_POINT ( 'NONE',  ( 0.8693869070253344988, 0.6999999999999996225, -0.1636676406171664322 ) ) ;
#4116 = CARTESIAN_POINT ( 'NONE',  ( 0.4276310135655184141, 0.9000000000000000222, -0.06131941956544862543 ) ) ;
#4117 = CARTESIAN_POINT ( 'NONE',  ( 0.0000000000000000000, -0.1000000000000000056, 0.1250000000000000555 ) ) ;
#4118 = ADVANCED_FACE ( 'NONE', ( #6953 ), #2151, .F. ) ;
#4119 = CARTESIAN_POINT ( 'NONE',  ( 0.7771276850635536748, 0.9000000000000001332, -0.03490043798231575595 ) ) ;
#4120 = PLANE ( 'NONE',  #7651 ) ;
#4121 = DIRECTION ( 'NONE',  ( 0.0000000000000000000, 0.0000000000000000000, -1.000000000000000000 ) ) ;
#4122 = CARTESIAN_POINT ( 'NONE',  ( 1.044733055177282433, 0.6999999999999999556, -0.06476257880741809192 ) ) ;
#4123 = DIRECTION ( 'NONE',  ( -0.0000000000000000000, 1.000000000000000000, -0.0000000000000000000 ) ) ;
#4124 = FILL_AREA_STYLE_COLOUR ( '', #8677 ) ;
#4125 = PRESENTATION_STYLE_ASSIGNMENT (( #5656 ) ) ;
#4126 = CARTESIAN_POINT ( 'NONE',  ( 0.9083628815628277398, 0.9000000000000000222, -0.1308698035821563299 ) ) ;
#4127 = CARTESIAN_POINT ( 'NONE',  ( -0.1973722079806121410, 0.6999999999999999556, -0.05423626301794440968 ) ) ;
#4128 = CARTESIAN_POINT ( 'NONE',  ( -0.7479850488146753129, 0.6999999999999998446, 0.08935423315906276809 ) ) ;
#4129 = CARTESIAN_POINT ( 'NONE',  ( -0.6888779482918809816, 0.8999999999999994671, 0.001177562054787027615 ) ) ;
#4130 = VERTEX_POINT ( 'NONE', #4577 ) ;
#4131 = CARTESIAN_POINT ( 'NONE',  ( 4.279745417705937550E-17, -0.1000000000000000056, 0.3749999999999998335 ) ) ;
#4132 = CARTESIAN_POINT ( 'NONE',  ( 0.0000000000000000000, -0.1000000000000000056, -1.149999999999996581 ) ) ;
#4133 = SURFACE_SIDE_STYLE ('',( #1709 ) ) ;
#4134 = CARTESIAN_POINT ( 'NONE',  ( 0.6481411743430919303, 0.8999999999999999112, -0.03220540040418925359 ) ) ;
#4135 = FILL_AREA_STYLE_COLOUR ( '', #7199 ) ;
#4136 = CARTESIAN_POINT ( 'NONE',  ( 0.6498796893983066481, 0.7000000000000001776, 0.08034611070217456685 ) ) ;
#4137 = PRESENTATION_STYLE_ASSIGNMENT (( #1087 ) ) ;
#4138 = CARTESIAN_POINT ( 'NONE',  ( 0.4363035508179343713, 0.7000000000000001776, 0.02351377578799650550 ) ) ;
#4139 = CARTESIAN_POINT ( 'NONE',  ( 0.4799051138979105180, 0.7000000000000001776, -0.02979514170430172873 ) ) ;
#4140 = VECTOR ( 'NONE', #7851, 1000.000000000000000 ) ;
#4141 = ORIENTED_EDGE ( 'NONE', *, *, #2222, .T. ) ;
#4142 = LINE ( 'NONE', #184, #4673 ) ;
#4143 = ADVANCED_FACE ( 'NONE', ( #1419 ), #8500, .F. ) ;
#4144 = STYLED_ITEM ( 'NONE', ( #9996 ), #7359 ) ;
#4145 = CARTESIAN_POINT ( 'NONE',  ( 0.1736068897081674001, 0.9000000000000001332, -0.01705020912657261370 ) ) ;
#4146 = DIRECTION ( 'NONE',  ( 0.0000000000000000000, 0.0000000000000000000, 1.000000000000000000 ) ) ;
#4147 = CARTESIAN_POINT ( 'NONE',  ( 0.7806250962321841236, 0.9000000000000001332, -0.1699235208540227360 ) ) ;
#4148 = CARTESIAN_POINT ( 'NONE',  ( 1.066055317472413000, 0.9000000000000000222, -0.06644192124498708718 ) ) ;
#4149 = CARTESIAN_POINT ( 'NONE',  ( 0.1043748405510689092, 0.6999999999999996225, -0.2071860935441334206 ) ) ;
#4150 = VERTEX_POINT ( 'NONE', #580 ) ;
#4151 = ORIENTED_EDGE ( 'NONE', *, *, #5657, .T. ) ;
#4152 = CARTESIAN_POINT ( 'NONE',  ( 0.2249209306515034257, 0.8999999999999998002, -0.1859960567173742363 ) ) ;
#4153 = VERTEX_POINT ( 'NONE', #6920 ) ;
#4154 = PRESENTATION_LAYER_ASSIGNMENT (  '', '', ( #1191 ) ) ;
#4155 = PRESENTATION_STYLE_ASSIGNMENT (( #8921 ) ) ;
#4156 = CARTESIAN_POINT ( 'NONE',  ( 0.1076668906576922075, 0.9000000000000001332, 0.01072368743081188180 ) ) ;
#4157 = CARTESIAN_POINT ( 'NONE',  ( 0.5191001160119617097, 0.9000000000000000222, -0.1700630549731481089 ) ) ;
#4158 = CARTESIAN_POINT ( 'NONE',  ( 0.6684960974724165617, 0.6999999999999997335, 0.06688635824830385657 ) ) ;
#4159 = CARTESIAN_POINT ( 'NONE',  ( 0.4558798613314274939, 0.7000000000000001776, -0.08133439561248008431 ) ) ;
#4160 = CARTESIAN_POINT ( 'NONE',  ( 0.6580096532602401904, 0.7000000000000000666, 0.006483180057496948021 ) ) ;
#4161 = MECHANICAL_DESIGN_GEOMETRIC_PRESENTATION_REPRESENTATION (  '', ( #3832 ), #1691 ) ;
#4162 = CARTESIAN_POINT ( 'NONE',  ( 0.7714311015076958933, 0.9000000000000003553, -0.1486365113446471709 ) ) ;
#4163 = CARTESIAN_POINT ( 'NONE',  ( 0.2412242832474579823, 0.6999999999999999556, 0.08436022821012574557 ) ) ;
#4164 = CARTESIAN_POINT ( 'NONE',  ( 0.4057401028750730054, 0.8999999999999998002, 0.05462187028936377892 ) ) ;
#4165 = ADVANCED_FACE ( 'NONE', ( #7025 ), #5388, .T. ) ;
#4166 = EDGE_LOOP ( 'NONE', ( #9057, #9957, #5871 ) ) ;
#4167 = LINE ( 'NONE', #4010, #9807 ) ;
#4168 = VECTOR ( 'NONE', #10194, 1000.000000000000000 ) ;
#4169 = ADVANCED_FACE ( 'NONE', ( #845 ), #3167, .T. ) ;
#4170 = DIRECTION ( 'NONE',  ( 1.000000000000000000, 0.0000000000000000000, 0.0000000000000000000 ) ) ;
#4171 = CARTESIAN_POINT ( 'NONE',  ( 1.092153710913561726, 0.6999999999999999556, -0.07692235706989913879 ) ) ;
#4172 = CARTESIAN_POINT ( 'NONE',  ( 0.9065775851548998343, 0.7000000000000002887, 0.04796074110148960262 ) ) ;
#4173 = CARTESIAN_POINT ( 'NONE',  ( -0.6868458921911384518, 0.6999999999999999556, -0.1068678419653128070 ) ) ;
#4174 = CARTESIAN_POINT ( 'NONE',  ( 0.9024321519415537951, 0.8999999999999998002, -0.1764029346301912160 ) ) ;
#4175 = CARTESIAN_POINT ( 'NONE',  ( 0.6255755997965992687, 0.9000000000000001332, 0.05132234542843833874 ) ) ;
#4176 = CARTESIAN_POINT ( 'NONE',  ( -0.8230266520201979796, 0.8999999999999999112, 0.03563307961769913296 ) ) ;
#4177 = CARTESIAN_POINT ( 'NONE',  ( -0.7282793445112604180, 0.8999999999999998002, 0.05519195565477232057 ) ) ;
#4178 = ORIENTED_EDGE ( 'NONE', *, *, #6798, .T. ) ;
#4179 = EDGE_CURVE ( 'NONE', #6281, #7463, #7181, .T. ) ;
#4180 = PLANE ( 'NONE',  #7394 ) ;
#4181 = PRESENTATION_LAYER_ASSIGNMENT (  '', '', ( #4017 ) ) ;
#4182 = CARTESIAN_POINT ( 'NONE',  ( 1.105833814659736403, 0.7000000000000000666, -0.1007696268097383330 ) ) ;
#4183 = CARTESIAN_POINT ( 'NONE',  ( 0.5639303360444291036, 0.6999999999999997335, -0.04490989065077138215 ) ) ;
#4184 = LINE ( 'NONE', #16, #5565 ) ;
#4185 = DIRECTION ( 'NONE',  ( -1.000000000000000000, 0.0000000000000000000, 0.0000000000000000000 ) ) ;
#4186 = CARTESIAN_POINT ( 'NONE',  ( 0.4311550394404323194, 0.7000000000000001776, -0.05761116026384170002 ) ) ;
#4187 = AXIS2_PLACEMENT_3D ( 'NONE', #5434, #8598, #6163 ) ;
#4188 = ORIENTED_EDGE ( 'NONE', *, *, #7823, .F. ) ;
#4189 = CARTESIAN_POINT ( 'NONE',  ( 0.9640313007913173804, 0.9000000000000000222, -0.2138853858249619433 ) ) ;
#4190 = LINE ( 'NONE', #3410, #2105 ) ;
#4191 = DIRECTION ( 'NONE',  ( -0.0000000000000000000, 1.000000000000000000, -0.0000000000000000000 ) ) ;
#4192 = CARTESIAN_POINT ( 'NONE',  ( 0.3251619030596976101, 0.6999999999999998446, 0.01533359062074406490 ) ) ;
#4193 = LINE ( 'NONE', #4096, #1224 ) ;
#4194 = CARTESIAN_POINT ( 'NONE',  ( 0.7735015762183455879, 0.9000000000000000222, -0.1566810548650774126 ) ) ;
#4195 = CARTESIAN_POINT ( 'NONE',  ( 0.6404901916230966163, 0.9000000000000000222, -0.03954593313095176865 ) ) ;
#4196 = CARTESIAN_POINT ( 'NONE',  ( 0.7455909629108458114, 0.8999999999999998002, -0.05247184290646532412 ) ) ;
#4197 = CARTESIAN_POINT ( 'NONE',  ( 1.099115773067611324, 0.8999999999999998002, -0.1607903596804801938 ) ) ;
#4198 = EDGE_CURVE ( 'NONE', #4130, #6329, #1844, .T. ) ;
#4199 = ORIENTED_EDGE ( 'NONE', *, *, #8842, .T. ) ;
#4200 = DIRECTION ( 'NONE',  ( 0.0000000000000000000, 0.0000000000000000000, 1.000000000000000000 ) ) ;
#4201 = ORIENTED_EDGE ( 'NONE', *, *, #3434, .F. ) ;
#4202 = DIRECTION ( 'NONE',  ( -0.0000000000000000000, 1.000000000000000000, -0.0000000000000000000 ) ) ;
#4203 = CARTESIAN_POINT ( 'NONE',  ( 0.3394698972825455074, 0.6999999999999998446, 0.03965587473384245970 ) ) ;
#4204 = CARTESIAN_POINT ( 'NONE',  ( -0.7359686992086823532, 0.9000000000000000222, -0.1840608244214531619 ) ) ;
#4205 = CARTESIAN_POINT ( 'NONE',  ( 0.9249999999999996003, -0.1000000000000000056, 4.011548038196364434E-16 ) ) ;
#4206 =( GEOMETRIC_REPRESENTATION_CONTEXT ( 3 ) GLOBAL_UNCERTAINTY_ASSIGNED_CONTEXT ( ( #3435 ) ) GLOBAL_UNIT_ASSIGNED_CONTEXT ( ( #5913, #376, #9962 ) ) REPRESENTATION_CONTEXT ( 'NONE', 'WORKASPACE' ) );
#4207 = CARTESIAN_POINT ( 'NONE',  ( 0.5085333076339983993, 0.9000000000000003553, 0.03608327600374149763 ) ) ;
#4208 = CARTESIAN_POINT ( 'NONE',  ( 0.4558798613314274939, 0.9000000000000002442, -0.08133439561248008431 ) ) ;
#4209 = CARTESIAN_POINT ( 'NONE',  ( -0.8235677310519459171, 0.6999999999999999556, -0.1540822824573906957 ) ) ;
#4210 = CARTESIAN_POINT ( 'NONE',  ( 0.7806250962321841236, 0.6999999999999999556, -0.1699235208540227360 ) ) ;
#4211 = DIRECTION ( 'NONE',  ( 0.5394269906817059645, 0.0000000000000000000, -0.8420323756982736052 ) ) ;
#4212 = VERTEX_POINT ( 'NONE', #5737 ) ;
#4213 = CARTESIAN_POINT ( 'NONE',  ( -0.3973722079806121243, 0.9000000000000000222, -0.08230643845654088409 ) ) ;
#4214 = PLANE ( 'NONE',  #1174 ) ;
#4215 = AXIS2_PLACEMENT_3D ( 'NONE', #10182, #2225, #1284 ) ;
#4216 = B_SPLINE_SURFACE_WITH_KNOTS ( 'NONE', 3, 1, ( 
 ( #8242, #9645 ),
 ( #9744, #7295 ),
 ( #3324, #3425 ),
 ( #5694, #2519 ),
 ( #5642, #8137 ),
 ( #7460, #1064 ),
 ( #5747, #309 ),
 ( #155, #4926 ),
 ( #8982, #1789 ),
 ( #1833, #2711 ),
 ( #9693, #6593 ),
 ( #254, #4979 ),
 ( #1009, #9033 ),
 ( #4159, #4208 ),
 ( #206, #3474 ),
 ( #1110, #9799 ),
 ( #9848, #6636 ),
 ( #7406, #2654 ),
 ( #5795, #1881 ),
 ( #5853, #9081 ),
 ( #1927, #7908 ),
 ( #7506, #521 ),
 ( #3578, #6112 ),
 ( #5130, #7662 ),
 ( #7612, #4465 ),
 ( #5903, #366 ),
 ( #9336, #417 ),
 ( #1311, #10061 ),
 ( #2036, #5182 ),
 ( #8342, #3678 ),
 ( #10002, #1217 ),
 ( #6858, #577 ),
 ( #2857, #8392 ),
 ( #9178, #6916 ),
 ( #9953, #4362 ),
 ( #8497, #6747 ),
 ( #1160, #5085 ),
 ( #7558, #1262 ),
 ( #3527, #3731 ),
 ( #6692, #2912 ),
 ( #1976, #2801 ),
 ( #4412, #6060 ),
 ( #6012, #8292 ),
 ( #5954, #10109 ),
 ( #4310, #466 ),
 ( #9232, #2090 ),
 ( #7720, #3625 ),
 ( #2963, #6794 ),
 ( #5233, #9284 ),
 ( #2147, #9897 ),
 ( #2760, #8446 ),
 ( #5279, #1360 ),
 ( #4518, #9130 ),
 ( #3988, #3840 ),
 ( #7022, #4624 ),
 ( #7177, #5488 ),
 ( #10208, #8760 ),
 ( #3061, #4724 ),
 ( #5384, #8655 ) ),
 .UNSPECIFIED., .F., .F., .F.,
 ( 4, 1, 1, 1, 1, 1, 1, 1, 1, 1, 1, 1, 1, 1, 1, 1, 1, 1, 1, 1, 1, 1, 1, 1, 1, 1, 1, 1, 1, 1, 1, 1, 1, 1, 1, 1, 1, 1, 1, 1, 1, 1, 1, 1, 1, 1, 1, 1, 1, 1, 1, 1, 1, 1, 1, 1, 4 ),
 ( 2, 2 ),
 ( 0.0000000000000000000, 0.02339060017219310450, 0.04517986543185938814, 0.06560851666955329342, 0.08481673395408259597, 0.1028215277340060324, 0.1199493035969553673, 0.1364306057304524311, 0.1524681571679053493, 0.1679728364055787515, 0.1825350919767174951, 0.1964170808566476356, 0.2095718663239099777, 0.2220688583914118275, 0.2340882851388991492, 0.2455968413222376634, 0.2567677404238422612, 0.2786946680820042710, 0.3008585057422885067, 0.3232618719071513880, 0.3462640184278400479, 0.3694422876909643771, 0.3926202032142966369, 0.4158504136314967736, 0.4393877743124520729, 0.4631470269356309788, 0.4873710522443753246, 0.5124727293572427511, 0.5387323911679382515, 0.5521933792517128570, 0.5657967515018456073, 0.5798302936873204194, 0.5942414356984750956, 0.6092675608163371503, 0.6248655584144788833, 0.6413095076961483620, 0.6586541958282371434, 0.6760738827576544541, 0.6927387256340344912, 0.7089592788270964174, 0.7246855322183991532, 0.7398728509457501712, 0.7548967933028343236, 0.7695253357635453151, 0.7841314417962345074, 0.7984117032029630634, 0.8123720238610163680, 0.8260595167059100463, 0.8395661096230383480, 0.8530890826305731478, 0.8666628895116406106, 0.8803509813584314836, 0.8944282736516604437, 0.9222586171127556964, 0.9489041680028120762, 0.9747702830266540275, 1.000000000000000000 ),
 ( 0.0000000000000000000, 1.000000000000000000 ),
 .UNSPECIFIED. ) ;
#4217 = CARTESIAN_POINT ( 'NONE',  ( 1.099115773067611324, 0.6999999999999998446, -0.08452427161856636284 ) ) ;
#4218 = DIRECTION ( 'NONE',  ( -0.0000000000000000000, 1.000000000000000000, -0.0000000000000000000 ) ) ;
#4219 = VECTOR ( 'NONE', #6285, 1000.000000000000000 ) ;
#4220 = DIRECTION ( 'NONE',  ( 0.0000000000000000000, 0.0000000000000000000, -1.000000000000000000 ) ) ;
#4221 = CARTESIAN_POINT ( 'NONE',  ( 0.1250000000000000000, -0.1000000000000000056, 0.6700000000000000400 ) ) ;
#4222 = CARTESIAN_POINT ( 'NONE',  ( 0.8640313007913175136, 0.6999999999999998446, -0.07353450863197949494 ) ) ;
#4223 = DIRECTION ( 'NONE',  ( -1.000000000000000000, 0.0000000000000000000, -0.0000000000000000000 ) ) ;
#4224 = SURFACE_STYLE_USAGE ( .BOTH. , #3544 ) ;
#4225 = DIRECTION ( 'NONE',  ( -0.0000000000000000000, 1.000000000000000000, -0.0000000000000000000 ) ) ;
#4226 = ADVANCED_FACE ( 'NONE', ( #9837 ), #956, .T. ) ;
#4227 = EDGE_CURVE ( 'NONE', #4153, #7001, #3260, .T. ) ;
#4228 = CARTESIAN_POINT ( 'NONE',  ( 0.0000000000000000000, -0.1000000000000000056, -0.6700000000000000400 ) ) ;
#4229 = LINE ( 'NONE', #2059, #7825 ) ;
#4230 = EDGE_LOOP ( 'NONE', ( #4315, #4861, #10180, #6221 ) ) ;
#4231 = VECTOR ( 'NONE', #3510, 1000.000000000000000 ) ;
#4232 = CARTESIAN_POINT ( 'NONE',  ( 1.095964756694027820, 0.6999999999999998446, -0.1649584851248640516 ) ) ;
#4233 = PLANE ( 'NONE',  #9531 ) ;
#4234 = FILL_AREA_STYLE_COLOUR ( '', #8328 ) ;
#4235 =( LENGTH_UNIT ( ) NAMED_UNIT ( * ) SI_UNIT ( .MILLI., .METRE. ) );
#4236 = CARTESIAN_POINT ( 'NONE',  ( -0.1973722079806121410, 0.6999999999999999556, -0.05423626301794440968 ) ) ;
#4237 = CARTESIAN_POINT ( 'NONE',  ( 0.5401364446288797749, 0.9000000000000002442, 3.730028055596405903E-05 ) ) ;
#4238 = AXIS2_PLACEMENT_3D ( 'NONE', #3258, #6425, #2406 ) ;
#4239 = EDGE_CURVE ( 'NONE', #4553, #7464, #2504, .T. ) ;
#4240 = ORIENTED_EDGE ( 'NONE', *, *, #5924, .F. ) ;
#4241 = ORIENTED_EDGE ( 'NONE', *, *, #10079, .T. ) ;
#4242 = DIRECTION ( 'NONE',  ( -1.000000000000000000, 0.0000000000000000000, 0.0000000000000000000 ) ) ;
#4243 = CARTESIAN_POINT ( 'NONE',  ( 0.8219260627318522028, 0.9000000000000001332, -0.09098620907987550743 ) ) ;
#4244 = SURFACE_STYLE_USAGE ( .BOTH. , #5839 ) ;
#4245 = CARTESIAN_POINT ( 'NONE',  ( 0.3483706046524867594, 0.8999999999999998002, -0.06886374000974734844 ) ) ;
#4246 = CARTESIAN_POINT ( 'NONE',  ( -0.6505914771461359658, 0.6999999999999998446, -0.1428468885702900426 ) ) ;
#4247 = CARTESIAN_POINT ( 'NONE',  ( 1.055259370966756149, 0.6999999999999999556, -0.03142924547408474517 ) ) ;
#4248 = DIRECTION ( 'NONE',  ( -1.000000000000000000, 0.0000000000000000000, 0.0000000000000000000 ) ) ;
#4249 = CARTESIAN_POINT ( 'NONE',  ( 1.107890949914124512, 0.8999999999999999112, -0.1226573156495233408 ) ) ;
#4250 = CARTESIAN_POINT ( 'NONE',  ( 0.7631957375528390930, 0.9000000000000000222, -0.06875061400778355314 ) ) ;
#4251 = CARTESIAN_POINT ( 'NONE',  ( 0.1793405909331584336, 0.9000000000000000222, -0.02428919078036637438 ) ) ;
#4252 = AXIS2_PLACEMENT_3D ( 'NONE', #4522, #2764, #7723 ) ;
#4253 = ORIENTED_EDGE ( 'NONE', *, *, #3009, .T. ) ;
#4254 = CARTESIAN_POINT ( 'NONE',  ( 0.7710488446509666804, 0.9000000000000000222, -0.1402011752986461468 ) ) ;
#4255 = CARTESIAN_POINT ( 'NONE',  ( 0.1623071350982900063, 0.9000000000000000222, -0.05663036050617845096 ) ) ;
#4256 = CARTESIAN_POINT ( 'NONE',  ( 0.4162489627538918380, 0.8999999999999999112, 0.04889762790938698145 ) ) ;
#4257 = CARTESIAN_POINT ( 'NONE',  ( -0.6868458921911384518, 0.6999999999999999556, -0.1068678419653128070 ) ) ;
#4258 = CARTESIAN_POINT ( 'NONE',  ( -0.6464950149981558702, 0.9000000000000000222, -0.03318363143899703133 ) ) ;
#4259 = UNCERTAINTY_MEASURE_WITH_UNIT (LENGTH_MEASURE( 1.000000000000000082E-05 ), #1616, 'distance_accuracy_value', 'NONE');
#4260 =( GEOMETRIC_REPRESENTATION_CONTEXT ( 3 ) GLOBAL_UNCERTAINTY_ASSIGNED_CONTEXT ( ( #4791 ) ) GLOBAL_UNIT_ASSIGNED_CONTEXT ( ( #5943, #7652, #4509 ) ) REPRESENTATION_CONTEXT ( 'NONE', 'WORKASPACE' ) );
#4261 = CARTESIAN_POINT ( 'NONE',  ( 0.0000000000000000000, -0.1000000000000000056, 0.6700000000000000400 ) ) ;
#4262 = CARTESIAN_POINT ( 'NONE',  ( -0.8284450634245050793, 0.6999999999999998446, -0.1405953432745228049 ) ) ;
#4263 = CARTESIAN_POINT ( 'NONE',  ( 0.0000000000000000000, 0.0000000000000000000, -1.149999999999999911 ) ) ;
#4264 = ORIENTED_EDGE ( 'NONE', *, *, #2463, .T. ) ;
#4265 = ORIENTED_EDGE ( 'NONE', *, *, #7574, .F. ) ;
#4266 = CARTESIAN_POINT ( 'NONE',  ( 0.7648760051447934805, 0.8999999999999996891, -0.003359070035488262093 ) ) ;
#4267 = ORIENTED_EDGE ( 'NONE', *, *, #3717, .F. ) ;
#4268 = CARTESIAN_POINT ( 'NONE',  ( 0.0000000000000000000, -0.1000000000000000056, -1.149999999999999911 ) ) ;
#4269 = ADVANCED_FACE ( 'NONE', ( #4869 ), #8085, .T. ) ;
#4270 = UNCERTAINTY_MEASURE_WITH_UNIT (LENGTH_MEASURE( 1.000000000000000082E-05 ), #1656, 'distance_accuracy_value', 'NONE');
#4271 = CARTESIAN_POINT ( 'NONE',  ( 0.7958924613142623894, 0.7000000000000001776, 0.05249592656743325841 ) ) ;
#4272 = CARTESIAN_POINT ( 'NONE',  ( 1.107890949914124512, 0.6999999999999999556, -0.1226573156495233408 ) ) ;
#4273 = CARTESIAN_POINT ( 'NONE',  ( -0.7266315142928404525, 0.9000000000000000222, -0.2171432480292601885 ) ) ;
#4274 = UNCERTAINTY_MEASURE_WITH_UNIT (LENGTH_MEASURE( 1.000000000000000082E-05 ), #4084, 'distance_accuracy_value', 'NONE');
#4275 = CARTESIAN_POINT ( 'NONE',  ( 0.7455909629108458114, 0.6999999999999997335, -0.05247184290646532412 ) ) ;
#4276 = CARTESIAN_POINT ( 'NONE',  ( 0.8978367903897952473, 0.9000000000000001332, 0.06119393409309491216 ) ) ;
#4277 = CARTESIAN_POINT ( 'NONE',  ( -0.6935579888067482379, 0.7000000000000000666, -0.1538189617517113361 ) ) ;
#4278 = CARTESIAN_POINT ( 'NONE',  ( 0.8757647944194629774, 0.9000000000000003553, -0.2040689775846446508 ) ) ;
#4279 = CARTESIAN_POINT ( 'NONE',  ( 0.4778053057344914256, 0.8999999999999998002, -0.04105008098858321103 ) ) ;
#4280 = CARTESIAN_POINT ( 'NONE',  ( 0.6861889296821938045, 0.8999999999999999112, 0.04037004714145231432 ) ) ;
#4281 = CARTESIAN_POINT ( 'NONE',  ( -0.8022001659330330048, 0.6999999999999998446, 0.06343026617072126949 ) ) ;
#4282 = ORIENTED_EDGE ( 'NONE', *, *, #5053, .F. ) ;
#4283 = CARTESIAN_POINT ( 'NONE',  ( 0.06403130079131763575, 0.9000000000000001332, 0.07734268435047664259 ) ) ;
#4284 = CARTESIAN_POINT ( 'NONE',  ( 0.6448255672298607299, 0.8999999999999996891, -0.1195195008968644584 ) ) ;
#4285 = ORIENTED_EDGE ( 'NONE', *, *, #7033, .T. ) ;
#4286 = DIRECTION ( 'NONE',  ( -1.000000000000000000, 0.0000000000000000000, 0.0000000000000000000 ) ) ;
#4287 = FACE_OUTER_BOUND ( 'NONE', #2336, .T. ) ;
#4288 = EDGE_CURVE ( 'NONE', #3018, #9213, #5173, .T. ) ;
#4289 = CARTESIAN_POINT ( 'NONE',  ( 0.1250000000000000000, -0.1000000000000000056, 0.0000000000000000000 ) ) ;
#4290 = LINE ( 'NONE', #4335, #7183 ) ;
#4291 = CARTESIAN_POINT ( 'NONE',  ( 0.5045034143157355322, 0.7000000000000003997, 0.008483538044721457977 ) ) ;
#4292 = EDGE_CURVE ( 'NONE', #9736, #5215, #10099, .T. ) ;
#4293 = ORIENTED_EDGE ( 'NONE', *, *, #8880, .T. ) ;
#4294 = ORIENTED_EDGE ( 'NONE', *, *, #5249, .T. ) ;
#4295 = DIRECTION ( 'NONE',  ( 0.0000000000000000000, 0.0000000000000000000, 1.000000000000000000 ) ) ;
#4296 = CARTESIAN_POINT ( 'NONE',  ( 0.7471826816924853620, 0.6999999999999999556, -0.1770596350072976000 ) ) ;
#4297 = CARTESIAN_POINT ( 'NONE',  ( 0.8736379836602400362, 0.9000000000000001332, -0.1389509197478261682 ) ) ;
#4298 = ADVANCED_FACE ( 'NONE', ( #9993 ), #9224, .T. ) ;
#4299 = LINE ( 'NONE', #4646, #9418 ) ;
#4300 = DIRECTION ( 'NONE',  ( 1.000000000000000000, 0.0000000000000000000, 0.0000000000000000000 ) ) ;
#4301 = CARTESIAN_POINT ( 'NONE',  ( 0.7971276176542894110, 0.7000000000000000666, -0.2150340384575859243 ) ) ;
#4302 = LINE ( 'NONE', #9120, #10245 ) ;
#4303 = CARTESIAN_POINT ( 'NONE',  ( 0.2249260878699179400, 0.9000000000000000222, -0.09223302764297915124 ) ) ;
#4304 = ORIENTED_EDGE ( 'NONE', *, *, #4895, .F. ) ;
#4305 = CARTESIAN_POINT ( 'NONE',  ( 0.0000000000000000000, 0.0000000000000000000, 0.8750000000000001110 ) ) ;
#4306 = CARTESIAN_POINT ( 'NONE',  ( -0.5798283483314893294, 0.6999999999999999556, -0.1279204735442601715 ) ) ;
#4307 =( GEOMETRIC_REPRESENTATION_CONTEXT ( 3 ) GLOBAL_UNCERTAINTY_ASSIGNED_CONTEXT ( ( #8044 ) ) GLOBAL_UNIT_ASSIGNED_CONTEXT ( ( #5964, #1984, #3586 ) ) REPRESENTATION_CONTEXT ( 'NONE', 'WORKASPACE' ) );
#4308 = EDGE_CURVE ( 'NONE', #3406, #4153, #513, .T. ) ;
#4309 =( NAMED_UNIT ( * ) PLANE_ANGLE_UNIT ( ) SI_UNIT ( $, .RADIAN. ) );
#4310 = CARTESIAN_POINT ( 'NONE',  ( 0.3345579279216298052, 0.7000000000000002887, 0.08003242219445083627 ) ) ;
#4311 = LINE ( 'NONE', #7507, #6064 ) ;
#4312 = CARTESIAN_POINT ( 'NONE',  ( 0.8115446596219272335, 0.8999999999999999112, 0.05542553893573529122 ) ) ;
#4313 = VERTEX_POINT ( 'NONE', #7602 ) ;
#4314 = VECTOR ( 'NONE', #6570, 1000.000000000000000 ) ;
#4315 = ORIENTED_EDGE ( 'NONE', *, *, #2471, .F. ) ;
#4316 = VERTEX_POINT ( 'NONE', #9276 ) ;
#4317 = DIRECTION ( 'NONE',  ( 0.0000000000000000000, 0.0000000000000000000, 1.000000000000000000 ) ) ;
#4318 = MECHANICAL_DESIGN_GEOMETRIC_PRESENTATION_REPRESENTATION (  '', ( #1191 ), #2823 ) ;
#4319 = CARTESIAN_POINT ( 'NONE',  ( 0.7648760051447934805, 0.8999999999999998002, -0.003359070035488264262 ) ) ;
#4320 = CARTESIAN_POINT ( 'NONE',  ( -0.6658878202025689808, 0.9000000000000002442, -0.1808706593414259045 ) ) ;
#4321 = CARTESIAN_POINT ( 'NONE',  ( 0.7686734622696150820, 0.6999999999999998446, -0.07223184338299977469 ) ) ;
#4322 = CARTESIAN_POINT ( 'NONE',  ( 0.9107503331909652111, 0.9000000000000000222, 0.04037004714145223799 ) ) ;
#4323 = CARTESIAN_POINT ( 'NONE',  ( 0.6058014909441196139, 0.9000000000000000222, -0.2172870409041417206 ) ) ;
#4324 = CARTESIAN_POINT ( 'NONE',  ( 0.4808146676068068559, 0.8999999999999996891, -0.006466215703915203020 ) ) ;
#4325 = CARTESIAN_POINT ( 'NONE',  ( 0.6935020534362948963, 0.8999999999999999112, 0.01047452221563137734 ) ) ;
#4326 = SURFACE_SIDE_STYLE ('',( #5444 ) ) ;
#4327 = AXIS2_PLACEMENT_3D ( 'NONE', #3722, #4455, #8436 ) ;
#4328 = ADVANCED_FACE ( 'NONE', ( #3515 ), #3723, .F. ) ;
#4329 = DIRECTION ( 'NONE',  ( 0.0000000000000000000, 0.0000000000000000000, 1.000000000000000000 ) ) ;
#4330 = CARTESIAN_POINT ( 'NONE',  ( 1.270879639914568315, 0.0000000000000000000, -0.0000000000000000000 ) ) ;
#4331 = EDGE_LOOP ( 'NONE', ( #5714, #2728, #5012, #7345 ) ) ;
#4332 = PRESENTATION_STYLE_ASSIGNMENT (( #4899 ) ) ;
#4333 = CARTESIAN_POINT ( 'NONE',  ( 0.1250000000000000000, 0.0000000000000000000, -0.6700000000000000400 ) ) ;
#4334 = CARTESIAN_POINT ( 'NONE',  ( 0.3903470902650017504, 0.6999999999999999556, -0.2173941577547864601 ) ) ;
#4335 = CARTESIAN_POINT ( 'NONE',  ( 0.3750000000000000000, -0.1000000000000000056, 0.0000000000000000000 ) ) ;
#4336 = VECTOR ( 'NONE', #5359, 1000.000000000000000 ) ;
#4337 = SURFACE_STYLE_USAGE ( .BOTH. , #7434 ) ;
#4338 =( NAMED_UNIT ( * ) PLANE_ANGLE_UNIT ( ) SI_UNIT ( $, .RADIAN. ) );
#4339 = CARTESIAN_POINT ( 'NONE',  ( 1.066055317472413000, 0.6999999999999999556, -0.1788727100540595805 ) ) ;
#4340 = EDGE_CURVE ( 'NONE', #394, #2223, #4302, .T. ) ;
#4341 = EDGE_CURVE ( 'NONE', #7234, #7990, #785, .T. ) ;
#4342 = VERTEX_POINT ( 'NONE', #5371 ) ;
#4343 = EDGE_CURVE ( 'NONE', #4153, #8387, #7011, .T. ) ;
#4344 = ORIENTED_EDGE ( 'NONE', *, *, #1425, .F. ) ;
#4345 = CARTESIAN_POINT ( 'NONE',  ( -0.7359686992086823532, 0.9000000000000000222, -0.2173941577547864601 ) ) ;
#4346 = CARTESIAN_POINT ( 'NONE',  ( 0.7820582450649415929, 0.7000000000000000666, -0.2104651057289956273 ) ) ;
#4347 = SURFACE_STYLE_USAGE ( .BOTH. , #8327 ) ;
#4348 = DIRECTION ( 'NONE',  ( 0.0000000000000000000, 0.0000000000000000000, 1.000000000000000000 ) ) ;
#4349 = VECTOR ( 'NONE', #6635, 1000.000000000000000 ) ;
#4350 = CARTESIAN_POINT ( 'NONE',  ( 0.0000000000000000000, 0.0000000000000000000, 1.149999999999999911 ) ) ;
#4351 = LINE ( 'NONE', #4453, #9527 ) ;
#4352 = CARTESIAN_POINT ( 'NONE',  ( 0.2317210592621934406, 0.7000000000000001776, -0.1084962546817011680 ) ) ;
#4353 = CARTESIAN_POINT ( 'NONE',  ( -0.007898523770085786114, 0.6999999999999999556, -0.2173941577547864601 ) ) ;
#4354 = CARTESIAN_POINT ( 'NONE',  ( 1.107839107813724855, 0.8999999999999999112, -0.1253230062430357172 ) ) ;
#4355 = AXIS2_PLACEMENT_3D ( 'NONE', #9805, #9856, #5861 ) ;
#4356 = ORIENTED_EDGE ( 'NONE', *, *, #4895, .T. ) ;
#4357 = EDGE_CURVE ( 'NONE', #721, #7590, #3937, .T. ) ;
#4358 = CARTESIAN_POINT ( 'NONE',  ( 0.1507250037417900979, 0.9000000000000002442, -0.1860473035785043527 ) ) ;
#4359 = LINE ( 'NONE', #2030, #1469 ) ;
#4360 = CARTESIAN_POINT ( 'NONE',  ( -0.1394774711385069477, 0.6999999999999999556, -0.01213099986004967552 ) ) ;
#4361 = CARTESIAN_POINT ( 'NONE',  ( -0.5798283483314893294, 0.9000000000000000222, -0.1279204735442601715 ) ) ;
#4362 = CARTESIAN_POINT ( 'NONE',  ( 0.4141310030133795728, 0.9000000000000001332, 0.08612927054665288351 ) ) ;
#4363 = CARTESIAN_POINT ( 'NONE',  ( 0.1596909902372917189, 0.8999999999999998002, -0.1861981861161744745 ) ) ;
#4364 = CARTESIAN_POINT ( 'NONE',  ( 0.8552325893059548045, 0.9000000000000002442, 0.04940003752621865279 ) ) ;
#4365 =( NAMED_UNIT ( * ) PLANE_ANGLE_UNIT ( ) SI_UNIT ( $, .RADIAN. ) );
#4366 = VECTOR ( 'NONE', #5613, 1000.000000000000000 ) ;
#4367 = ORIENTED_EDGE ( 'NONE', *, *, #2407, .F. ) ;
#4368 = ORIENTED_EDGE ( 'NONE', *, *, #223, .F. ) ;
#4369 = DIRECTION ( 'NONE',  ( 1.000000000000000000, -0.0000000000000000000, 0.0000000000000000000 ) ) ;
#4370 = UNCERTAINTY_MEASURE_WITH_UNIT (LENGTH_MEASURE( 1.000000000000000082E-05 ), #6552, 'distance_accuracy_value', 'NONE');
#4371 =( NAMED_UNIT ( * ) SI_UNIT ( $, .STERADIAN. ) SOLID_ANGLE_UNIT ( ) );
#4372 = FACE_OUTER_BOUND ( 'NONE', #2945, .T. ) ;
#4373 = CARTESIAN_POINT ( 'NONE',  ( 0.0000000000000000000, 0.0000000000000000000, 0.1250000000000001665 ) ) ;
#4374 = CARTESIAN_POINT ( 'NONE',  ( 0.5146829334450296889, 0.9000000000000004663, -0.1274522846622697103 ) ) ;
#4375 = CARTESIAN_POINT ( 'NONE',  ( 0.2850839323702649697, 0.9000000000000000222, -0.01823886210826279955 ) ) ;
#4376 = CARTESIAN_POINT ( 'NONE',  ( 0.5392802413555848329, 0.9000000000000000222, 0.07591974514482885406 ) ) ;
#4377 = DIRECTION ( 'NONE',  ( 0.0000000000000000000, 1.000000000000000000, -0.0000000000000000000 ) ) ;
#4378 = DIRECTION ( 'NONE',  ( -1.000000000000000000, 0.0000000000000000000, 0.0000000000000000000 ) ) ;
#4379 = CARTESIAN_POINT ( 'NONE',  ( 0.5441120587608433423, 0.7000000000000001776, -0.07223184338299971918 ) ) ;
#4380 = ORIENTED_EDGE ( 'NONE', *, *, #3562, .T. ) ;
#4381 = CARTESIAN_POINT ( 'NONE',  ( 0.2908675622167968267, 0.7000000000000000666, -0.05183172801753020004 ) ) ;
#4382 = DIRECTION ( 'NONE',  ( 0.0000000000000000000, 0.0000000000000000000, -1.000000000000000000 ) ) ;
#4383 = CARTESIAN_POINT ( 'NONE',  ( 0.7778209903331807507, 0.7000000000000001776, -0.1145862049331559801 ) ) ;
#4384 = UNCERTAINTY_MEASURE_WITH_UNIT (LENGTH_MEASURE( 1.000000000000000082E-05 ), #5224, 'distance_accuracy_value', 'NONE');
#4385 = CARTESIAN_POINT ( 'NONE',  ( 0.6911475674389176982, 0.8999999999999998002, -0.02585869272510711234 ) ) ;
#4386 = CARTESIAN_POINT ( 'NONE',  ( -0.7361370772373790894, 0.6999999999999999556, 0.05625129041798418439 ) ) ;
#4387 = APPLICATION_CONTEXT ( 'automotive_design' ) ;
#4388 = FILL_AREA_STYLE ('',( #2068 ) ) ;
#4389 = CARTESIAN_POINT ( 'NONE',  ( 1.004382177984299851, 0.9000000000000000222, -0.06476257880741809192 ) ) ;
#4390 = MECHANICAL_DESIGN_GEOMETRIC_PRESENTATION_REPRESENTATION (  '', ( #5538 ), #9241 ) ;
#4391 = EDGE_LOOP ( 'NONE', ( #4058, #1449, #7155, #6950 ) ) ;
#4392 = ORIENTED_EDGE ( 'NONE', *, *, #3643, .F. ) ;
#4393 = CARTESIAN_POINT ( 'NONE',  ( 0.7432036885462082187, 0.8999999999999999112, -0.1102361141146203510 ) ) ;
#4394 =( LENGTH_UNIT ( ) NAMED_UNIT ( * ) SI_UNIT ( .MILLI., .METRE. ) );
#4395 = EDGE_CURVE ( 'NONE', #331, #663, #6311, .T. ) ;
#4396 = PLANE ( 'NONE',  #1370 ) ;
#4397 = VECTOR ( 'NONE', #7572, 1000.000000000000000 ) ;
#4398 = DIRECTION ( 'NONE',  ( 1.000000000000000000, 0.0000000000000000000, 0.0000000000000000000 ) ) ;
#4399 = CARTESIAN_POINT ( 'NONE',  ( 0.7471826816924853620, 0.9000000000000001332, -0.1770596350072976000 ) ) ;
#4400 = CARTESIAN_POINT ( 'NONE',  ( 0.8303628944528913536, 0.6999999999999999556, -0.2172870409041416651 ) ) ;
#4401 = CARTESIAN_POINT ( 'NONE',  ( 0.2205633336601442451, 0.6999999999999998446, -0.08358397613532618509 ) ) ;
#4402 = CARTESIAN_POINT ( 'NONE',  ( 0.06403130079131762187, 0.6999999999999999556, 0.08436022821012574557 ) ) ;
#4403 = CARTESIAN_POINT ( 'NONE',  ( 0.09187140595597027837, 0.7000000000000001776, -0.1388173780407440661 ) ) ;
#4404 = ORIENTED_EDGE ( 'NONE', *, *, #3346, .T. ) ;
#4405 = SURFACE_STYLE_USAGE ( .BOTH. , #1410 ) ;
#4406 = B_SPLINE_CURVE_WITH_KNOTS ( 'NONE', 3,
 ( #2141, #5323, #9945, #4510, #2795, #5226, #4458, #5375, #9328, #5945, #1304, #6962, #1409, #3780, #6004, #1464, #7654, #5273, #4566, #8489, #1354, #10052, #9226, #6850, #625, #2026, #3671, #9170, #7712, #2903, #570, #3725, #6908, #6787, #10102, #2193, #2957, #6105, #5175, #10148, #515, #3005, #4617, #6158, #9381, #4403, #7605 ),
 .UNSPECIFIED., .F., .F.,
 ( 4, 1, 1, 1, 1, 1, 1, 1, 1, 1, 1, 1, 1, 1, 1, 1, 1, 1, 1, 1, 1, 1, 1, 1, 1, 1, 1, 1, 1, 1, 1, 1, 1, 1, 1, 1, 1, 1, 1, 1, 1, 1, 1, 1, 4 ),
 ( 0.0000000000000000000, 0.01552874283920271589, 0.03086416310325769061, 0.04632002045477106450, 0.06205331277792014433, 0.07807926949457176524, 0.09464066561982480141, 0.1118157970838652565, 0.1298048624533338913, 0.1492157910023371725, 0.1703673063727564330, 0.1934893600690184012, 0.2184957403152757160, 0.2454880365938955644, 0.2743887016596694983, 0.3051867763412015599, 0.3378862982683744076, 0.3704218387210683194, 0.4007344451700047272, 0.4288022165058739121, 0.4545463371750488313, 0.4780315439852043657, 0.4993180566928124842, 0.5184278310070072893, 0.5352590335941694866, 0.5652146769179604568, 0.5921015246570999757, 0.6161602294093980747, 0.6380886902788545090, 0.6585443121031453462, 0.6783480571834740180, 0.6983684844564240768, 0.7190873752847973810, 0.7398698466195908763, 0.7600558227398173106, 0.7803152678392412112, 0.8015928446120662576, 0.8234931016616584554, 0.8454848888775634563, 0.8684475511612355092, 0.8923113088129334125, 0.9169976546678417773, 0.9428596992094543383, 0.9703610779248007523, 1.000000000000000000 ),
 .UNSPECIFIED. ) ;
#4407 = CARTESIAN_POINT ( 'NONE',  ( 0.1929298028267642795, 0.9000000000000002442, -0.1067641622361169829 ) ) ;
#4408 = CARTESIAN_POINT ( 'NONE',  ( -0.7301089744013413707, 0.7000000000000001776, -0.1838792161092738242 ) ) ;
#4409 = LINE ( 'NONE', #5277, #1758 ) ;
#4411 = EDGE_CURVE ( 'NONE', #3097, #2097, #7819, .T. ) ;
#4410 = CARTESIAN_POINT ( 'NONE',  ( 0.0000000000000000000, -0.1000000000000000056, 1.149999999999999911 ) ) ;
#4412 = CARTESIAN_POINT ( 'NONE',  ( 0.3561739946260574219, 0.7000000000000000666, 0.08733090204823056035 ) ) ;
#4413 = CARTESIAN_POINT ( 'NONE',  ( 0.09481010449772891979, 0.7000000000000002887, -0.1462963218802443011 ) ) ;
#4414 = CARTESIAN_POINT ( 'NONE',  ( 0.5525662815547820461, 0.7000000000000000666, -0.03490043798231574901 ) ) ;
#4415 = CARTESIAN_POINT ( 'NONE',  ( 0.5138702713774763176, 0.6999999999999998446, -0.1366515634528985834 ) ) ;
#4416 = EDGE_CURVE ( 'NONE', #7782, #8182, #5531, .T. ) ;
#4417 = VECTOR ( 'NONE', #2761, 1000.000000000000000 ) ;
#4418 =( NAMED_UNIT ( * ) PLANE_ANGLE_UNIT ( ) SI_UNIT ( $, .RADIAN. ) );
#4419 = LINE ( 'NONE', #3066, #8509 ) ;
#4420 = EDGE_LOOP ( 'NONE', ( #8560, #9393, #10114, #6118 ) ) ;
#4421 = VERTEX_POINT ( 'NONE', #5431 ) ;
#4422 = CARTESIAN_POINT ( 'NONE',  ( 0.5139603975244584344, 0.9000000000000002442, -0.04125322462648155913 ) ) ;
#4423 = ORIENTED_EDGE ( 'NONE', *, *, #3315, .F. ) ;
#4424 = CARTESIAN_POINT ( 'NONE',  ( 0.3879350058792955802, 0.6999999999999999556, 0.05832160545142371644 ) ) ;
#4425 = VERTEX_POINT ( 'NONE', #4564 ) ;
#4426 = VECTOR ( 'NONE', #4329, 1000.000000000000000 ) ;
#4427 = STYLED_ITEM ( 'NONE', ( #5133 ), #4118 ) ;
#4428 = LINE ( 'NONE', #10014, #6526 ) ;
#4429 = LINE ( 'NONE', #6184, #3724 ) ;
#4430 = DIRECTION ( 'NONE',  ( -1.000000000000000000, 0.0000000000000000000, 0.0000000000000000000 ) ) ;
#4431 = CARTESIAN_POINT ( 'NONE',  ( 1.399999999999999689, 0.0000000000000000000, -0.8750000000000001110 ) ) ;
#4432 = CARTESIAN_POINT ( 'NONE',  ( 0.5191001160119617097, 0.9000000000000000222, -0.1700630549731481089 ) ) ;
#4433 = CARTESIAN_POINT ( 'NONE',  ( 0.4675649138107485503, 0.8999999999999996891, -0.06722308971950821666 ) ) ;
#4434 =( NAMED_UNIT ( * ) SI_UNIT ( $, .STERADIAN. ) SOLID_ANGLE_UNIT ( ) );
#4435 = DIRECTION ( 'NONE',  ( 1.000000000000000000, -0.0000000000000000000, 0.0000000000000000000 ) ) ;
#4436 = DIRECTION ( 'NONE',  ( 0.0000000000000000000, 0.0000000000000000000, 1.000000000000000000 ) ) ;
#4437 = ORIENTED_EDGE ( 'NONE', *, *, #5601, .T. ) ;
#4438 = FACE_OUTER_BOUND ( 'NONE', #3278, .T. ) ;
#4439 = DIRECTION ( 'NONE',  ( -0.0000000000000000000, 1.000000000000000000, -0.0000000000000000000 ) ) ;
#4440 = VECTOR ( 'NONE', #2570, 1000.000000000000000 ) ;
#4441 = CARTESIAN_POINT ( 'NONE',  ( -0.7479850488146753129, 0.6999999999999998446, 0.08935423315906276809 ) ) ;
#4442 = CARTESIAN_POINT ( 'NONE',  ( 0.08745275682058027689, 0.8999999999999999112, -0.1939917160131480744 ) ) ;
#4443 = B_SPLINE_CURVE_WITH_KNOTS ( 'NONE', 3,
 ( #10096, #2950, #2296, #4660, #10047, #2240, #4507, #8483, #7815, #6841, #3665, #1351, #2896, #3720, #6957, #6050, #9272, #565, #5367 ),
 .UNSPECIFIED., .F., .F.,
 ( 4, 1, 1, 1, 1, 1, 1, 1, 1, 1, 1, 1, 1, 1, 1, 1, 4 ),
 ( 0.0000000000000000000, 0.07223405978327440691, 0.1409169063470172567, 0.2060036274163500047, 0.2689476331134314502, 0.3296909090205293325, 0.3886029415074648830, 0.4470908619136461648, 0.5056863380336203972, 0.5642818141535941301, 0.6220498147759597751, 0.6801938859200126197, 0.7397242197178703904, 0.8009835905060034289, 0.8643448141819691788, 0.9304050502317546822, 1.000000000000000000 ),
 .UNSPECIFIED. ) ;
#4444 = CARTESIAN_POINT ( 'NONE',  ( 0.03420673938780895845, 0.6999999999999999556, 0.01769356154345909371 ) ) ;
#4445 = DIRECTION ( 'NONE',  ( 1.000000000000000000, -0.0000000000000000000, 0.0000000000000000000 ) ) ;
#4446 = EDGE_LOOP ( 'NONE', ( #4294, #4944, #9971, #7687 ) ) ;
#4447 = ORIENTED_EDGE ( 'NONE', *, *, #6507, .T. ) ;
#4448 = ORIENTED_EDGE ( 'NONE', *, *, #2019, .T. ) ;
#4449 = CARTESIAN_POINT ( 'NONE',  ( 0.8608515144147662612, 0.9000000000000002442, -0.2116679104145388901 ) ) ;
#4450 = CARTESIAN_POINT ( 'NONE',  ( -0.6989820413170402258, 0.9000000000000000222, -0.1647385247231893390 ) ) ;
#4451 =( NAMED_UNIT ( * ) PLANE_ANGLE_UNIT ( ) SI_UNIT ( $, .RADIAN. ) );
#4452 = DIRECTION ( 'NONE',  ( -1.000000000000000000, 0.0000000000000000000, 0.0000000000000000000 ) ) ;
#4453 = CARTESIAN_POINT ( 'NONE',  ( 0.0000000000000000000, -0.1000000000000000056, -0.6249999999999996669 ) ) ;
#4454 = CARTESIAN_POINT ( 'NONE',  ( 0.7683814350276778615, 0.7000000000000000666, -0.2020494904226866062 ) ) ;
#4455 = DIRECTION ( 'NONE',  ( -1.000000000000000000, 0.0000000000000000000, 0.0000000000000000000 ) ) ;
#4456 = DIRECTION ( 'NONE',  ( -1.000000000000000000, 0.0000000000000000000, 0.0000000000000000000 ) ) ;
#4457 = CARTESIAN_POINT ( 'NONE',  ( 0.7563961149485558533, 0.9000000000000000222, 0.07105688290369358007 ) ) ;
#4458 = CARTESIAN_POINT ( 'NONE',  ( 0.07435783961664836628, 0.7000000000000002887, 0.04634159103139534608 ) ) ;
#4459 = EDGE_CURVE ( 'NONE', #1840, #461, #4762, .T. ) ;
#4460 = ORIENTED_EDGE ( 'NONE', *, *, #2723, .T. ) ;
#4461 = EDGE_CURVE ( 'NONE', #62, #4150, #3430, .T. ) ;
#4462 = CARTESIAN_POINT ( 'NONE',  ( 0.1834682704774883433, 0.8999999999999998002, -0.1763192070266788036 ) ) ;
#4463 = CARTESIAN_POINT ( 'NONE',  ( 0.8650515951318684671, 0.7000000000000000666, -0.03954593313095172702 ) ) ;
#4464 = CARTESIAN_POINT ( 'NONE',  ( 0.5044233264145291384, 0.6999999999999998446, 0.001819326693621051453 ) ) ;
#4465 = CARTESIAN_POINT ( 'NONE',  ( 0.4772776240744267540, 0.8999999999999998002, 0.01688292468170371485 ) ) ;
#4466 = CARTESIAN_POINT ( 'NONE',  ( 0.1155025528518914268, 0.6999999999999997335, -0.1719287578015626927 ) ) ;
#4467 = CARTESIAN_POINT ( 'NONE',  ( 0.5467835905770140892, 0.6999999999999999556, -0.02701382103186768940 ) ) ;
#4468 = CARTESIAN_POINT ( 'NONE',  ( 0.5805626221271245058, 0.6999999999999995115, -0.2163921072683878677 ) ) ;
#4469 = ORIENTED_EDGE ( 'NONE', *, *, #3793, .T. ) ;
#4470 = ORIENTED_EDGE ( 'NONE', *, *, #2007, .F. ) ;
#4471 = CARTESIAN_POINT ( 'NONE',  ( 1.187634982997886501, 0.6999999999999999556, 1.116070660680423376 ) ) ;
#4472 = ORIENTED_EDGE ( 'NONE', *, *, #5213, .T. ) ;
#4473 = VECTOR ( 'NONE', #6496, 1000.000000000000000 ) ;
#4474 = CARTESIAN_POINT ( 'NONE',  ( 0.4428385550586030894, 0.6999999999999999556, -0.006848177129722443288 ) ) ;
#4475 = ORIENTED_EDGE ( 'NONE', *, *, #5813, .F. ) ;
#4476 = CARTESIAN_POINT ( 'NONE',  ( 0.7912112135789175493, 0.9000000000000000222, 0.05085808285939458911 ) ) ;
#4477 = CARTESIAN_POINT ( 'NONE',  ( -0.1250000000000000000, -0.1000000000000000056, 0.6700000000000000400 ) ) ;
#4478 = CARTESIAN_POINT ( 'NONE',  ( 1.102569208367712550, 0.6999999999999999556, -0.04084609361989458703 ) ) ;
#4479 =( GEOMETRIC_REPRESENTATION_CONTEXT ( 3 ) GLOBAL_UNCERTAINTY_ASSIGNED_CONTEXT ( ( #102 ) ) GLOBAL_UNIT_ASSIGNED_CONTEXT ( ( #2513, #949, #2414 ) ) REPRESENTATION_CONTEXT ( 'NONE', 'WORKASPACE' ) );
#4480 = FACE_OUTER_BOUND ( 'NONE', #4045, .T. ) ;
#4481 = EDGE_CURVE ( 'NONE', #2410, #8529, #3003, .T. ) ;
#4482 = CARTESIAN_POINT ( 'NONE',  ( 0.5217285166806163721, 0.8999999999999999112, -0.1022908942736979604 ) ) ;
#4483 = CARTESIAN_POINT ( 'NONE',  ( 0.6368646022958032171, 0.6999999999999997335, -0.1743505195400708030 ) ) ;
#4484 = CARTESIAN_POINT ( 'NONE',  ( 0.8816102225316947427, 0.6999999999999999556, -0.01512198665577825334 ) ) ;
#4485 = EDGE_LOOP ( 'NONE', ( #599, #4498, #6974, #2354 ) ) ;
#4486 = DIRECTION ( 'NONE',  ( 0.0000000000000000000, 1.000000000000000000, 0.0000000000000000000 ) ) ;
#4487 = CARTESIAN_POINT ( 'NONE',  ( 0.8727025778518640031, 0.9000000000000000222, -0.03220540040418937155 ) ) ;
#4488 = AXIS2_PLACEMENT_3D ( 'NONE', #5767, #6772, #9976 ) ;
#4489 = EDGE_CURVE ( 'NONE', #6597, #961, #5671, .T. ) ;
#4490 = ORIENTED_EDGE ( 'NONE', *, *, #1152, .F. ) ;
#4491 = LINE ( 'NONE', #6282, #5251 ) ;
#4492 = DIRECTION ( 'NONE',  ( 0.5394269906817059645, 0.0000000000000000000, -0.8420323756982737162 ) ) ;
#4493 = CARTESIAN_POINT ( 'NONE',  ( -0.8169805983582471010, 0.7000000000000002887, 0.04622695314295034025 ) ) ;
#4494 = CARTESIAN_POINT ( 'NONE',  ( -0.6868458921911384518, 0.6999999999999999556, -0.03318363143899703133 ) ) ;
#4495 = SURFACE_SIDE_STYLE ('',( #1341 ) ) ;
#4496 = AXIS2_PLACEMENT_3D ( 'NONE', #3760, #6140, #8524 ) ;
#4497 = CARTESIAN_POINT ( 'NONE',  ( 0.2987174825717079929, 0.6999999999999998446, 0.04721484865590540314 ) ) ;
#4498 = ORIENTED_EDGE ( 'NONE', *, *, #3096, .T. ) ;
#4499 = ORIENTED_EDGE ( 'NONE', *, *, #10152, .F. ) ;
#4500 = ORIENTED_EDGE ( 'NONE', *, *, #7909, .F. ) ;
#4501 = LINE ( 'NONE', #2181, #3823 ) ;
#4502 = SURFACE_STYLE_USAGE ( .BOTH. , #10045 ) ;
#4503 = PRESENTATION_LAYER_ASSIGNMENT (  '', '', ( #6488 ) ) ;
#4504 =( NAMED_UNIT ( * ) PLANE_ANGLE_UNIT ( ) SI_UNIT ( $, .RADIAN. ) );
#4505 = CARTESIAN_POINT ( 'NONE',  ( -0.6868458921911384518, 0.9000000000000000222, -0.03318363143899703133 ) ) ;
#4506 = CARTESIAN_POINT ( 'NONE',  ( 0.5978984154095623449, 0.7000000000000005107, 0.05586581114603457465 ) ) ;
#4507 = CARTESIAN_POINT ( 'NONE',  ( 1.102551906276452609, 0.9000000000000000222, -0.2044475518159901695 ) ) ;
#4508 = CARTESIAN_POINT ( 'NONE',  ( 0.7820582450649415929, 0.9000000000000002442, -0.2104651057289956273 ) ) ;
#4509 =( NAMED_UNIT ( * ) SI_UNIT ( $, .STERADIAN. ) SOLID_ANGLE_UNIT ( ) );
#4510 = CARTESIAN_POINT ( 'NONE',  ( 0.06614647186037914128, 0.6999999999999996225, 0.06449637198131932814 ) ) ;
#4511 =( GEOMETRIC_REPRESENTATION_CONTEXT ( 3 ) GLOBAL_UNCERTAINTY_ASSIGNED_CONTEXT ( ( #2402 ) ) GLOBAL_UNIT_ASSIGNED_CONTEXT ( ( #7934, #683, #795 ) ) REPRESENTATION_CONTEXT ( 'NONE', 'WORKASPACE' ) );
#4512 = ORIENTED_EDGE ( 'NONE', *, *, #7957, .T. ) ;
#4513 = CARTESIAN_POINT ( 'NONE',  ( 1.004382177984299851, 0.9000000000000000222, -0.03142924547408474517 ) ) ;
#4514 = CARTESIAN_POINT ( 'NONE',  ( -0.7964618074536528036, 0.9000000000000002442, -0.02889311791512303232 ) ) ;
#4515 = DIRECTION ( 'NONE',  ( -0.0000000000000000000, 1.000000000000000000, -0.0000000000000000000 ) ) ;
#4516 = CIRCLE ( 'NONE', #5004, 0.1380183217409907959 ) ;
#4517 = CARTESIAN_POINT ( 'NONE',  ( 0.2371482358366309717, 0.7000000000000002887, -0.1325348837895402032 ) ) ;
#4518 = CARTESIAN_POINT ( 'NONE',  ( 0.2954644803980193135, 0.6999999999999998446, 0.04101432947041541016 ) ) ;
#4519 = CARTESIAN_POINT ( 'NONE',  ( 0.1326844567878494863, 0.6999999999999999556, -0.1816477752873975893 ) ) ;
#4520 = CARTESIAN_POINT ( 'NONE',  ( 0.6831375492420097562, 0.6999999999999999556, -0.1611068460104882472 ) ) ;
#4521 = EDGE_CURVE ( 'NONE', #7290, #8336, #8903, .T. ) ;
#4522 = CARTESIAN_POINT ( 'NONE',  ( 0.0000000000000000000, -0.1000000000000000056, 0.0000000000000000000 ) ) ;
#4523 = CARTESIAN_POINT ( 'NONE',  ( 1.399999999999999689, -0.1000000000000000056, 0.1250000000000001665 ) ) ;
#4524 = ORIENTED_EDGE ( 'NONE', *, *, #2407, .T. ) ;
#4525 = VERTEX_POINT ( 'NONE', #8164 ) ;
#4526 = CARTESIAN_POINT ( 'NONE',  ( 0.0000000000000000000, -0.1000000000000000056, -0.8749999999999996669 ) ) ;
#4527 = VECTOR ( 'NONE', #1880, 1000.000000000000000 ) ;
#4528 = ORIENTED_EDGE ( 'NONE', *, *, #8897, .T. ) ;
#4529 = VECTOR ( 'NONE', #5535, 1000.000000000000000 ) ;
#4530 = FACE_BOUND ( 'NONE', #5341, .T. ) ;
#4531 = VERTEX_POINT ( 'NONE', #6410 ) ;
#4532 = APPLICATION_CONTEXT ( 'automotive_design' ) ;
#4533 = CARTESIAN_POINT ( 'NONE',  ( 0.6491682060335416393, 0.9000000000000000222, -0.1408872306316391043 ) ) ;
#4534 = CARTESIAN_POINT ( 'NONE',  ( -0.8356089085170917974, 0.8999999999999999112, -0.1098068910882243204 ) ) ;
#4535 = AXIS2_PLACEMENT_3D ( 'NONE', #8627, #2984, #7048 ) ;
#4536 = EDGE_CURVE ( 'NONE', #331, #4554, #1713, .T. ) ;
#4537 = LINE ( 'NONE', #6075, #3728 ) ;
#4538 = CARTESIAN_POINT ( 'NONE',  ( 0.7358410326346203068, 0.7000000000000001776, 0.04420882317578798265 ) ) ;
#4539 = CARTESIAN_POINT ( 'NONE',  ( 0.5648914990874253084, 0.6999999999999997335, -0.2131160910121949470 ) ) ;
#4540 = CARTESIAN_POINT ( 'NONE',  ( 0.5869611365988475216, 0.7000000000000001776, -0.1853254838409339189 ) ) ;
#4541 = CARTESIAN_POINT ( 'NONE',  ( 0.8757127718010434547, 0.6999999999999999556, -0.02819983222729270655 ) ) ;
#4542 = CARTESIAN_POINT ( 'NONE',  ( 0.06823054394044088256, 0.7000000000000000666, 0.05829256982807059367 ) ) ;
#4543 = ORIENTED_EDGE ( 'NONE', *, *, #7034, .F. ) ;
#4544 = PRESENTATION_STYLE_ASSIGNMENT (( #8520 ) ) ;
#4545 = LINE ( 'NONE', #1490, #8232 ) ;
#4546 = CARTESIAN_POINT ( 'NONE',  ( 0.6743915611714897951, 0.6999999999999998446, -0.05508091743133427393 ) ) ;
#4547 = CARTESIAN_POINT ( 'NONE',  ( 0.09846266187812786896, 0.6999999999999999556, -0.2033739298736961520 ) ) ;
#4548 = CARTESIAN_POINT ( 'NONE',  ( -0.6906563324839196660, 0.7000000000000002887, 0.01061262273564836205 ) ) ;
#4549 = AXIS2_PLACEMENT_3D ( 'NONE', #3436, #4934, #1648 ) ;
#4550 = EDGE_CURVE ( 'NONE', #461, #5362, #9777, .T. ) ;
#4551 = LINE ( 'NONE', #3922, #2614 ) ;
#4552 = ADVANCED_FACE ( 'NONE', ( #7324 ), #877, .F. ) ;
#4553 = VERTEX_POINT ( 'NONE', #4857 ) ;
#4554 = VERTEX_POINT ( 'NONE', #232 ) ;
#4555 = EDGE_LOOP ( 'NONE', ( #8788, #8717, #6894, #1676 ) ) ;
#4556 = VECTOR ( 'NONE', #5003, 1000.000000000000000 ) ;
#4557 = DIRECTION ( 'NONE',  ( 0.0000000000000000000, 0.0000000000000000000, 1.000000000000000000 ) ) ;
#4558 = FACE_OUTER_BOUND ( 'NONE', #92, .T. ) ;
#4559 = CARTESIAN_POINT ( 'NONE',  ( -0.7561670509831552867, 0.8999999999999999112, 0.05284469477732808840 ) ) ;
#4560 = FACE_OUTER_BOUND ( 'NONE', #1397, .T. ) ;
#4561 = CARTESIAN_POINT ( 'NONE',  ( 0.7534632788713162554, 0.8999999999999999112, -0.06115973151536300417 ) ) ;
#4562 = CARTESIAN_POINT ( 'NONE',  ( 0.8854460515698544532, 0.9000000000000000222, -0.08692588343174387222 ) ) ;
#4563 = CARTESIAN_POINT ( 'NONE',  ( 0.2249260878699179400, 0.6999999999999999556, -0.09223302764297915124 ) ) ;
#4564 = CARTESIAN_POINT ( 'NONE',  ( -0.5184248395595594250, 0.9000000000000000222, -0.01563977178987422875 ) ) ;
#4565 = PRESENTATION_LAYER_ASSIGNMENT (  '', '', ( #757 ) ) ;
#4566 = CARTESIAN_POINT ( 'NONE',  ( 0.1547237864621630599, 0.7000000000000002887, -0.04635257002964225659 ) ) ;
#4567 = VERTEX_POINT ( 'NONE', #7269 ) ;
#4568 = B_SPLINE_CURVE_WITH_KNOTS ( 'NONE', 3,
 ( #681, #5486, #9534, #2401, #3836, #5381, #2450, #887, #5437, #10151, #6319, #3986, #4038, #10255, #3059 ),
 .UNSPECIFIED., .F., .F.,
 ( 4, 1, 1, 1, 1, 1, 1, 1, 1, 1, 1, 1, 4 ),
 ( 0.0000000000000000000, 0.1145105498247862841, 0.2302031866621342682, 0.3471693992089875946, 0.4688404420012889928, 0.5311804737393308606, 0.5938148586756544223, 0.6568022517791173298, 0.7215569478898301581, 0.7875450307650618820, 0.8561245034591682401, 0.9266314737662006973, 1.000000000000000000 ),
 .UNSPECIFIED. ) ;
#4569 = CARTESIAN_POINT ( 'NONE',  ( 0.6255755997965992687, 0.7000000000000000666, 0.05132234542843833874 ) ) ;
#4570 =( NAMED_UNIT ( * ) SI_UNIT ( $, .STERADIAN. ) SOLID_ANGLE_UNIT ( ) );
#4571 =( NAMED_UNIT ( * ) PLANE_ANGLE_UNIT ( ) SI_UNIT ( $, .RADIAN. ) );
#4572 = CARTESIAN_POINT ( 'NONE',  ( 0.2191533984309424476, 0.7000000000000001776, -0.1939610664803026185 ) ) ;
#4573 = LINE ( 'NONE', #9388, #2543 ) ;
#4574 = CARTESIAN_POINT ( 'NONE',  ( 0.8737238832981831793, 0.9000000000000000222, -0.1445432502515861806 ) ) ;
#4575 = CARTESIAN_POINT ( 'NONE',  ( 0.8711046520082985634, 0.9000000000000000222, -0.1241710342058428701 ) ) ;
#4576 = CARTESIAN_POINT ( 'NONE',  ( 0.5226212781837131782, 0.6999999999999999556, -0.1770596350072977110 ) ) ;
#4577 = CARTESIAN_POINT ( 'NONE',  ( 0.05701375693166845643, 0.6999999999999999556, -0.1402011752986461190 ) ) ;
#4578 = CARTESIAN_POINT ( 'NONE',  ( 0.4345939214901636261, 0.8999999999999996891, -0.05279788871361951880 ) ) ;
#4579 = EDGE_LOOP ( 'NONE', ( #7208, #7539, #3194, #8264 ) ) ;
#4580 = ORIENTED_EDGE ( 'NONE', *, *, #6762, .F. ) ;
#4581 = PRESENTATION_LAYER_ASSIGNMENT (  '', '', ( #937 ) ) ;
#4582 = CARTESIAN_POINT ( 'NONE',  ( 0.2412242832474579823, 0.6999999999999999556, 0.08436022821012574557 ) ) ;
#4583 = ORIENTED_EDGE ( 'NONE', *, *, #6182, .F. ) ;
#4584 = FILL_AREA_STYLE_COLOUR ( '', #1909 ) ;
#4585 = CARTESIAN_POINT ( 'NONE',  ( 1.004382177984299851, 0.6999999999999999556, -0.06476257880741809192 ) ) ;
#4586 = CARTESIAN_POINT ( 'NONE',  ( 0.6778707484327820554, 0.8999999999999996891, -0.1764029346301911605 ) ) ;
#4587 = CARTESIAN_POINT ( 'NONE',  ( 0.07435783961664836628, 0.9000000000000003553, 0.04634159103139534608 ) ) ;
#4588 = CARTESIAN_POINT ( 'NONE',  ( 0.9118469601720513573, 0.6999999999999999556, -0.03668224964565084539 ) ) ;
#4589 = VECTOR ( 'NONE', #4435, 1000.000000000000000 ) ;
#4590 = ADVANCED_FACE ( 'NONE', ( #986 ), #4030, .F. ) ;
#4591 = ORIENTED_EDGE ( 'NONE', *, *, #3889, .T. ) ;
#4592 = LINE ( 'NONE', #6939, #2393 ) ;
#4593 = PLANE ( 'NONE',  #4215 ) ;
#4594 = CARTESIAN_POINT ( 'NONE',  ( 0.0000000000000000000, 0.0000000000000000000, -0.6699999999999965983 ) ) ;
#4595 = CARTESIAN_POINT ( 'NONE',  ( -0.9249999999999998224, 0.0000000000000000000, 0.3749999999999999445 ) ) ;
#4596 = CARTESIAN_POINT ( 'NONE',  ( 0.05819062696804545853, 0.9000000000000000222, -0.1434641620304624166 ) ) ;
#4597 = VECTOR ( 'NONE', #10133, 1000.000000000000000 ) ;
#4598 = COLOUR_RGB ( '',1.000000000000000000, 0.9607843137254902244, 0.4549019607843137192 ) ;
#4599 = CARTESIAN_POINT ( 'NONE',  ( 1.270879639914568315, -0.1000000000000000056, 1.057063338531172292 ) ) ;
#4600 = CARTESIAN_POINT ( 'NONE',  ( 1.094239754526878938, 0.7000000000000000666, -0.03743370899264990281 ) ) ;
#4601 = DIRECTION ( 'NONE',  ( -4.336808689942017736E-16, 0.0000000000000000000, 1.000000000000000000 ) ) ;
#4602 = ORIENTED_EDGE ( 'NONE', *, *, #7108, .F. ) ;
#4603 = ORIENTED_EDGE ( 'NONE', *, *, #2538, .T. ) ;
#4604 = EDGE_LOOP ( 'NONE', ( #1345, #5282, #2677, #1053 ) ) ;
#4605 = PRESENTATION_STYLE_ASSIGNMENT (( #1453 ) ) ;
#4606 = VECTOR ( 'NONE', #8416, 1000.000000000000000 ) ;
#4607 = FILL_AREA_STYLE ('',( #1503 ) ) ;
#4608 = FACE_OUTER_BOUND ( 'NONE', #8557, .T. ) ;
#4609 = CARTESIAN_POINT ( 'NONE',  ( -0.7973260621935025494, 0.9000000000000000222, -0.05267577070165154612 ) ) ;
#4610 = CARTESIAN_POINT ( 'NONE',  ( 0.07281094462635705200, 0.9000000000000001332, -0.1750012563459351078 ) ) ;
#4611 = SURFACE_SIDE_STYLE ('',( #728 ) ) ;
#4612 = DIRECTION ( 'NONE',  ( 0.0000000000000000000, 0.0000000000000000000, 1.000000000000000000 ) ) ;
#4613 = VECTOR ( 'NONE', #7413, 1000.000000000000000 ) ;
#4614 = CARTESIAN_POINT ( 'NONE',  ( 0.8428845155703605929, 0.6999999999999997335, 0.05337681071196370003 ) ) ;
#4615 = CARTESIAN_POINT ( 'NONE',  ( 0.9028882434706166915, 0.9000000000000001332, -0.05089900489000312445 ) ) ;
#4616 = EDGE_CURVE ( 'NONE', #3289, #2970, #8270, .T. ) ;
#4617 = CARTESIAN_POINT ( 'NONE',  ( 0.1076246631937065740, 0.7000000000000001776, -0.1649787261663503146 ) ) ;
#4618 = ORIENTED_EDGE ( 'NONE', *, *, #1863, .F. ) ;
#4619 = CARTESIAN_POINT ( 'NONE',  ( 0.6432319930353324056, 0.6999999999999998446, 0.04075349424776250618 ) ) ;
#4620 = ADVANCED_FACE ( 'NONE', ( #1956 ), #2835, .T. ) ;
#4621 = SURFACE_STYLE_USAGE ( .BOTH. , #629 ) ;
#4622 = CARTESIAN_POINT ( 'NONE',  ( 0.3785304246042514587, 0.6999999999999997335, -0.07770905958397308910 ) ) ;
#4623 = CARTESIAN_POINT ( 'NONE',  ( 0.1835321423746523184, 0.9000000000000002442, -0.2165816722341075973 ) ) ;
#4624 = CARTESIAN_POINT ( 'NONE',  ( 0.2886886592396009643, 0.9000000000000003553, 0.02112300891631532437 ) ) ;
#4625 = SURFACE_STYLE_USAGE ( .BOTH. , #7885 ) ;
#4626 = CARTESIAN_POINT ( 'NONE',  ( 0.4387740025567462565, 0.8999999999999999112, 0.01671639941601483700 ) ) ;
#4627 = ORIENTED_EDGE ( 'NONE', *, *, #4536, .F. ) ;
#4628 = FACE_BOUND ( 'NONE', #3970, .T. ) ;
#4629 = ORIENTED_EDGE ( 'NONE', *, *, #326, .F. ) ;
#4630 = EDGE_CURVE ( 'NONE', #2180, #6753, #3074, .T. ) ;
#4631 = FILL_AREA_STYLE_COLOUR ( '', #10246 ) ;
#4632 = CARTESIAN_POINT ( 'NONE',  ( 0.8825710567699264208, 0.9000000000000000222, 0.006483180050141830637 ) ) ;
#4633 = DIRECTION ( 'NONE',  ( 1.000000000000000000, -0.0000000000000000000, 0.0000000000000000000 ) ) ;
#4634 = CARTESIAN_POINT ( 'NONE',  ( 1.094239754526878938, 0.7000000000000000666, -0.03743370899264990281 ) ) ;
#4635 = FILL_AREA_STYLE ('',( #6129 ) ) ;
#4636 = STYLED_ITEM ( 'NONE', ( #1921 ), #6551 ) ;
#4637 = CARTESIAN_POINT ( 'NONE',  ( 0.6848300568039423775, 0.9000000000000002442, -0.1496795249161753938 ) ) ;
#4638 = CARTESIAN_POINT ( 'NONE',  ( 0.8825710567689979413, 0.6999999999999998446, 0.006483180057610313067 ) ) ;
#4639 = EDGE_LOOP ( 'NONE', ( #5585, #2991, #4282, #3531 ) ) ;
#4640 = CARTESIAN_POINT ( 'NONE',  ( 0.1076668906576922075, 0.7000000000000000666, 0.01072368743081188180 ) ) ;
#4641 = CARTESIAN_POINT ( 'NONE',  ( 0.9640313007913173804, 0.6999999999999999556, 0.08611461417503804561 ) ) ;
#4642 = ORIENTED_EDGE ( 'NONE', *, *, #4797, .T. ) ;
#4643 = VECTOR ( 'NONE', #1874, 1000.000000000000000 ) ;
#4644 = DIRECTION ( 'NONE',  ( -1.000000000000000000, 0.0000000000000000000, -1.141265444721583757E-16 ) ) ;
#4645 = LINE ( 'NONE', #1441, #5858 ) ;
#4646 = CARTESIAN_POINT ( 'NONE',  ( 0.5464874411421946077, 0.6999999999999998446, -0.1402011752986460913 ) ) ;
#4647 = CARTESIAN_POINT ( 'NONE',  ( 0.6329645725632953024, 0.7000000000000000666, 0.08643298857021688986 ) ) ;
#4648 = CARTESIAN_POINT ( 'NONE',  ( 0.09283484986428548746, 0.7000000000000000666, -0.1989781478853135388 ) ) ;
#4649 = CARTESIAN_POINT ( 'NONE',  ( -1.399999999999999689, -0.1000000000000000056, 0.6249999999999996669 ) ) ;
#4650 = CARTESIAN_POINT ( 'NONE',  ( -0.7972370714693115534, 0.7000000000000001776, -0.07384656671748142387 ) ) ;
#4651 = EDGE_CURVE ( 'NONE', #7109, #5763, #6249, .T. ) ;
#4652 = CARTESIAN_POINT ( 'NONE',  ( 1.044733055177282433, 0.6999999999999998446, -0.1805520524916285896 ) ) ;
#4653 = VERTEX_POINT ( 'NONE', #7805 ) ;
#4654 = ORIENTED_EDGE ( 'NONE', *, *, #4341, .F. ) ;
#4655 = ORIENTED_EDGE ( 'NONE', *, *, #1496, .T. ) ;
#4656 = CARTESIAN_POINT ( 'NONE',  ( 0.3269655523460720525, 0.8999999999999996891, -0.03935320743473978700 ) ) ;
#4657 = CARTESIAN_POINT ( 'NONE',  ( -0.7849079715694989856, 0.9000000000000001332, 0.02375501924015976929 ) ) ;
#4658 = CARTESIAN_POINT ( 'NONE',  ( 0.5465025748003905504, 0.6999999999999996225, 0.03220283864309930744 ) ) ;
#4659 = VECTOR ( 'NONE', #9486, 1000.000000000000000 ) ;
#4660 = CARTESIAN_POINT ( 'NONE',  ( 1.075832672461557449, 0.9000000000000000222, -0.2124757102040607804 ) ) ;
#4661 = PLANE ( 'NONE',  #7191 ) ;
#4662 = SURFACE_STYLE_USAGE ( .BOTH. , #9471 ) ;
#4663 =( NAMED_UNIT ( * ) PLANE_ANGLE_UNIT ( ) SI_UNIT ( $, .RADIAN. ) );
#4664 = CARTESIAN_POINT ( 'NONE',  ( 0.7646978481376512926, 0.6999999999999996225, 3.730028055597146548E-05 ) ) ;
#4665 = ADVANCED_FACE ( 'NONE', ( #3815 ), #9415, .T. ) ;
#4666 = ADVANCED_FACE ( 'NONE', ( #4018 ), #7366, .F. ) ;
#4667 = CARTESIAN_POINT ( 'NONE',  ( 0.6036205530129471475, 0.7000000000000001776, -0.09125856083493658066 ) ) ;
#4668 = CARTESIAN_POINT ( 'NONE',  ( 0.5437542810751322397, 0.7000000000000000666, 0.02521840137787147162 ) ) ;
#4669 = STYLED_ITEM ( 'NONE', ( #9391 ), #8867 ) ;
#4670 = B_SPLINE_CURVE_WITH_KNOTS ( 'NONE', 3,
 ( #5348, #702, #6934, #6986, #10277, #8568, #755, #3914, #5508, #8727, #4483, #1484, #7792, #3861, #7678, #541, #10076, #9302, #1378, #8514, #4540, #7739, #3751, #10123, #2978, #7465, #5961, #1888, #1462, #6313, #1617, #5571, #4032 ),
 .UNSPECIFIED., .F., .F.,
 ( 4, 1, 1, 1, 1, 1, 1, 1, 1, 1, 1, 1, 1, 1, 1, 1, 1, 1, 1, 1, 1, 1, 1, 1, 1, 1, 1, 1, 1, 1, 4 ),
 ( 0.5000000000000027756, 0.5006658768179803598, 0.5176992088370960809, 0.5345885246772016375, 0.5504118387734341367, 0.5655495732241394569, 0.5799939736924616396, 0.5941467760718645019, 0.6080609930483465986, 0.6219948703596929196, 0.6361610574130701634, 0.6507360740270519139, 0.6655148265164351207, 0.6808392061421467689, 0.6967686291496256734, 0.7134357983016839100, 0.7309566613366283994, 0.7496362701015553132, 0.7691495266376311424, 0.7885285061174638344, 0.8066461500531909579, 0.8236200373703477240, 0.8395229995239972265, 0.8543017520133804332, 0.8685937316529253049, 0.8822836710319470477, 0.8956466857834164408, 0.9216587849400303956, 0.9472052799627518338, 0.9730378515329665134, 1.000000000000000000 ),
 .UNSPECIFIED. ) ;
#4671 = PLANE ( 'NONE',  #4009 ) ;
#4672 = CARTESIAN_POINT ( 'NONE',  ( -0.6481862572434217151, 0.7000000000000000666, -0.1111358016984619612 ) ) ;
#4673 = VECTOR ( 'NONE', #3362, 1000.000000000000000 ) ;
#4674 = CARTESIAN_POINT ( 'NONE',  ( 0.2106116303978625703, 0.6999999999999997335, -0.06700190136883846237 ) ) ;
#4675 = FILL_AREA_STYLE ('',( #6218 ) ) ;
#4676 = CARTESIAN_POINT ( 'NONE',  ( 0.6489947561938020915, 0.9000000000000000222, -0.1372836826229789642 ) ) ;
#4677 = DIRECTION ( 'NONE',  ( -0.0000000000000000000, 0.0000000000000000000, -1.000000000000000000 ) ) ;
#4678 = DIRECTION ( 'NONE',  ( -1.000000000000000000, 0.0000000000000000000, 0.0000000000000000000 ) ) ;
#4679 = SURFACE_STYLE_USAGE ( .BOTH. , #2361 ) ;
#4680 = VECTOR ( 'NONE', #2509, 1000.000000000000000 ) ;
#4681 = ORIENTED_EDGE ( 'NONE', *, *, #4962, .F. ) ;
#4682 = ADVANCED_FACE ( 'NONE', ( #8784 ), #119, .T. ) ;
#4683 = ORIENTED_EDGE ( 'NONE', *, *, #5122, .F. ) ;
#4684 = DIRECTION ( 'NONE',  ( 0.0000000000000000000, 3.203725046579628051E-12, 1.000000000000000000 ) ) ;
#4685 = VERTEX_POINT ( 'NONE', #8007 ) ;
#4686 = ORIENTED_EDGE ( 'NONE', *, *, #6248, .F. ) ;
#4687 = ORIENTED_EDGE ( 'NONE', *, *, #9447, .T. ) ;
#4688 = CARTESIAN_POINT ( 'NONE',  ( 0.8801963505179613012, 0.6999999999999999556, 0.01876640561800682963 ) ) ;
#4689 = DIRECTION ( 'NONE',  ( 1.000000000000000000, 0.0000000000000000000, 0.0000000000000000000 ) ) ;
#4690 = CARTESIAN_POINT ( 'NONE',  ( 0.8709982313097578421, 0.6999999999999999556, 0.08177620921791700637 ) ) ;
#4691 = ADVANCED_FACE ( 'NONE', ( #9762 ), #2536, .T. ) ;
#4692 = CARTESIAN_POINT ( 'NONE',  ( 0.6845314592901252659, 0.8999999999999998002, -0.1373702312129746750 ) ) ;
#4693 =( NAMED_UNIT ( * ) PLANE_ANGLE_UNIT ( ) SI_UNIT ( $, .RADIAN. ) );
#4694 = MECHANICAL_DESIGN_GEOMETRIC_PRESENTATION_REPRESENTATION (  '', ( #3677 ), #6849 ) ;
#4695 = CARTESIAN_POINT ( 'NONE',  ( 0.1806048038309508164, 0.6999999999999998446, -0.08358142037433353988 ) ) ;
#4696 =( GEOMETRIC_REPRESENTATION_CONTEXT ( 3 ) GLOBAL_UNCERTAINTY_ASSIGNED_CONTEXT ( ( #1987 ) ) GLOBAL_UNIT_ASSIGNED_CONTEXT ( ( #5979, #10082, #9255 ) ) REPRESENTATION_CONTEXT ( 'NONE', 'WORKASPACE' ) );
#4697 = FILL_AREA_STYLE ('',( #601 ) ) ;
#4698 = CARTESIAN_POINT ( 'NONE',  ( -0.3973722079806121243, 0.9000000000000000222, -0.08230643845654088409 ) ) ;
#4699 = CARTESIAN_POINT ( 'NONE',  ( -0.7765741021084132667, 0.7000000000000000666, 0.03680336306115151307 ) ) ;
#4700 = CARTESIAN_POINT ( 'NONE',  ( 0.1422805335678562211, 0.6999999999999999556, -0.2189510575283422078 ) ) ;
#4701 = CARTESIAN_POINT ( 'NONE',  ( 0.3750000000000000000, -0.1000000000000000056, -0.6700000000000000400 ) ) ;
#4702 = SURFACE_STYLE_USAGE ( .BOTH. , #8737 ) ;
#4703 = ORIENTED_EDGE ( 'NONE', *, *, #7409, .T. ) ;
#4704 = ORIENTED_EDGE ( 'NONE', *, *, #3630, .T. ) ;
#4705 = EDGE_LOOP ( 'NONE', ( #2368, #8961, #7396, #8245 ) ) ;
#4706 = CARTESIAN_POINT ( 'NONE',  ( 1.004382177984299851, 0.6999999999999999556, -0.03142924547408474517 ) ) ;
#4707 = MECHANICAL_DESIGN_GEOMETRIC_PRESENTATION_REPRESENTATION (  '', ( #6357 ), #6689 ) ;
#4708 = DIRECTION ( 'NONE',  ( -1.734723475976807094E-16, 0.0000000000000000000, -1.000000000000000000 ) ) ;
#4709 = CARTESIAN_POINT ( 'NONE',  ( 0.5403146016360218518, 0.7000000000000000666, -0.003359070035488265563 ) ) ;
#4710 = SURFACE_SIDE_STYLE ('',( #2590 ) ) ;
#4711 = CARTESIAN_POINT ( 'NONE',  ( 0.8303628944528913536, 0.9000000000000000222, -0.2172870409041416651 ) ) ;
#4712 = FACE_OUTER_BOUND ( 'NONE', #4034, .T. ) ;
#4713 = CARTESIAN_POINT ( 'NONE',  ( 0.7831224730430564884, 0.7000000000000000666, 0.04648009192836394243 ) ) ;
#4714 = CARTESIAN_POINT ( 'NONE',  ( 0.5851861128196563788, 0.8999999999999996891, -0.09193065823550432281 ) ) ;
#4715 = VECTOR ( 'NONE', #4123, 1000.000000000000000 ) ;
#4716 = ORIENTED_EDGE ( 'NONE', *, *, #7882, .T. ) ;
#4717 = DIRECTION ( 'NONE',  ( 1.000000000000000000, 0.0000000000000000000, 0.0000000000000000000 ) ) ;
#4718 = CARTESIAN_POINT ( 'NONE',  ( -0.7398725823682216207, 0.9000000000000000222, 0.05621736001897142954 ) ) ;
#4719 = EDGE_CURVE ( 'NONE', #6765, #4799, #7204, .T. ) ;
#4720 =( NAMED_UNIT ( * ) PLANE_ANGLE_UNIT ( ) SI_UNIT ( $, .RADIAN. ) );
#4721 = CARTESIAN_POINT ( 'NONE',  ( 0.3915517578561104606, 0.7000000000000000666, -0.07734627495512373663 ) ) ;
#4722 = VECTOR ( 'NONE', #7019, 1000.000000000000000 ) ;
#4723 = CARTESIAN_POINT ( 'NONE',  ( 0.1907411563142525912, 0.9000000000000001332, -0.2139484641712921797 ) ) ;
#4724 = CARTESIAN_POINT ( 'NONE',  ( 0.2849135605092014134, 0.8999999999999999112, -0.01396969556714661859 ) ) ;
#4725 = CARTESIAN_POINT ( 'NONE',  ( -0.6250000000000000000, 0.0000000000000000000, 1.149999999999996581 ) ) ;
#4726 = SURFACE_STYLE_USAGE ( .BOTH. , #34 ) ;
#4727 = ORIENTED_EDGE ( 'NONE', *, *, #1366, .F. ) ;
#4728 = ORIENTED_EDGE ( 'NONE', *, *, #4616, .T. ) ;
#4729 = CARTESIAN_POINT ( 'NONE',  ( 1.117376291589158743, 0.6999999999999999556, -0.1952603211970942720 ) ) ;
#4730 = DIRECTION ( 'NONE',  ( 0.0000000000000000000, 0.0000000000000000000, 1.000000000000000000 ) ) ;
#4731 = EDGE_LOOP ( 'NONE', ( #1583, #4253, #473, #7940 ) ) ;
#4732 = CARTESIAN_POINT ( 'NONE',  ( 0.0000000000000000000, 0.9000000000000000222, 0.0000000000000000000 ) ) ;
#4733 = EDGE_LOOP ( 'NONE', ( #7438, #2572, #9399, #4264 ) ) ;
#4734 =( GEOMETRIC_REPRESENTATION_CONTEXT ( 3 ) GLOBAL_UNCERTAINTY_ASSIGNED_CONTEXT ( ( #2344 ) ) GLOBAL_UNIT_ASSIGNED_CONTEXT ( ( #8147, #4993, #9965 ) ) REPRESENTATION_CONTEXT ( 'NONE', 'WORKASPACE' ) );
#4735 = CARTESIAN_POINT ( 'NONE',  ( 0.6824505011127051102, 0.9000000000000001332, -0.1241746162478761378 ) ) ;
#4736 = CARTESIAN_POINT ( 'NONE',  ( 0.8598801370204237626, 0.9000000000000001332, 0.04698288242961549954 ) ) ;
#4737 = CARTESIAN_POINT ( 'NONE',  ( -0.5061441378051735329, 0.9000000000000000222, 0.08611461417503804561 ) ) ;
#4738 = CARTESIAN_POINT ( 'NONE',  ( -0.7359686992086823532, 0.6999999999999999556, -0.1840608244214531619 ) ) ;
#4739 = CARTESIAN_POINT ( 'NONE',  ( 0.8175188867151281791, 0.8999999999999999112, -0.1858596272063474941 ) ) ;
#4740 = CARTESIAN_POINT ( 'NONE',  ( 0.4097680510030307088, 0.6999999999999999556, -0.07250009550081042142 ) ) ;
#4741 = CARTESIAN_POINT ( 'NONE',  ( 0.3479676330337241330, 0.9000000000000000222, 0.04712440496472920792 ) ) ;
#4742 = CARTESIAN_POINT ( 'NONE',  ( 0.6589647239908764664, 0.7000000000000001776, -0.1990456219702590734 ) ) ;
#4743 = EDGE_CURVE ( 'NONE', #7990, #6095, #7165, .T. ) ;
#4744 = FACE_OUTER_BOUND ( 'NONE', #2916, .T. ) ;
#4745 = VECTOR ( 'NONE', #5616, 1000.000000000000000 ) ;
#4746 = FACE_OUTER_BOUND ( 'NONE', #825, .T. ) ;
#4747 = DIRECTION ( 'NONE',  ( 0.0000000000000000000, 0.0000000000000000000, 1.000000000000000000 ) ) ;
#4748 = CARTESIAN_POINT ( 'NONE',  ( 0.8235911593063013347, 0.6999999999999999556, -0.1861417119858499170 ) ) ;
#4749 = CARTESIAN_POINT ( 'NONE',  ( 0.3184172657035982956, 0.9000000000000000222, -0.1051134560004005486 ) ) ;
#4750 = COLOUR_RGB ( '',1.000000000000000000, 0.9607843137254902244, 0.4549019607843137192 ) ;
#4751 = CARTESIAN_POINT ( 'NONE',  ( 0.6465905686469072267, 0.8999999999999995781, 0.03704231484631612115 ) ) ;
#4752 = ORIENTED_EDGE ( 'NONE', *, *, #108, .F. ) ;
#4753 = ORIENTED_EDGE ( 'NONE', *, *, #5436, .T. ) ;
#4754 = CARTESIAN_POINT ( 'NONE',  ( 0.3270957517648064861, 0.8999999999999999112, 0.02076163148706105729 ) ) ;
#4755 = ADVANCED_FACE ( 'NONE', ( #7576 ), #432, .F. ) ;
#4756 = CARTESIAN_POINT ( 'NONE',  ( 0.0000000000000000000, -0.1000000000000000056, 1.149999999999996581 ) ) ;
#4757 = PLANE ( 'NONE',  #679 ) ;
#4758 = DIRECTION ( 'NONE',  ( 0.0000000000000000000, -1.000000000000000000, 0.0000000000000000000 ) ) ;
#4759 = SURFACE_SIDE_STYLE ('',( #9572 ) ) ;
#4760 = CARTESIAN_POINT ( 'NONE',  ( 0.8971988853923354990, 0.9000000000000003553, -0.1852002767618871892 ) ) ;
#4761 = CARTESIAN_POINT ( 'NONE',  ( 0.9249999999999996003, -0.1000000000000000056, -4.011548038196364434E-16 ) ) ;
#4762 = LINE ( 'NONE', #8594, #3242 ) ;
#4763 = MECHANICAL_DESIGN_GEOMETRIC_PRESENTATION_REPRESENTATION (  '', ( #7105 ), #7456 ) ;
#4764 = CARTESIAN_POINT ( 'NONE',  ( 0.5746002500143287950, 0.6999999999999999556, -0.09492463398416609022 ) ) ;
#4765 = DIRECTION ( 'NONE',  ( -0.0000000000000000000, 1.000000000000000000, -0.0000000000000000000 ) ) ;
#4766 = LINE ( 'NONE', #6269, #4722 ) ;
#4767 = CARTESIAN_POINT ( 'NONE',  ( 0.1233692486027744561, 0.9000000000000003553, 0.04296286389590490973 ) ) ;
#4768 =( NAMED_UNIT ( * ) SI_UNIT ( $, .STERADIAN. ) SOLID_ANGLE_UNIT ( ) );
#4769 = CARTESIAN_POINT ( 'NONE',  ( 0.5796716840942858218, 0.8999999999999999112, -0.09316699479757109548 ) ) ;
#4770 = DIRECTION ( 'NONE',  ( 1.000000000000000000, 0.0000000000000000000, 0.0000000000000000000 ) ) ;
#4771 = DIRECTION ( 'NONE',  ( -1.000000000000000000, 0.0000000000000000000, 0.0000000000000000000 ) ) ;
#4772 = ORIENTED_EDGE ( 'NONE', *, *, #2161, .F. ) ;
#4773 = EDGE_CURVE ( 'NONE', #3097, #436, #4670, .T. ) ;
#4774 = ORIENTED_EDGE ( 'NONE', *, *, #4100, .F. ) ;
#4775 = DIRECTION ( 'NONE',  ( -1.000000000000000000, 0.0000000000000000000, 0.0000000000000000000 ) ) ;
#4776 = CARTESIAN_POINT ( 'NONE',  ( 0.9249999999999998224, -0.1000000000000000056, -0.6250000000000001110 ) ) ;
#4777 = VERTEX_POINT ( 'NONE', #6404 ) ;
#4778 = CARTESIAN_POINT ( 'NONE',  ( 0.9640313007913173804, 0.9000000000000000222, 0.08611461417503804561 ) ) ;
#4779 = CARTESIAN_POINT ( 'NONE',  ( 0.5725662141455176712, 0.9000000000000002442, -0.2150340384575860353 ) ) ;
#4780 = SURFACE_SIDE_STYLE ('',( #3175 ) ) ;
#4781 = LINE ( 'NONE', #5550, #2901 ) ;
#4782 = DIRECTION ( 'NONE',  ( -0.0000000000000000000, 1.000000000000000000, -0.0000000000000000000 ) ) ;
#4783 = CARTESIAN_POINT ( 'NONE',  ( 0.8539928672218799477, 0.9000000000000003553, -0.1796168887522082147 ) ) ;
#4784 = FILL_AREA_STYLE_COLOUR ( '', #8716 ) ;
#4785 = CARTESIAN_POINT ( 'NONE',  ( 1.148039551635142486, 0.8999999999999998002, -0.1125532004072401088 ) ) ;
#4786 = EDGE_CURVE ( 'NONE', #10136, #5243, #4850, .T. ) ;
#4787 = EDGE_LOOP ( 'NONE', ( #6096, #5152, #471, #4580 ) ) ;
#4788 = ADVANCED_FACE ( 'NONE', ( #3447 ), #3396, .T. ) ;
#4789 = CARTESIAN_POINT ( 'NONE',  ( 0.8930575009811880793, 0.6999999999999996225, 0.06688635824830384269 ) ) ;
#4790 = CARTESIAN_POINT ( 'NONE',  ( -0.7034164315381292720, 0.6999999999999996225, 0.08278553142574253398 ) ) ;
#4791 = UNCERTAINTY_MEASURE_WITH_UNIT (LENGTH_MEASURE( 1.000000000000000082E-05 ), #5943, 'distance_accuracy_value', 'NONE');
#4792 = CARTESIAN_POINT ( 'NONE',  ( 0.7714311015076958933, 0.7000000000000003997, -0.1486365113446471709 ) ) ;
#4793 = SURFACE_SIDE_STYLE ('',( #8108 ) ) ;
#4794 = CARTESIAN_POINT ( 'NONE',  ( 0.6394698972825457739, 0.8999999999999999112, -0.07353450863197949494 ) ) ;
#4795 = CARTESIAN_POINT ( 'NONE',  ( -1.499999999999999778, 0.0000000000000000000, 1.250000000000000000 ) ) ;
#4796 = ORIENTED_EDGE ( 'NONE', *, *, #6417, .F. ) ;
#4797 = EDGE_CURVE ( 'NONE', #6753, #7327, #7368, .T. ) ;
#4798 = PRESENTATION_LAYER_ASSIGNMENT (  '', '', ( #4636 ) ) ;
#4799 = VERTEX_POINT ( 'NONE', #5605 ) ;
#4800 = CARTESIAN_POINT ( 'NONE',  ( 0.3312726703855316535, 0.9000000000000003553, -0.04894907365671562899 ) ) ;
#4801 = B_SPLINE_CURVE_WITH_KNOTS ( 'NONE', 3,
 ( #10171, #6126, #9349, #2814, #2158, #1427, #2213, #9244, #2103, #5970, #1373 ),
 .UNSPECIFIED., .F., .F.,
 ( 4, 1, 1, 1, 1, 1, 1, 1, 4 ),
 ( 0.0000000000000000000, 0.1303748382220482060, 0.2524427268009649117, 0.3645769372580522361, 0.4702885781026396317, 0.5798394117278192761, 0.7048170688670550854, 0.8447463550169345137, 1.000000000000000000 ),
 .UNSPECIFIED. ) ;
#4802 = SURFACE_STYLE_FILL_AREA ( #8791 ) ;
#4803 = SURFACE_SIDE_STYLE ('',( #7159 ) ) ;
#4804 = CARTESIAN_POINT ( 'NONE',  ( 1.107890949914124512, 0.6999999999999999556, -0.1226573156495233408 ) ) ;
#4805 = CARTESIAN_POINT ( 'NONE',  ( 0.6536246954497711981, 0.6999999999999997335, -0.02403330742360535247 ) ) ;
#4806 = CARTESIAN_POINT ( 'NONE',  ( 0.3750000000000000000, 0.0000000000000000000, 0.6700000000000000400 ) ) ;
#4807 = PRESENTATION_LAYER_ASSIGNMENT (  '', '', ( #4144 ) ) ;
#4808 = CARTESIAN_POINT ( 'NONE',  ( 0.4406349619690812514, 0.6999999999999998446, 0.009396725539405277258 ) ) ;
#4809 = FACE_OUTER_BOUND ( 'NONE', #3095, .T. ) ;
#4810 = EDGE_CURVE ( 'NONE', #3044, #8377, #340, .T. ) ;
#4811 = CARTESIAN_POINT ( 'NONE',  ( 0.5699258442799823854, 0.6999999999999998446, -0.09712204233841074952 ) ) ;
#4812 = CARTESIAN_POINT ( 'NONE',  ( -0.007898523770085786114, 0.6999999999999999556, 0.01769356154345909371 ) ) ;
#4813 = VECTOR ( 'NONE', #6408, 1000.000000000000000 ) ;
#4814 = PLANE ( 'NONE',  #5156 ) ;
#4815 = CARTESIAN_POINT ( 'NONE',  ( 0.4038813033863780100, 0.6999999999999998446, -0.07466397334766607108 ) ) ;
#4816 = CARTESIAN_POINT ( 'NONE',  ( -0.7005958806938583638, 0.9000000000000002442, -0.2103453034666390997 ) ) ;
#4817 = CARTESIAN_POINT ( 'NONE',  ( 1.044733055177282433, 0.6999999999999999556, -0.1805520524916285896 ) ) ;
#4818 = CARTESIAN_POINT ( 'NONE',  ( 0.8711637606585114213, 0.9000000000000001332, -0.1593970091212280893 ) ) ;
#4819 =( NAMED_UNIT ( * ) SI_UNIT ( $, .STERADIAN. ) SOLID_ANGLE_UNIT ( ) );
#4820 = ORIENTED_EDGE ( 'NONE', *, *, #7264, .T. ) ;
#4821 = PRESENTATION_LAYER_ASSIGNMENT (  '', '', ( #9504 ) ) ;
#4822 = ORIENTED_EDGE ( 'NONE', *, *, #163, .F. ) ;
#4823 = CARTESIAN_POINT ( 'NONE',  ( 1.117376291589158743, 0.9000000000000000222, -0.1952603211970942720 ) ) ;
#4824 = CARTESIAN_POINT ( 'NONE',  ( -0.7964597906323790388, 0.6999999999999998446, -0.08910725197148780530 ) ) ;
#4825 = COLOUR_RGB ( '',1.000000000000000000, 0.9607843137254902244, 0.4549019607843137192 ) ;
#4826 = ORIENTED_EDGE ( 'NONE', *, *, #9417, .F. ) ;
#4827 = VERTEX_POINT ( 'NONE', #9766 ) ;
#4828 = CARTESIAN_POINT ( 'NONE',  ( 0.5269636025761570419, 0.9000000000000000222, -0.1837136004031729442 ) ) ;
#4829 = EDGE_CURVE ( 'NONE', #394, #6963, #5762, .T. ) ;
#4830 = CARTESIAN_POINT ( 'NONE',  ( 0.5489401727095739592, 0.7000000000000002887, -0.1566810548650774126 ) ) ;
#4831 =( LENGTH_UNIT ( ) NAMED_UNIT ( * ) SI_UNIT ( .MILLI., .METRE. ) );
#4832 = VECTOR ( 'NONE', #3873, 1000.000000000000000 ) ;
#4833 = CARTESIAN_POINT ( 'NONE',  ( 0.5999418771220332847, 0.6999999999999998446, 0.08973780313695602084 ) ) ;
#4834 = PLANE ( 'NONE',  #6715 ) ;
#4835 = CARTESIAN_POINT ( 'NONE',  ( 0.8732740465188725265, 0.7000000000000000666, -0.1497791909825888779 ) ) ;
#4836 = CARTESIAN_POINT ( 'NONE',  ( 0.7740702764143727599, 0.6999999999999998446, -0.03102923392518783241 ) ) ;
#4837 = VECTOR ( 'NONE', #1914, 1000.000000000000000 ) ;
#4838 = CARTESIAN_POINT ( 'NONE',  ( 0.9023462238034382077, 0.6999999999999999556, 0.05490956346547812977 ) ) ;
#4839 =( GEOMETRIC_REPRESENTATION_CONTEXT ( 3 ) GLOBAL_UNCERTAINTY_ASSIGNED_CONTEXT ( ( #83 ) ) GLOBAL_UNIT_ASSIGNED_CONTEXT ( ( #6257, #8482, #5427 ) ) REPRESENTATION_CONTEXT ( 'NONE', 'WORKASPACE' ) );
#4840 = ADVANCED_FACE ( 'NONE', ( #9054 ), #5051, .F. ) ;
#4841 = CARTESIAN_POINT ( 'NONE',  ( 1.077949468971568514, 0.7000000000000000666, -0.06945607924880553563 ) ) ;
#4842 = LINE ( 'NONE', #2532, #8570 ) ;
#4843 = CARTESIAN_POINT ( 'NONE',  ( -0.7669820523598196438, 0.6999999999999998446, 0.04638972661842321460 ) ) ;
#4844 = CARTESIAN_POINT ( 'NONE',  ( 0.8711403810374643841, 0.9000000000000000222, -0.07134463974378825457 ) ) ;
#4845 = PRESENTATION_LAYER_ASSIGNMENT (  '', '', ( #1051 ) ) ;
#4846 = CARTESIAN_POINT ( 'NONE',  ( 0.8835261274996485392, 0.6999999999999997335, -0.1990456219702590734 ) ) ;
#4847 = DIRECTION ( 'NONE',  ( 0.0000000000000000000, 0.0000000000000000000, 1.000000000000000000 ) ) ;
#4848 = CARTESIAN_POINT ( 'NONE',  ( 0.6872855566632793956, 0.9000000000000002442, -0.03668224964565072743 ) ) ;
#4849 = ORIENTED_EDGE ( 'NONE', *, *, #815, .T. ) ;
#4850 = LINE ( 'NONE', #8061, #3100 ) ;
#4851 = ORIENTED_EDGE ( 'NONE', *, *, #5640, .T. ) ;
#4852 = LINE ( 'NONE', #925, #8783 ) ;
#4853 = DIRECTION ( 'NONE',  ( -0.0000000000000000000, 1.000000000000000000, -0.0000000000000000000 ) ) ;
#4854 = CARTESIAN_POINT ( 'NONE',  ( 0.5043821779843000730, 0.6999999999999999556, -0.001604684070575989382 ) ) ;
#4855 = CARTESIAN_POINT ( 'NONE',  ( 0.6344682907704156660, 0.6999999999999997335, -0.04399283944731292167 ) ) ;
#4856 = CARTESIAN_POINT ( 'NONE',  ( 0.5318347114397838915, 0.7000000000000001776, 0.07105688290369374660 ) ) ;
#4857 = CARTESIAN_POINT ( 'NONE',  ( -0.6250000000000000000, -0.1000000000000000056, -0.6699999999999965983 ) ) ;
#4858 = DIRECTION ( 'NONE',  ( -1.000000000000000000, 0.0000000000000000000, 0.0000000000000000000 ) ) ;
#4859 = CARTESIAN_POINT ( 'NONE',  ( 0.2860761030328118348, 0.6999999999999998446, -0.03022323033958862482 ) ) ;
#4860 = CARTESIAN_POINT ( 'NONE',  ( 0.6399000801217674672, 0.6999999999999997335, -0.1108435323114342480 ) ) ;
#4861 = ORIENTED_EDGE ( 'NONE', *, *, #9201, .F. ) ;
#4862 = DIRECTION ( 'NONE',  ( 0.5692099788303084384, 0.0000000000000000000, -0.8221921916437784361 ) ) ;
#4863 = SURFACE_SIDE_STYLE ('',( #2597 ) ) ;
#4864 = DIRECTION ( 'NONE',  ( 0.0000000000000000000, 0.0000000000000000000, 1.000000000000000000 ) ) ;
#4865 = EDGE_CURVE ( 'NONE', #6275, #5687, #5103, .T. ) ;
#4866 = FACE_OUTER_BOUND ( 'NONE', #3673, .T. ) ;
#4867 = CARTESIAN_POINT ( 'NONE',  ( 0.7432036885462082187, 0.6999999999999997335, -0.1102361141146203510 ) ) ;
#4868 = CARTESIAN_POINT ( 'NONE',  ( 1.059401218542794121, 0.8999999999999998002, -0.06544642100791232819 ) ) ;
#4869 = FACE_OUTER_BOUND ( 'NONE', #6684, .T. ) ;
#4870 = VERTEX_POINT ( 'NONE', #543 ) ;
#4871 = ORIENTED_EDGE ( 'NONE', *, *, #1253, .T. ) ;
#4872 = CARTESIAN_POINT ( 'NONE',  ( 1.085339112031938669, 0.9000000000000000222, -0.2106078576347537867 ) ) ;
#4873 = CARTESIAN_POINT ( 'NONE',  ( -0.7359686992086823532, 0.9000000000000000222, -0.1840608244214531619 ) ) ;
#4874 = ORIENTED_EDGE ( 'NONE', *, *, #3889, .F. ) ;
#4875 = MECHANICAL_DESIGN_GEOMETRIC_PRESENTATION_REPRESENTATION (  '', ( #4053 ), #9723 ) ;
#4876 = UNCERTAINTY_MEASURE_WITH_UNIT (LENGTH_MEASURE( 1.000000000000000082E-05 ), #6195, 'distance_accuracy_value', 'NONE');
#4877 = CARTESIAN_POINT ( 'NONE',  ( -0.6540997342603889209, 0.6999999999999998446, 0.02356446512102881169 ) ) ;
#4878 = CARTESIAN_POINT ( 'NONE',  ( 0.5392802413555848329, 0.6999999999999999556, 0.07591974514482885406 ) ) ;
#4879 = CARTESIAN_POINT ( 'NONE',  ( -0.8235677310519459171, 0.9000000000000001332, -0.1540822824573906957 ) ) ;
#4880 = LINE ( 'NONE', #7195, #7852 ) ;
#4881 = LINE ( 'NONE', #5697, #8347 ) ;
#4882 = AXIS2_PLACEMENT_3D ( 'NONE', #4205, #3472, #5850 ) ;
#4883 = ORIENTED_EDGE ( 'NONE', *, *, #7298, .T. ) ;
#4884 = CARTESIAN_POINT ( 'NONE',  ( 0.7358410326346203068, 0.7000000000000001776, 0.04420882317578798265 ) ) ;
#4885 = EDGE_LOOP ( 'NONE', ( #3711, #8719, #2456, #650 ) ) ;
#4886 = UNCERTAINTY_MEASURE_WITH_UNIT (LENGTH_MEASURE( 1.000000000000000082E-05 ), #2198, 'distance_accuracy_value', 'NONE');
#4887 = FACE_OUTER_BOUND ( 'NONE', #5935, .T. ) ;
#4888 = DIRECTION ( 'NONE',  ( 0.0000000000000000000, 0.0000000000000000000, -1.000000000000000000 ) ) ;
#4889 = UNCERTAINTY_MEASURE_WITH_UNIT (LENGTH_MEASURE( 1.000000000000000082E-05 ), #6563, 'distance_accuracy_value', 'NONE');
#4890 = MECHANICAL_DESIGN_GEOMETRIC_PRESENTATION_REPRESENTATION (  '', ( #5055 ), #3231 ) ;
#4891 = CARTESIAN_POINT ( 'NONE',  ( -0.7617434753162600769, 0.6999999999999999556, 0.05002613301229404813 ) ) ;
#4892 = CARTESIAN_POINT ( 'NONE',  ( 0.9072805602690056093, 0.8999999999999996891, -0.04486466269463379453 ) ) ;
#4893 = CARTESIAN_POINT ( 'NONE',  ( 0.6556349470091893394, 0.9000000000000001332, 0.01876640561800684351 ) ) ;
#4894 = LINE ( 'NONE', #1897, #1365 ) ;
#4895 = EDGE_CURVE ( 'NONE', #39, #7782, #6032, .T. ) ;
#4896 = ADVANCED_FACE ( 'NONE', ( #433 ), #6766, .T. ) ;
#4897 = CARTESIAN_POINT ( 'NONE',  ( -0.6906563324839196660, 0.9000000000000003553, 0.01061262273564836205 ) ) ;
#4898 = ORIENTED_EDGE ( 'NONE', *, *, #4810, .F. ) ;
#4899 = SURFACE_STYLE_USAGE ( .BOTH. , #7480 ) ;
#4900 =( NAMED_UNIT ( * ) SI_UNIT ( $, .STERADIAN. ) SOLID_ANGLE_UNIT ( ) );
#4901 = CARTESIAN_POINT ( 'NONE',  ( 1.105833814659736403, 0.9000000000000003553, -0.1007696268097383330 ) ) ;
#4902 = CARTESIAN_POINT ( 'NONE',  ( 0.6582080169561498328, 0.7000000000000003997, -0.008807195381372208420 ) ) ;
#4903 = PLANE ( 'NONE',  #1068 ) ;
#4904 =( NAMED_UNIT ( * ) SI_UNIT ( $, .STERADIAN. ) SOLID_ANGLE_UNIT ( ) );
#4905 = CARTESIAN_POINT ( 'NONE',  ( 0.4276310135631588571, 0.8999999999999999112, -0.06131941956773873104 ) ) ;
#4906 = CARTESIAN_POINT ( 'NONE',  ( 0.09034709026500181706, 0.7000000000000000666, -0.1349380174039093161 ) ) ;
#4907 = ORIENTED_EDGE ( 'NONE', *, *, #3689, .F. ) ;
#4908 = SURFACE_SIDE_STYLE ('',( #938 ) ) ;
#4909 = SURFACE_STYLE_USAGE ( .BOTH. , #8799 ) ;
#4910 = CARTESIAN_POINT ( 'NONE',  ( 0.3394698972825455074, 0.8999999999999999112, 0.03965587473384244582 ) ) ;
#4911 = CARTESIAN_POINT ( 'NONE',  ( 0.1541706102787261390, 0.9000000000000000222, 0.006642594362090291707 ) ) ;
#4912 = CARTESIAN_POINT ( 'NONE',  ( 0.5713204934542677194, 0.8999999999999998002, -0.1813278868014736589 ) ) ;
#4913 = CARTESIAN_POINT ( 'NONE',  ( 0.7714311015076958933, 0.9000000000000003553, -0.1486365113446471709 ) ) ;
#4914 = CARTESIAN_POINT ( 'NONE',  ( 0.5525662815547820461, 0.9000000000000001332, -0.03490043798231574901 ) ) ;
#4915 = VECTOR ( 'NONE', #1086, 1000.000000000000000 ) ;
#4916 = CARTESIAN_POINT ( 'NONE',  ( 0.7581409953604311136, 0.9000000000000000222, -0.06505859029947427818 ) ) ;
#4917 = EDGE_LOOP ( 'NONE', ( #8287, #8478, #9227, #4954 ) ) ;
#4918 = CARTESIAN_POINT ( 'NONE',  ( 0.1689755209055162910, 0.9000000000000001332, -0.2193756851533144314 ) ) ;
#4919 = EDGE_LOOP ( 'NONE', ( #5895, #1705, #6391, #3632 ) ) ;
#4920 = EDGE_CURVE ( 'NONE', #5821, #8415, #1999, .T. ) ;
#4921 = CARTESIAN_POINT ( 'NONE',  ( 0.09472925726633370236, 0.9000000000000002442, 0.02420067479620540557 ) ) ;
#4922 = PLANE ( 'NONE',  #9454 ) ;
#4923 = CARTESIAN_POINT ( 'NONE',  ( 0.5465026602061440197, 0.6999999999999998446, -0.1392500304593271010 ) ) ;
#4924 = FACE_OUTER_BOUND ( 'NONE', #10041, .T. ) ;
#4925 = CARTESIAN_POINT ( 'NONE',  ( 0.6229371906952458904, 0.6999999999999997335, 0.08823581943322282573 ) ) ;
#4926 = CARTESIAN_POINT ( 'NONE',  ( 0.4171209341235379009, 0.8999999999999998002, -0.1044638161030358170 ) ) ;
#4927 = CARTESIAN_POINT ( 'NONE',  ( -0.8176490827418646523, 0.6999999999999999556, -0.1662060439421389202 ) ) ;
#4928 = CARTESIAN_POINT ( 'NONE',  ( 0.5325404057949321146, 0.6999999999999998446, -0.08778995276134025916 ) ) ;
#4929 = SURFACE_SIDE_STYLE ('',( #6596 ) ) ;
#4930 = ORIENTED_EDGE ( 'NONE', *, *, #2463, .F. ) ;
#4931 = CARTESIAN_POINT ( 'NONE',  ( 0.7975409840548587370, 0.7000000000000000666, -0.04977362794843819688 ) ) ;
#4932 = ORIENTED_EDGE ( 'NONE', *, *, #6610, .F. ) ;
#4933 = EDGE_LOOP ( 'NONE', ( #848, #3686, #3126, #5034 ) ) ;
#4934 = DIRECTION ( 'NONE',  ( 1.000000000000000000, -0.0000000000000000000, 0.0000000000000000000 ) ) ;
#4935 = FACE_BOUND ( 'NONE', #9368, .T. ) ;
#4936 = DIRECTION ( 'NONE',  ( -0.0000000000000000000, 0.0000000000000000000, -1.000000000000000000 ) ) ;
#4937 = CARTESIAN_POINT ( 'NONE',  ( 0.7346986826635786283, 0.7000000000000002887, -0.03287577982225470957 ) ) ;
#4938 = CARTESIAN_POINT ( 'NONE',  ( 0.8575259760720672642, 0.6999999999999998446, 0.08643298857021698700 ) ) ;
#4939 = CARTESIAN_POINT ( 'NONE',  ( -0.7059068930198486580, 0.6999999999999999556, -0.1732674969671386400 ) ) ;
#4940 = CARTESIAN_POINT ( 'NONE',  ( 0.9053016761773531318, 0.6999999999999998446, -0.1173389452988363307 ) ) ;
#4941 = CARTESIAN_POINT ( 'NONE',  ( -0.6250000000000000000, -0.1000000000000000056, 0.0000000000000000000 ) ) ;
#4942 = CARTESIAN_POINT ( 'NONE',  ( -0.8322599970489269472, 0.9000000000000001332, 0.01063007290813040850 ) ) ;
#4943 = ORIENTED_EDGE ( 'NONE', *, *, #7207, .F. ) ;
#4944 = ORIENTED_EDGE ( 'NONE', *, *, #9447, .F. ) ;
#4945 =( LENGTH_UNIT ( ) NAMED_UNIT ( * ) SI_UNIT ( .MILLI., .METRE. ) );
#4946 = DIRECTION ( 'NONE',  ( 0.0000000000000000000, 0.0000000000000000000, -1.000000000000000000 ) ) ;
#4947 = EDGE_CURVE ( 'NONE', #5752, #7888, #3596, .T. ) ;
#4948 = B_SPLINE_SURFACE_WITH_KNOTS ( 'NONE', 3, 1, ( 
 ( #1738, #3957 ),
 ( #5594, #9599 ),
 ( #8817, #10273 ),
 ( #5452, #860 ),
 ( #4835, #7297 ),
 ( #8097, #8673 ),
 ( #1542, #9551 ),
 ( #4115, #4005 ),
 ( #8723, #7951 ),
 ( #8047, #9451 ),
 ( #10316, #45 ),
 ( #3179, #2374 ),
 ( #2420, #4783 ),
 ( #905, #6337 ),
 ( #4056, #7897 ),
 ( #7139, #752 ),
 ( #957, #810 ),
 ( #7243, #5505 ),
 ( #5552, #3081 ),
 ( #3138, #4739 ),
 ( #8776, #6287 ),
 ( #5644, #3225 ),
 ( #3274, #6442 ),
 ( #2522, #6386 ),
 ( #9647, #8873 ),
 ( #9497, #3476 ),
 ( #9083, #7510 ),
 ( #4210, #6595 ),
 ( #6546, #9801 ),
 ( #2569, #1011 ),
 ( #9850, #4162 ),
 ( #2713, #5854 ),
 ( #8929, #2763 ),
 ( #5749, #157 ) ),
 .UNSPECIFIED., .F., .F., .F.,
 ( 4, 1, 1, 1, 1, 1, 1, 1, 1, 1, 1, 1, 1, 1, 1, 1, 1, 1, 1, 1, 1, 1, 1, 1, 1, 1, 1, 1, 1, 1, 1, 4 ),
 ( 2, 2 ),
 ( 0.4999999999839911391, 0.5006658768179803598, 0.5176992088370960809, 0.5345885246772016375, 0.5504118387734342477, 0.5655495732241393458, 0.5799939736924618616, 0.5941467760718646129, 0.6080609930483468206, 0.6219948703596925865, 0.6361610574130704965, 0.6507360740270515809, 0.6655148265164354537, 0.6808392061421464359, 0.6967686291496260065, 0.7134357983016842431, 0.7309566613366287324, 0.7496362701015555352, 0.7691495266376306983, 0.7885285061174635013, 0.8066461500531906248, 0.8236200373703472799, 0.8395229995239967824, 0.8543017520133806553, 0.8685937316529249719, 0.8822836710319471587, 0.8956466857834166628, 0.9216587849400305066, 0.9472052799627519448, 0.9730378515329664024, 1.000000000000000000, 1.003000000000096037 ),
 ( 0.0000000000000000000, 1.000000000000000000 ),
 .UNSPECIFIED. ) ;
#4949 = CARTESIAN_POINT ( 'NONE',  ( 1.107739438573630331, 0.7000000000000000666, -0.1148666908088316063 ) ) ;
#4950 = CARTESIAN_POINT ( 'NONE',  ( 0.6263389011363541536, 0.9000000000000001332, -0.04865509161013194250 ) ) ;
#4951 = CARTESIAN_POINT ( 'NONE',  ( 0.5699258442799823854, 0.6999999999999998446, -0.09712204233841074952 ) ) ;
#4952 = CARTESIAN_POINT ( 'NONE',  ( 0.4171209341235379009, 0.6999999999999997335, -0.1044638161030358170 ) ) ;
#4953 = VECTOR ( 'NONE', #2917, 1000.000000000000000 ) ;
#4954 = ORIENTED_EDGE ( 'NONE', *, *, #1948, .T. ) ;
#4955 = VERTEX_POINT ( 'NONE', #2926 ) ;
#4956 = CARTESIAN_POINT ( 'NONE',  ( 0.7745576165807912528, 0.6999999999999999556, -0.07528889459689179497 ) ) ;
#4957 = CARTESIAN_POINT ( 'NONE',  ( 0.0000000000000000000, 0.6999999999999999556, 0.0000000000000000000 ) ) ;
#4958 = DIRECTION ( 'NONE',  ( -0.0000000000000000000, 1.000000000000000000, -0.0000000000000000000 ) ) ;
#4959 = VECTOR ( 'NONE', #7122, 1000.000000000000000 ) ;
#4960 = DIRECTION ( 'NONE',  ( 0.0000000000000000000, 0.0000000000000000000, -1.000000000000000000 ) ) ;
#4962 = EDGE_CURVE ( 'NONE', #6477, #7224, #729, .T. ) ;
#4961 = CARTESIAN_POINT ( 'NONE',  ( -0.7005958806938583638, 0.7000000000000001776, -0.2103453034666390997 ) ) ;
#4963 = DIRECTION ( 'NONE',  ( 1.000000000000000000, -0.0000000000000000000, 0.0000000000000000000 ) ) ;
#4964 = CARTESIAN_POINT ( 'NONE',  ( 0.8294749225027299167, 0.8999999999999999112, -0.1860197224330941979 ) ) ;
#4965 = CARTESIAN_POINT ( 'NONE',  ( 0.6570488190229226699, 0.9000000000000000222, -0.01512198665577810935 ) ) ;
#4966 = EDGE_CURVE ( 'NONE', #1840, #5821, #9916, .T. ) ;
#4967 = CARTESIAN_POINT ( 'NONE',  ( 0.7346986826635786283, 0.7000000000000002887, -0.03287577982225470957 ) ) ;
#4968 = ORIENTED_EDGE ( 'NONE', *, *, #462, .T. ) ;
#4969 = ORIENTED_EDGE ( 'NONE', *, *, #819, .T. ) ;
#4970 = CARTESIAN_POINT ( 'NONE',  ( 0.1447330551772826601, 0.9000000000000001332, -0.2191485437196987740 ) ) ;
#4971 = ORIENTED_EDGE ( 'NONE', *, *, #9958, .T. ) ;
#4972 = STYLED_ITEM ( 'NONE', ( #7751 ), #8013 ) ;
#4973 = DIRECTION ( 'NONE',  ( -0.0000000000000000000, 1.000000000000000000, -0.0000000000000000000 ) ) ;
#4974 = LINE ( 'NONE', #1060, #2129 ) ;
#4975 = PLANE ( 'NONE',  #2566 ) ;
#4976 = CARTESIAN_POINT ( 'NONE',  ( -0.6811637874297523654, 0.7000000000000000666, 0.06813569573696434678 ) ) ;
#4978 = EDGE_CURVE ( 'NONE', #6120, #5089, #2774, .T. ) ;
#4977 = CARTESIAN_POINT ( 'NONE',  ( 0.5112796291258482340, 0.8999999999999995781, 0.04420882317578790632 ) ) ;
#4979 = CARTESIAN_POINT ( 'NONE',  ( 0.4452617932193364547, 0.8999999999999999112, -0.09002872140742596008 ) ) ;
#4980 = CARTESIAN_POINT ( 'NONE',  ( 0.6587118288567281876, 0.7000000000000000666, -0.001550926232035562853 ) ) ;
#4981 = AXIS2_PLACEMENT_3D ( 'NONE', #2053, #6185, #9403 ) ;
#4982 = CARTESIAN_POINT ( 'NONE',  ( 0.8771460551714559406, 0.8999999999999998002, 0.02670807625952663356 ) ) ;
#4983 = EDGE_CURVE ( 'NONE', #9053, #2646, #8364, .T. ) ;
#4984 = CARTESIAN_POINT ( 'NONE',  ( 0.4155177994651816920, 0.8999999999999999112, -0.06982523802092543974 ) ) ;
#4985 = CARTESIAN_POINT ( 'NONE',  ( 0.4210182143145457800, 0.9000000000000004663, 0.04498722318875492815 ) ) ;
#4986 = EDGE_LOOP ( 'NONE', ( #5062, #7530, #8479, #8830 ) ) ;
#4987 = ORIENTED_EDGE ( 'NONE', *, *, #2370, .T. ) ;
#4988 = LINE ( 'NONE', #1841, #1333 ) ;
#4989 = PRESENTATION_LAYER_ASSIGNMENT (  '', '', ( #2844 ) ) ;
#4990 =( NAMED_UNIT ( * ) PLANE_ANGLE_UNIT ( ) SI_UNIT ( $, .RADIAN. ) );
#4991 = FACE_BOUND ( 'NONE', #978, .T. ) ;
#4992 = LINE ( 'NONE', #8251, #749 ) ;
#4993 =( NAMED_UNIT ( * ) PLANE_ANGLE_UNIT ( ) SI_UNIT ( $, .RADIAN. ) );
#4994 =( GEOMETRIC_REPRESENTATION_CONTEXT ( 3 ) GLOBAL_UNCERTAINTY_ASSIGNED_CONTEXT ( ( #654 ) ) GLOBAL_UNIT_ASSIGNED_CONTEXT ( ( #2555, #5536, #3307 ) ) REPRESENTATION_CONTEXT ( 'NONE', 'WORKASPACE' ) );
#4995 = CARTESIAN_POINT ( 'NONE',  ( -0.7144127778345452651, 0.6999999999999998446, -0.1793782803310899621 ) ) ;
#4996 = CARTESIAN_POINT ( 'NONE',  ( 0.8854460515698544532, 0.9000000000000001332, -0.08692588343174387222 ) ) ;
#4997 = DIRECTION ( 'NONE',  ( 0.0000000000000000000, 0.0000000000000000000, 1.000000000000000000 ) ) ;
#4998 = CARTESIAN_POINT ( 'NONE',  ( -0.1763195764016647626, 0.6999999999999999556, 0.01769356154345909371 ) ) ;
#4999 = VECTOR ( 'NONE', #6440, 1000.000000000000000 ) ;
#5000 = ORIENTED_EDGE ( 'NONE', *, *, #6507, .F. ) ;
#5001 = ORIENTED_EDGE ( 'NONE', *, *, #8431, .T. ) ;
#5002 = STYLED_ITEM ( 'NONE', ( #7647 ), #568 ) ;
#5003 = DIRECTION ( 'NONE',  ( -0.0000000000000000000, 1.000000000000000000, -0.0000000000000000000 ) ) ;
#5004 = AXIS2_PLACEMENT_3D ( 'NONE', #6735, #5120, #1916 ) ;
#5005 = CARTESIAN_POINT ( 'NONE',  ( -0.9249999999999996003, -0.1000000000000000056, 4.011548038196366406E-16 ) ) ;
#5006 = CARTESIAN_POINT ( 'NONE',  ( 0.3570137569316684245, 0.9000000000000000222, -0.1016046840705759902 ) ) ;
#5007 = CARTESIAN_POINT ( 'NONE',  ( 0.5851861128196563788, 0.6999999999999997335, -0.09193065823550432281 ) ) ;
#5008 = CARTESIAN_POINT ( 'NONE',  ( 1.044733055177282433, 0.9000000000000000222, -0.06476257880741809192 ) ) ;
#5009 = CYLINDRICAL_SURFACE ( 'NONE', #3269, 0.1380183217409907959 ) ;
#5010 = CARTESIAN_POINT ( 'NONE',  ( 0.4558798613314274939, 0.7000000000000001776, -0.08133439561248008431 ) ) ;
#5011 = VECTOR ( 'NONE', #2800, 1000.000000000000000 ) ;
#5012 = ORIENTED_EDGE ( 'NONE', *, *, #5525, .T. ) ;
#5013 = ORIENTED_EDGE ( 'NONE', *, *, #93, .F. ) ;
#5014 = CARTESIAN_POINT ( 'NONE',  ( 0.3903470902650017504, 0.6999999999999999556, -0.2173941577547864601 ) ) ;
#5015 = CARTESIAN_POINT ( 'NONE',  ( 0.7571018093037040764, 0.9000000000000000222, -0.08778995276134027304 ) ) ;
#5016 = CARTESIAN_POINT ( 'NONE',  ( 0.8496877610668313041, 0.6999999999999999556, -0.09711692372561581132 ) ) ;
#5017 = VECTOR ( 'NONE', #10028, 1000.000000000000000 ) ;
#5018 = LINE ( 'NONE', #8965, #362 ) ;
#5019 = CARTESIAN_POINT ( 'NONE',  ( 0.3251619030596976101, 0.8999999999999999112, 0.01533359062074406490 ) ) ;
#5020 = CARTESIAN_POINT ( 'NONE',  ( 0.6491682060335389748, 0.9000000000000000222, -0.1408872306333315283 ) ) ;
#5021 = CARTESIAN_POINT ( 'NONE',  ( 0.7314406971190807738, 0.9000000000000000222, -0.02255059083800073361 ) ) ;
#5022 = EDGE_LOOP ( 'NONE', ( #1014, #4907, #3332, #5631 ) ) ;
#5023 = CARTESIAN_POINT ( 'NONE',  ( 0.2288021206528247087, 0.9000000000000001332, -0.1004781246870458944 ) ) ;
#5024 = EDGE_CURVE ( 'NONE', #1527, #747, #6815, .T. ) ;
#5025 = CARTESIAN_POINT ( 'NONE',  ( 0.1464946802931853254, 0.8999999999999998002, -0.03574760698142465110 ) ) ;
#5026 = CARTESIAN_POINT ( 'NONE',  ( 0.4111412754742977960, 0.9000000000000002442, 0.05210783987843282949 ) ) ;
#5027 = DIRECTION ( 'NONE',  ( -1.000000000000000000, 0.0000000000000000000, 0.0000000000000000000 ) ) ;
#5028 = CARTESIAN_POINT ( 'NONE',  ( -0.6811637874297523654, 0.9000000000000001332, 0.06813569573696434678 ) ) ;
#5029 = CARTESIAN_POINT ( 'NONE',  ( -0.7576989534949165606, 0.6999999999999998446, -0.2150892685545510719 ) ) ;
#5030 = CARTESIAN_POINT ( 'NONE',  ( 0.5217285166806163721, 0.6999999999999998446, -0.1022908942736979604 ) ) ;
#5031 = SURFACE_STYLE_USAGE ( .BOTH. , #4929 ) ;
#5032 = ORIENTED_EDGE ( 'NONE', *, *, #8474, .F. ) ;
#5033 = ORIENTED_EDGE ( 'NONE', *, *, #6045, .T. ) ;
#5034 = ORIENTED_EDGE ( 'NONE', *, *, #6880, .F. ) ;
#5035 = CARTESIAN_POINT ( 'NONE',  ( 0.0000000000000000000, 0.0000000000000000000, 0.6700000000000000400 ) ) ;
#5036 = VECTOR ( 'NONE', #4888, 1000.000000000000000 ) ;
#5037 = ADVANCED_FACE ( 'NONE', ( #6079 ), #791, .T. ) ;
#5038 = EDGE_CURVE ( 'NONE', #8895, #8038, #4311, .T. ) ;
#5039 = DIRECTION ( 'NONE',  ( 0.0000000000000000000, 0.0000000000000000000, -1.000000000000000000 ) ) ;
#5040 = FACE_BOUND ( 'NONE', #5443, .T. ) ;
#5041 = DIRECTION ( 'NONE',  ( -0.0000000000000000000, 1.000000000000000000, -0.0000000000000000000 ) ) ;
#5042 = CARTESIAN_POINT ( 'NONE',  ( 0.7422509301937817439, 0.7000000000000002887, -0.04779836126451674633 ) ) ;
#5043 = COLOUR_RGB ( '',1.000000000000000000, 0.9607843137254902244, 0.4549019607843137192 ) ;
#5044 = EDGE_CURVE ( 'NONE', #5283, #1740, #9898, .T. ) ;
#5045 = LINE ( 'NONE', #1941, #5668 ) ;
#5046 = CARTESIAN_POINT ( 'NONE',  ( 0.5499962130720192910, 0.9000000000000000222, -0.07528889459689178110 ) ) ;
#5047 = CARTESIAN_POINT ( 'NONE',  ( 0.3561739946260574219, 0.9000000000000001332, 0.08733090204823056035 ) ) ;
#5048 = CARTESIAN_POINT ( 'NONE',  ( 0.6896762315056751413, 0.9000000000000001332, 0.03168865755623485186 ) ) ;
#5049 = CARTESIAN_POINT ( 'NONE',  ( -0.7411738841510963072, 0.9000000000000001332, 0.08953287782178512288 ) ) ;
#5050 = B_SPLINE_CURVE_WITH_KNOTS ( 'NONE', 3,
 ( #3028, #6981, #8508, #536, #4534, #5289, #6023, #6074, #7735, #8407, #10119, #8562, #6809, #5246, #3693, #9298, #6758, #2975, #9964 ),
 .UNSPECIFIED., .F., .F.,
 ( 4, 1, 1, 1, 1, 1, 1, 1, 1, 1, 1, 1, 1, 1, 1, 1, 4 ),
 ( 0.0000000000000000000, 0.09220499935330879471, 0.1786111425661521257, 0.2594674975507371140, 0.3347254146574625278, 0.4051723599889031635, 0.4711020148461196322, 0.5332769618658825816, 0.5918407540316086290, 0.6478317333616935292, 0.7007029246638243336, 0.7515354073379628685, 0.8009331659967295902, 0.8498384159260802262, 0.8985598889978614334, 0.9485671388889745925, 1.000000000000000000 ),
 .UNSPECIFIED. ) ;
#5051 = PLANE ( 'NONE',  #3251 ) ;
#5052 = CARTESIAN_POINT ( 'NONE',  ( 0.6425882557813258344, 0.7000000000000002887, -0.1150618645473976548 ) ) ;
#5053 = EDGE_CURVE ( 'NONE', #7144, #2097, #9059, .T. ) ;
#5054 = EDGE_LOOP ( 'NONE', ( #2413, #196, #7838, #9984 ) ) ;
#5055 = STYLED_ITEM ( 'NONE', ( #1337 ), #3228 ) ;
#5056 = CARTESIAN_POINT ( 'NONE',  ( 1.059401218542794565, 0.7000000000000001776, -0.1798682102911343395 ) ) ;
#5057 = CARTESIAN_POINT ( 'NONE',  ( 0.1250000000000000000, -0.1000000000000000056, 0.0000000000000000000 ) ) ;
#5058 = DIRECTION ( 'NONE',  ( 0.0000000000000000000, 0.0000000000000000000, -1.000000000000000000 ) ) ;
#5059 = FACE_OUTER_BOUND ( 'NONE', #7944, .T. ) ;
#5060 = CARTESIAN_POINT ( 'NONE',  ( -0.7492988924491774672, 0.6999999999999999556, -0.1824092285516123180 ) ) ;
#5061 = AXIS2_PLACEMENT_3D ( 'NONE', #4957, #6418, #3853 ) ;
#5062 = ORIENTED_EDGE ( 'NONE', *, *, #5024, .F. ) ;
#5063 = EDGE_CURVE ( 'NONE', #663, #3219, #8656, .T. ) ;
#5064 = VERTEX_POINT ( 'NONE', #10301 ) ;
#5065 = LINE ( 'NONE', #5014, #3158 ) ;
#5066 = CARTESIAN_POINT ( 'NONE',  ( 0.7471826816924853620, 0.9000000000000002442, -0.1770596350072976000 ) ) ;
#5067 = COLOUR_RGB ( '',1.000000000000000000, 0.9607843137254902244, 0.4549019607843137192 ) ;
#5068 = FACE_OUTER_BOUND ( 'NONE', #559, .T. ) ;
#5069 = PLANE ( 'NONE',  #1707 ) ;
#5070 =( LENGTH_UNIT ( ) NAMED_UNIT ( * ) SI_UNIT ( .MILLI., .METRE. ) );
#5071 = LINE ( 'NONE', #9881, #1722 ) ;
#5072 = LINE ( 'NONE', #1299, #22 ) ;
#5073 = CARTESIAN_POINT ( 'NONE',  ( 0.7471826816924853620, 0.7000000000000000666, -0.1770596350072976000 ) ) ;
#5074 = CARTESIAN_POINT ( 'NONE',  ( 0.5428979948900144459, 0.9000000000000001332, -0.01816036597924367349 ) ) ;
#5075 = CARTESIAN_POINT ( 'NONE',  ( 0.7385218010332300631, 0.8999999999999996891, -0.04125322462648152444 ) ) ;
#5076 = CARTESIAN_POINT ( 'NONE',  ( 0.0000000000000000000, -0.1000000000000000056, 0.0000000000000000000 ) ) ;
#5077 = AXIS2_PLACEMENT_3D ( 'NONE', #8638, #666, #6839 ) ;
#5078 = ORIENTED_EDGE ( 'NONE', *, *, #2256, .T. ) ;
#5079 =( NAMED_UNIT ( * ) PLANE_ANGLE_UNIT ( ) SI_UNIT ( $, .RADIAN. ) );
#5080 = CARTESIAN_POINT ( 'NONE',  ( 0.3941350363634700815, 0.8999999999999999112, 0.05767862998367976474 ) ) ;
#5081 = UNCERTAINTY_MEASURE_WITH_UNIT (LENGTH_MEASURE( 1.000000000000000082E-05 ), #5070, 'distance_accuracy_value', 'NONE');
#5082 = CARTESIAN_POINT ( 'NONE',  ( -0.6935579888067482379, 0.7000000000000000666, -0.1538189617517113361 ) ) ;
#5083 = CARTESIAN_POINT ( 'NONE',  ( -0.6743350051625934816, 0.8999999999999999112, 0.06159971658794875793 ) ) ;
#5084 = LINE ( 'NONE', #4410, #4349 ) ;
#5085 = CARTESIAN_POINT ( 'NONE',  ( 0.3980698751965556226, 0.9000000000000000222, 0.08903034335481008199 ) ) ;
#5086 = CARTESIAN_POINT ( 'NONE',  ( -0.8392365929013065884, 0.6999999999999998446, -0.07377301090776901271 ) ) ;
#5087 = CARTESIAN_POINT ( 'NONE',  ( 0.7796378782277122443, 0.8999999999999999112, 0.04385138482649061226 ) ) ;
#5088 = EDGE_CURVE ( 'NONE', #113, #2862, #738, .T. ) ;
#5089 = VERTEX_POINT ( 'NONE', #4725 ) ;
#5090 = EDGE_LOOP ( 'NONE', ( #8806, #1315, #4472, #7769 ) ) ;
#5091 = ORIENTED_EDGE ( 'NONE', *, *, #2647, .T. ) ;
#5092 = MECHANICAL_DESIGN_GEOMETRIC_PRESENTATION_REPRESENTATION (  '', ( #10276 ), #2624 ) ;
#5093 = CARTESIAN_POINT ( 'NONE',  ( -0.6853476189333476132, 0.9000000000000001332, -0.2011811679382112250 ) ) ;
#5094 = UNCERTAINTY_MEASURE_WITH_UNIT (LENGTH_MEASURE( 1.000000000000000082E-05 ), #2683, 'distance_accuracy_value', 'NONE');
#5095 = CARTESIAN_POINT ( 'NONE',  ( 0.8877275990855847398, 0.9000000000000004663, 0.07201701681004753219 ) ) ;
#5096 = VECTOR ( 'NONE', #6187, 1000.000000000000114 ) ;
#5097 = CARTESIAN_POINT ( 'NONE',  ( -0.7361370772373790894, 0.6999999999999999556, 0.05625129041798418439 ) ) ;
#5098 = EDGE_CURVE ( 'NONE', #1886, #6477, #8176, .T. ) ;
#5099 = CARTESIAN_POINT ( 'NONE',  ( 0.5164626040975222043, 0.7000000000000002887, -0.1626029412461153512 ) ) ;
#5100 = CARTESIAN_POINT ( 'NONE',  ( 0.3993755561869924420, 0.8999999999999998002, -0.1070189019077570497 ) ) ;
#5101 = CARTESIAN_POINT ( 'NONE',  ( 0.5043821779843000730, 0.9000000000000000222, -0.001604684070575989382 ) ) ;
#5102 = CARTESIAN_POINT ( 'NONE',  ( -0.8394027172676554738, 0.9000000000000001332, -0.04816849070027868357 ) ) ;
#5103 = LINE ( 'NONE', #1279, #9437 ) ;
#5104 = DIRECTION ( 'NONE',  ( 0.8221921916437785471, 0.0000000000000000000, 0.5692099788303085495 ) ) ;
#5105 = ORIENTED_EDGE ( 'NONE', *, *, #7750, .T. ) ;
#5106 = LINE ( 'NONE', #8313, #2733 ) ;
#5107 = CARTESIAN_POINT ( 'NONE',  ( -1.399999999999999689, -0.1000000000000000056, -0.8749999999999996669 ) ) ;
#5108 = CARTESIAN_POINT ( 'NONE',  ( 1.187634982997886501, 0.9000000000000000222, 1.116070660680423376 ) ) ;
#5109 = PLANE ( 'NONE',  #8526 ) ;
#5110 = CARTESIAN_POINT ( 'NONE',  ( 0.5911301235736609039, 0.7000000000000002887, -0.09125568563725121318 ) ) ;
#5111 = CARTESIAN_POINT ( 'NONE',  ( 0.5149374277891378693, 0.7000000000000001776, 0.05179795047569915600 ) ) ;
#5112 = EDGE_CURVE ( 'NONE', #5727, #7154, #6146, .T. ) ;
#5113 = CARTESIAN_POINT ( 'NONE',  ( 0.3414494893238093076, 0.6999999999999997335, 0.08297247713020328153 ) ) ;
#5114 = VERTEX_POINT ( 'NONE', #8970 ) ;
#5115 = ORIENTED_EDGE ( 'NONE', *, *, #4198, .T. ) ;
#5116 = LINE ( 'NONE', #8325, #7844 ) ;
#5117 = CARTESIAN_POINT ( 'NONE',  ( 0.7683814350276778615, 0.6999999999999999556, -0.2020494904226866062 ) ) ;
#5118 = LINE ( 'NONE', #1913, #781 ) ;
#5119 = CARTESIAN_POINT ( 'NONE',  ( -0.1973722079806121410, 0.6999999999999999556, -0.08230643845654088409 ) ) ;
#5120 = DIRECTION ( 'NONE',  ( 0.0000000000000000000, 1.000000000000000000, 0.0000000000000000000 ) ) ;
#5121 = CARTESIAN_POINT ( 'NONE',  ( 0.2063220865844659635, 0.6999999999999998446, -0.06060253671620412924 ) ) ;
#5122 = EDGE_CURVE ( 'NONE', #7551, #9431, #86, .T. ) ;
#5123 = CARTESIAN_POINT ( 'NONE',  ( 0.0000000000000000000, -0.1000000000000000056, -0.1250000000000001665 ) ) ;
#5124 = CARTESIAN_POINT ( 'NONE',  ( 0.2063220865844659635, 0.8999999999999999112, -0.06060253671620412924 ) ) ;
#5125 = ORIENTED_EDGE ( 'NONE', *, *, #1213, .F. ) ;
#5126 = CARTESIAN_POINT ( 'NONE',  ( -0.3750000000000000000, -0.1000000000000000056, -1.149999999999996581 ) ) ;
#5127 = VECTOR ( 'NONE', #3376, 1000.000000000000000 ) ;
#5128 = CARTESIAN_POINT ( 'NONE',  ( -0.7245058631758631851, 0.6999999999999998446, -0.1829387492261359549 ) ) ;
#5129 = LINE ( 'NONE', #365, #5011 ) ;
#5130 = CARTESIAN_POINT ( 'NONE',  ( 0.4795210483643950194, 0.7000000000000001776, 0.005250784392804057170 ) ) ;
#5131 = CARTESIAN_POINT ( 'NONE',  ( 0.1929298028267642795, 0.7000000000000001776, -0.1067641622361169829 ) ) ;
#5132 = CARTESIAN_POINT ( 'NONE',  ( 0.8026521538269113520, 0.8999999999999996891, 0.05420695099237284043 ) ) ;
#5133 = PRESENTATION_STYLE_ASSIGNMENT (( #2967 ) ) ;
#5134 = CARTESIAN_POINT ( 'NONE',  ( 0.3941350363634700815, 0.9000000000000000222, 0.05767862998367976474 ) ) ;
#5135 = VERTEX_POINT ( 'NONE', #3369 ) ;
#5136 = ORIENTED_EDGE ( 'NONE', *, *, #6618, .F. ) ;
#5137 = VERTEX_POINT ( 'NONE', #3257 ) ;
#5138 = LINE ( 'NONE', #1223, #838 ) ;
#5139 = CARTESIAN_POINT ( 'NONE',  ( 0.7660118264542384869, 0.9000000000000003553, 0.01626577587549258089 ) ) ;
#5140 = LINE ( 'NONE', #5703, #4715 ) ;
#5141 = PLANE ( 'NONE',  #9085 ) ;
#5142 = CARTESIAN_POINT ( 'NONE',  ( 0.7807958060217028429, 0.8999999999999999112, 0.08372307155064834250 ) ) ;
#5143 = CARTESIAN_POINT ( 'NONE',  ( -0.7024303492801909909, 0.9000000000000000222, 0.03788512962180826116 ) ) ;
#5144 = CARTESIAN_POINT ( 'NONE',  ( 0.5318885568593608726, 0.8999999999999999112, -0.1902900081931199194 ) ) ;
#5145 = CARTESIAN_POINT ( 'NONE',  ( 0.4772776240744267540, 0.8999999999999998002, 0.01688292468170371485 ) ) ;
#5146 = CARTESIAN_POINT ( 'NONE',  ( 0.6631661955768126671, 0.8999999999999999112, 0.07201701681004762934 ) ) ;
#5147 = COLOUR_RGB ( '',1.000000000000000000, 0.9607843137254902244, 0.4549019607843137192 ) ;
#5148 = CARTESIAN_POINT ( 'NONE',  ( -0.8022001659330330048, 0.8999999999999999112, 0.06343026617072126949 ) ) ;
#5149 = CARTESIAN_POINT ( 'NONE',  ( 0.5289018753625445157, 0.6999999999999998446, -0.06115973151536305275 ) ) ;
#5150 = EDGE_CURVE ( 'NONE', #4316, #4955, #299, .T. ) ;
#5151 = EDGE_CURVE ( 'NONE', #9215, #7580, #3802, .T. ) ;
#5152 = ORIENTED_EDGE ( 'NONE', *, *, #1498, .T. ) ;
#5153 = CARTESIAN_POINT ( 'NONE',  ( 0.3047164403770541985, 0.6999999999999998446, -0.08146419177985651794 ) ) ;
#5154 = PLANE ( 'NONE',  #2869 ) ;
#5155 = LINE ( 'NONE', #3496, #8905 ) ;
#5156 = AXIS2_PLACEMENT_3D ( 'NONE', #6529, #793, #3164 ) ;
#5157 = CARTESIAN_POINT ( 'NONE',  ( 0.5467835905770140892, 0.8999999999999999112, -0.02701382103186768940 ) ) ;
#5158 = AXIS2_PLACEMENT_3D ( 'NONE', #8361, #4377, #7186 ) ;
#5159 = CARTESIAN_POINT ( 'NONE',  ( 0.5973646592230803520, 0.6999999999999998446, -0.09098620907987550743 ) ) ;
#5160 = DIRECTION ( 'NONE',  ( 0.0000000000000000000, 0.0000000000000000000, 1.000000000000000000 ) ) ;
#5161 = CARTESIAN_POINT ( 'NONE',  ( 0.3023283683432498870, 0.7000000000000001776, 0.05310224845356911749 ) ) ;
#5162 = ORIENTED_EDGE ( 'NONE', *, *, #700, .T. ) ;
#5163 = ORIENTED_EDGE ( 'NONE', *, *, #1845, .F. ) ;
#5164 = B_SPLINE_CURVE_WITH_KNOTS ( 'NONE', 3,
 ( #5824, #9003, #3399, #8214, #1952, #5930, #6564, #1082, #4232, #7430, #280, #2732, #3451, #2005, #1902, #5056, #8265, #7481, #332 ),
 .UNSPECIFIED., .F., .F.,
 ( 4, 1, 1, 1, 1, 1, 1, 1, 1, 1, 1, 1, 1, 1, 1, 1, 4 ),
 ( 0.0000000000000000000, 0.08020198071471169865, 0.1541926428583952902, 0.2224506758508645876, 0.2855617496297179203, 0.3440156478967577591, 0.3983382243803275102, 0.4503522145598930493, 0.5006348921861147883, 0.5517884752738344556, 0.6051526559950117790, 0.6607006352307768227, 0.7206892810595120213, 0.7839583050024641064, 0.8511470700523747768, 0.9230740667497447927, 0.9999999999999998890 ),
 .UNSPECIFIED. ) ;
#5165 = CARTESIAN_POINT ( 'NONE',  ( 0.8303628944528913536, 0.6999999999999998446, -0.2172870409041416651 ) ) ;
#5166 =( GEOMETRIC_REPRESENTATION_CONTEXT ( 3 ) GLOBAL_UNCERTAINTY_ASSIGNED_CONTEXT ( ( #942 ) ) GLOBAL_UNIT_ASSIGNED_CONTEXT ( ( #4235, #9774, #6615 ) ) REPRESENTATION_CONTEXT ( 'NONE', 'WORKASPACE' ) );
#5167 = ADVANCED_FACE ( 'NONE', ( #6052 ), #9118, .T. ) ;
#5168 = CARTESIAN_POINT ( 'NONE',  ( 0.8156915270824329767, 0.9000000000000000222, -0.09125568563725121318 ) ) ;
#5169 = FILL_AREA_STYLE ('',( #2018 ) ) ;
#5170 = CARTESIAN_POINT ( 'NONE',  ( 1.065751448440389604, 0.6999999999999999556, -0.2136795861618302483 ) ) ;
#5171 = CARTESIAN_POINT ( 'NONE',  ( -0.04123185710341913113, 0.6999999999999999556, 0.01769356154345909371 ) ) ;
#5172 = CARTESIAN_POINT ( 'NONE',  ( 0.1531462770538901952, 0.6999999999999997335, -0.2198233150283630255 ) ) ;
#5173 = LINE ( 'NONE', #4353, #7588 ) ;
#5174 = CARTESIAN_POINT ( 'NONE',  ( 0.8944283462434059473, 0.9000000000000000222, -0.05887469734024926293 ) ) ;
#5175 = CARTESIAN_POINT ( 'NONE',  ( 0.1416876209857539926, 0.6999999999999998446, -0.1844405682542383518 ) ) ;
#5176 = EDGE_LOOP ( 'NONE', ( #3482, #5468, #5498, #6201 ) ) ;
#5177 = DIRECTION ( 'NONE',  ( 0.0000000000000000000, 1.000000000000000000, 0.0000000000000000000 ) ) ;
#5178 = DIRECTION ( 'NONE',  ( -0.0000000000000000000, 1.000000000000000000, -0.0000000000000000000 ) ) ;
#5179 = PRESENTATION_LAYER_ASSIGNMENT (  '', '', ( #6844 ) ) ;
#5180 = UNCERTAINTY_MEASURE_WITH_UNIT (LENGTH_MEASURE( 1.000000000000000082E-05 ), #6924, 'distance_accuracy_value', 'NONE');
#5181 = CARTESIAN_POINT ( 'NONE',  ( 0.1447330551772826324, 0.9000000000000001332, -0.2191485437196987462 ) ) ;
#5182 = CARTESIAN_POINT ( 'NONE',  ( 0.4549995052219930058, 0.8999999999999998002, 0.06031201393174513703 ) ) ;
#5183 = CARTESIAN_POINT ( 'NONE',  ( 0.1965917646614885328, 0.8999999999999999112, -0.1164635169614938320 ) ) ;
#5184 = DIRECTION ( 'NONE',  ( 1.000000000000000000, -0.0000000000000000000, 0.0000000000000000000 ) ) ;
#5185 = PRESENTATION_STYLE_ASSIGNMENT (( #2040 ) ) ;
#5186 = CARTESIAN_POINT ( 'NONE',  ( 0.4296674923602198937, 0.9000000000000000222, 0.03546007788936871019 ) ) ;
#5187 = ORIENTED_EDGE ( 'NONE', *, *, #4179, .F. ) ;
#5188 = ORIENTED_EDGE ( 'NONE', *, *, #6333, .T. ) ;
#5189 = CARTESIAN_POINT ( 'NONE',  ( 0.3815599669833322216, 0.6999999999999998446, 0.05810615474352543580 ) ) ;
#5190 = EDGE_LOOP ( 'NONE', ( #8234, #8702, #4512, #8530 ) ) ;
#5191 = VECTOR ( 'NONE', #5523, 1000.000000000000000 ) ;
#5192 = CARTESIAN_POINT ( 'NONE',  ( 0.7646978481376512926, 0.6999999999999996225, 3.730028055597146548E-05 ) ) ;
#5193 = DIRECTION ( 'NONE',  ( 0.0000000000000000000, 0.0000000000000000000, -1.000000000000000000 ) ) ;
#5194 = LINE ( 'NONE', #2868, #6030 ) ;
#5195 = CARTESIAN_POINT ( 'NONE',  ( 1.187634982997886501, 0.6999999999999999556, 0.9780523389394325529 ) ) ;
#5196 = CARTESIAN_POINT ( 'NONE',  ( -0.9500037869279804870, 0.9000000000000000222, 0.08611461417503804561 ) ) ;
#5197 = CARTESIAN_POINT ( 'NONE',  ( -0.6876971662648387884, 0.9000000000000002442, -0.009333320888674362381 ) ) ;
#5198 = CARTESIAN_POINT ( 'NONE',  ( 0.5147258745799309088, 0.9000000000000002442, -0.1545263873557253531 ) ) ;
#5199 = CARTESIAN_POINT ( 'NONE',  ( 0.4692001774812038506, 0.9000000000000003553, 0.03953241326057040095 ) ) ;
#5200 = CARTESIAN_POINT ( 'NONE',  ( 0.6820161816461272064, 0.9000000000000000222, 0.04796074110148944303 ) ) ;
#5201 = VECTOR ( 'NONE', #5041, 1000.000000000000000 ) ;
#5202 = VERTEX_POINT ( 'NONE', #8541 ) ;
#5203 = CARTESIAN_POINT ( 'NONE',  ( -0.8099340036645221730, 0.9000000000000000222, 0.05546391663034374447 ) ) ;
#5204 = CARTESIAN_POINT ( 'NONE',  ( 0.5176895266850098931, 0.6999999999999999556, -0.04779836126451664918 ) ) ;
#5205 = ORIENTED_EDGE ( 'NONE', *, *, #2956, .F. ) ;
#5206 = FILL_AREA_STYLE_COLOUR ( '', #8285 ) ;
#5207 = CARTESIAN_POINT ( 'NONE',  ( 0.8732463833282452237, 0.6999999999999997335, -0.1339347267550653475 ) ) ;
#5208 = AXIS2_PLACEMENT_3D ( 'NONE', #9449, #6335, #7994 ) ;
#5209 = DIRECTION ( 'NONE',  ( 0.0000000000000000000, 0.0000000000000000000, -1.000000000000000000 ) ) ;
#5210 = DIRECTION ( 'NONE',  ( 0.0000000000000000000, 0.0000000000000000000, 1.000000000000000000 ) ) ;
#5211 = CARTESIAN_POINT ( 'NONE',  ( -0.7148827772181591822, 0.6999999999999999556, 0.04908360674991994049 ) ) ;
#5212 = CARTESIAN_POINT ( 'NONE',  ( 1.270879639914568315, 0.0000000000000000000, 1.057063338531172292 ) ) ;
#5213 = EDGE_CURVE ( 'NONE', #1056, #5421, #1509, .T. ) ;
#5214 = CARTESIAN_POINT ( 'NONE',  ( 0.3111418237727117120, 0.7000000000000001776, 0.06367434020839532471 ) ) ;
#5215 = VERTEX_POINT ( 'NONE', #7817 ) ;
#5216 = DIRECTION ( 'NONE',  ( 0.0000000000000000000, 0.0000000000000000000, 1.000000000000000000 ) ) ;
#5217 = DIRECTION ( 'NONE',  ( 0.0000000000000000000, 1.000000000000000000, 0.0000000000000000000 ) ) ;
#5218 = PLANE ( 'NONE',  #5647 ) ;
#5219 = AXIS2_PLACEMENT_3D ( 'NONE', #5440, #8854, #5490 ) ;
#5220 = FACE_OUTER_BOUND ( 'NONE', #4230, .T. ) ;
#5221 = DIRECTION ( 'NONE',  ( -0.5368754921931597757, 0.0000000000000000000, 0.8436614877321071404 ) ) ;
#5222 = CARTESIAN_POINT ( 'NONE',  ( 0.8134158620754032842, 0.7000000000000002887, -0.2172497489325814213 ) ) ;
#5223 =( NAMED_UNIT ( * ) PLANE_ANGLE_UNIT ( ) SI_UNIT ( $, .RADIAN. ) );
#5224 =( LENGTH_UNIT ( ) NAMED_UNIT ( * ) SI_UNIT ( .MILLI., .METRE. ) );
#5225 = CARTESIAN_POINT ( 'NONE',  ( 0.7442388299978074384, 0.9000000000000002442, 0.05879053918433072012 ) ) ;
#5226 = CARTESIAN_POINT ( 'NONE',  ( 0.07097237785611314187, 0.6999999999999995115, 0.05224179361785564329 ) ) ;
#5227 = STYLED_ITEM ( 'NONE', ( #4137 ), #4590 ) ;
#5228 =( GEOMETRIC_REPRESENTATION_CONTEXT ( 3 ) GLOBAL_UNCERTAINTY_ASSIGNED_CONTEXT ( ( #3153 ) ) GLOBAL_UNIT_ASSIGNED_CONTEXT ( ( #1667, #992, #6979 ) ) REPRESENTATION_CONTEXT ( 'NONE', 'WORKASPACE' ) );
#5229 = ADVANCED_FACE ( 'NONE', ( #1568 ), #8748, .T. ) ;
#5230 = CARTESIAN_POINT ( 'NONE',  ( -0.7359686992086823532, 0.6999999999999999556, -0.1840608244214531619 ) ) ;
#5231 = DIRECTION ( 'NONE',  ( -0.0000000000000000000, 1.000000000000000000, -0.0000000000000000000 ) ) ;
#5232 = CARTESIAN_POINT ( 'NONE',  ( 0.9640313007913173804, 0.9000000000000000222, 0.08611461417503804561 ) ) ;
#5233 = CARTESIAN_POINT ( 'NONE',  ( 0.3111418237727117120, 0.7000000000000001776, 0.06367434020839532471 ) ) ;
#5234 = CARTESIAN_POINT ( 'NONE',  ( 0.1762707451243553936, 0.9000000000000000222, -0.1812305706189892007 ) ) ;
#5235 = CARTESIAN_POINT ( 'NONE',  ( 0.6216233593469234764, 0.7000000000000002887, -0.2155448196487805834 ) ) ;
#5236 = MECHANICAL_DESIGN_GEOMETRIC_PRESENTATION_REPRESENTATION (  '', ( #2607 ), #2121 ) ;
#5237 = CARTESIAN_POINT ( 'NONE',  ( 0.4332503666956566968, 0.8999999999999999112, 0.02976339709112536813 ) ) ;
#5238 = ORIENTED_EDGE ( 'NONE', *, *, #3927, .T. ) ;
#5239 = EDGE_CURVE ( 'NONE', #7551, #9171, #5369, .T. ) ;
#5240 = FACE_OUTER_BOUND ( 'NONE', #7134, .T. ) ;
#5241 = VERTEX_POINT ( 'NONE', #834 ) ;
#5242 = FACE_OUTER_BOUND ( 'NONE', #3659, .T. ) ;
#5243 = VERTEX_POINT ( 'NONE', #671 ) ;
#5244 = CARTESIAN_POINT ( 'NONE',  ( 0.7869438344896469983, 0.7000000000000000666, 0.04888778245758314267 ) ) ;
#5245 = SURFACE_STYLE_USAGE ( .BOTH. , #5288 ) ;
#5246 = CARTESIAN_POINT ( 'NONE',  ( -0.7775795623313618288, 0.9000000000000000222, -0.2075280106819931969 ) ) ;
#5247 = CARTESIAN_POINT ( 'NONE',  ( 1.148241827107107094, 0.9000000000000000222, -0.1226573156495233408 ) ) ;
#5248 = FACE_OUTER_BOUND ( 'NONE', #3431, .T. ) ;
#5249 = EDGE_CURVE ( 'NONE', #7437, #4316, #4184, .T. ) ;
#5250 = CARTESIAN_POINT ( 'NONE',  ( 0.5269636025761570419, 0.9000000000000000222, -0.1837136004031729442 ) ) ;
#5251 = VECTOR ( 'NONE', #2165, 1000.000000000000000 ) ;
#5252 = CARTESIAN_POINT ( 'NONE',  ( 0.2849135605092014134, 0.8999999999999999112, -0.01396969556714661859 ) ) ;
#5253 = CARTESIAN_POINT ( 'NONE',  ( 0.8825710567689979413, 0.8999999999999999112, 0.006483180057610313067 ) ) ;
#5254 = DIRECTION ( 'NONE',  ( 0.0000000000000000000, 1.000000000000000000, 0.0000000000000000000 ) ) ;
#5255 = CARTESIAN_POINT ( 'NONE',  ( 0.5480089927819996598, 0.6999999999999999556, -0.07425645494990003315 ) ) ;
#5256 = ORIENTED_EDGE ( 'NONE', *, *, #9331, .T. ) ;
#5257 = CARTESIAN_POINT ( 'NONE',  ( 0.2882169030703533585, 0.9000000000000002442, -0.04148117273833584057 ) ) ;
#5258 =( GEOMETRIC_REPRESENTATION_CONTEXT ( 3 ) GLOBAL_UNCERTAINTY_ASSIGNED_CONTEXT ( ( #1374 ) ) GLOBAL_UNIT_ASSIGNED_CONTEXT ( ( #9197, #324, #4434 ) ) REPRESENTATION_CONTEXT ( 'NONE', 'WORKASPACE' ) );
#5259 = CARTESIAN_POINT ( 'NONE',  ( -0.7857488084596150335, 0.6999999999999999556, 0.07641800433812752369 ) ) ;
#5260 = CARTESIAN_POINT ( 'NONE',  ( 0.6743915611714897951, 0.8999999999999999112, -0.05508091743133427393 ) ) ;
#5261 = CARTESIAN_POINT ( 'NONE',  ( 0.05819062696804545853, 0.6999999999999999556, -0.1434641620304624166 ) ) ;
#5262 = PRESENTATION_STYLE_ASSIGNMENT (( #2120 ) ) ;
#5263 = PLANE ( 'NONE',  #1943 ) ;
#5264 = CARTESIAN_POINT ( 'NONE',  ( 1.095964756694027820, 0.8999999999999998002, -0.1649584851248640516 ) ) ;
#5265 = VERTEX_POINT ( 'NONE', #5008 ) ;
#5266 = VERTEX_POINT ( 'NONE', #4806 ) ;
#5267 = EDGE_CURVE ( 'NONE', #4425, #2410, #3297, .T. ) ;
#5268 =( LENGTH_UNIT ( ) NAMED_UNIT ( * ) SI_UNIT ( .MILLI., .METRE. ) );
#5269 = CARTESIAN_POINT ( 'NONE',  ( 0.5585610695342843046, 0.7000000000000000666, 0.04648009192836408815 ) ) ;
#5270 = CARTESIAN_POINT ( 'NONE',  ( 0.7290630955248225131, 0.9000000000000002442, -0.005101888520668995501 ) ) ;
#5271 = CARTESIAN_POINT ( 'NONE',  ( 0.7621889112281218237, 0.9000000000000000222, -0.1964123158144566172 ) ) ;
#5272 = CARTESIAN_POINT ( 'NONE',  ( 0.1980339170991352316, 0.6999999999999998446, -0.2103893913601237176 ) ) ;
#5273 = CARTESIAN_POINT ( 'NONE',  ( 0.1464946802931853254, 0.6999999999999997335, -0.03574760698142465110 ) ) ;
#5274 = EDGE_LOOP ( 'NONE', ( #7084, #5136, #1754, #3818 ) ) ;
#5275 = CARTESIAN_POINT ( 'NONE',  ( 0.9249999999999996003, 0.0000000000000000000, -4.011548038196364434E-16 ) ) ;
#5276 = CARTESIAN_POINT ( 'NONE',  ( -0.7809764076527785370, 0.9000000000000001332, 0.03081026181774569606 ) ) ;
#5277 = CARTESIAN_POINT ( 'NONE',  ( -0.04123185710341913113, 0.6999999999999999556, 0.08436022821012574557 ) ) ;
#5278 = CARTESIAN_POINT ( 'NONE',  ( 0.2300740748147273029, 0.6999999999999997335, -0.1769856953872979699 ) ) ;
#5279 = CARTESIAN_POINT ( 'NONE',  ( 0.2987174825717079929, 0.6999999999999998446, 0.04721484865590540314 ) ) ;
#5280 = CARTESIAN_POINT ( 'NONE',  ( 0.1994631364244214000, 0.9000000000000003553, -0.1274822675609343370 ) ) ;
#5281 = CARTESIAN_POINT ( 'NONE',  ( 0.5973644583056022528, 0.6999999999999999556, -0.2174582174730951278 ) ) ;
#5282 = ORIENTED_EDGE ( 'NONE', *, *, #7536, .F. ) ;
#5283 = VERTEX_POINT ( 'NONE', #3402 ) ;
#5284 = CARTESIAN_POINT ( 'NONE',  ( 0.5068792936103089231, 0.6999999999999996225, -0.02255059083800069891 ) ) ;
#5285 = ORIENTED_EDGE ( 'NONE', *, *, #25, .T. ) ;
#5286 = VECTOR ( 'NONE', #212, 1000.000000000000000 ) ;
#5287 = FACE_BOUND ( 'NONE', #3291, .T. ) ;
#5288 = SURFACE_SIDE_STYLE ('',( #1989 ) ) ;
#5289 = CARTESIAN_POINT ( 'NONE',  ( -0.8325636534197465854, 0.9000000000000002442, -0.1258794925501565687 ) ) ;
#5290 = DIRECTION ( 'NONE',  ( 1.000000000000000000, 0.0000000000000000000, 0.0000000000000000000 ) ) ;
#5291 = DIRECTION ( 'NONE',  ( 0.1911021538340951509, 0.0000000000000000000, 0.9815701537842160818 ) ) ;
#5292 = CARTESIAN_POINT ( 'NONE',  ( -0.6869960626756717037, 0.9000000000000001332, -0.02091489518061831129 ) ) ;
#5293 = CARTESIAN_POINT ( 'NONE',  ( 0.5405558301601336435, 0.9000000000000003553, -0.08116242306557371056 ) ) ;
#5294 = DIRECTION ( 'NONE',  ( 0.0000000000000000000, 0.0000000000000000000, 1.000000000000000000 ) ) ;
#5295 = PRESENTATION_LAYER_ASSIGNMENT (  '', '', ( #5469 ) ) ;
#5296 = CARTESIAN_POINT ( 'NONE',  ( 0.5262740858589701753, 0.9000000000000002442, -0.09480968791772782789 ) ) ;
#5297 = CARTESIAN_POINT ( 'NONE',  ( -0.1250000000000000000, -0.1000000000000000056, -0.0000000000000000000 ) ) ;
#5298 = CARTESIAN_POINT ( 'NONE',  ( -0.7973722079806121465, 0.7000000000000000666, -0.05774503494776896811 ) ) ;
#5299 = UNCERTAINTY_MEASURE_WITH_UNIT (LENGTH_MEASURE( 1.000000000000000082E-05 ), #8396, 'distance_accuracy_value', 'NONE');
#5300 = DIRECTION ( 'NONE',  ( 0.0000000000000000000, 0.0000000000000000000, 1.000000000000000000 ) ) ;
#5301 = CARTESIAN_POINT ( 'NONE',  ( 0.6827191567602340916, 0.8999999999999999112, -0.04486466269463387779 ) ) ;
#5302 = CARTESIAN_POINT ( 'NONE',  ( 0.1168555355183076294, 0.9000000000000003553, -0.2133422656521840599 ) ) ;
#5303 = DIRECTION ( 'NONE',  ( 1.000000000000000000, 0.0000000000000000000, 0.0000000000000000000 ) ) ;
#5304 = CARTESIAN_POINT ( 'NONE',  ( 0.6425882557813258344, 0.7000000000000002887, -0.1150618645473976548 ) ) ;
#5305 = CARTESIAN_POINT ( 'NONE',  ( -0.7973260277902307624, 0.7000000000000001776, -0.06324741025259913996 ) ) ;
#5306 = VECTOR ( 'NONE', #8031, 1000.000000000000000 ) ;
#5307 = CARTESIAN_POINT ( 'NONE',  ( 1.099115773067611324, 0.8999999999999996891, -0.1607903596804801938 ) ) ;
#5308 = ORIENTED_EDGE ( 'NONE', *, *, #4865, .T. ) ;
#5309 = ORIENTED_EDGE ( 'NONE', *, *, #8190, .F. ) ;
#5310 = ORIENTED_EDGE ( 'NONE', *, *, #7995, .T. ) ;
#5311 = CARTESIAN_POINT ( 'NONE',  ( 1.399999999999999689, 0.0000000000000000000, -0.6250000000000001110 ) ) ;
#5312 = LINE ( 'NONE', #1455, #9439 ) ;
#5313 = VECTOR ( 'NONE', #1815, 1000.000000000000000 ) ;
#5314 = LINE ( 'NONE', #7706, #880 ) ;
#5315 = CARTESIAN_POINT ( 'NONE',  ( -0.7765741021084132667, 0.9000000000000001332, 0.03680336306115151307 ) ) ;
#5316 = CARTESIAN_POINT ( 'NONE',  ( 0.0000000000000000000, -0.1000000000000000056, 0.0000000000000000000 ) ) ;
#5317 = CARTESIAN_POINT ( 'NONE',  ( 1.270879639914568315, -0.1000000000000000056, 0.9760643809100244539 ) ) ;
#5318 = CARTESIAN_POINT ( 'NONE',  ( 0.8958062414731862155, 0.9000000000000000222, -0.09796417017802437621 ) ) ;
#5319 = PRESENTATION_STYLE_ASSIGNMENT (( #6103 ) ) ;
#5320 = SURFACE_SIDE_STYLE ('',( #6845 ) ) ;
#5321 = DIRECTION ( 'NONE',  ( 0.0000000000000000000, 0.0000000000000000000, -1.000000000000000000 ) ) ;
#5322 = CARTESIAN_POINT ( 'NONE',  ( 1.077949468971568514, 0.9000000000000000222, -0.1758585520502410626 ) ) ;
#5323 = CARTESIAN_POINT ( 'NONE',  ( 0.06424352532088142831, 0.7000000000000001776, 0.07516957789278193303 ) ) ;
#5324 = ORIENTED_EDGE ( 'NONE', *, *, #10116, .T. ) ;
#5325 = SURFACE_STYLE_FILL_AREA ( #8649 ) ;
#5326 = CARTESIAN_POINT ( 'NONE',  ( 0.5978984154095623449, 0.7000000000000005107, 0.05586581114603457465 ) ) ;
#5327 = CARTESIAN_POINT ( 'NONE',  ( 0.3851128552313359266, 0.7000000000000000666, -0.07777819990867937405 ) ) ;
#5328 = FACE_OUTER_BOUND ( 'NONE', #9358, .T. ) ;
#5329 = CARTESIAN_POINT ( 'NONE',  ( -0.7359686992086823532, 0.6999999999999999556, -0.2173941577547864601 ) ) ;
#5330 = CARTESIAN_POINT ( 'NONE',  ( 0.1763386995959458914, 0.9000000000000000222, -0.2183662028914507836 ) ) ;
#5331 = CARTESIAN_POINT ( 'NONE',  ( 0.6399000801217674672, 0.8999999999999998002, -0.1108435323114342480 ) ) ;
#5332 = CARTESIAN_POINT ( 'NONE',  ( 0.6752566995230693259, 0.6999999999999999556, -0.1040516228456582065 ) ) ;
#5333 = FILL_AREA_STYLE_COLOUR ( '', #263 ) ;
#5334 = SURFACE_STYLE_FILL_AREA ( #3017 ) ;
#5335 = EDGE_CURVE ( 'NONE', #5752, #5202, #7164, .T. ) ;
#5336 = ORIENTED_EDGE ( 'NONE', *, *, #4411, .F. ) ;
#5337 = ORIENTED_EDGE ( 'NONE', *, *, #3842, .T. ) ;
#5338 = CARTESIAN_POINT ( 'NONE',  ( 0.5247663592282426626, 0.8999999999999999112, -0.05692393037834885677 ) ) ;
#5339 = VECTOR ( 'NONE', #5902, 1000.000000000000000 ) ;
#5340 = PRESENTATION_STYLE_ASSIGNMENT (( #2919 ) ) ;
#5341 = EDGE_LOOP ( 'NONE', ( #4075, #7913, #7740, #7831, #159, #3766, #8945, #2288, #2313, #6562, #6777, #1092, #742, #758, #342, #9254 ) ) ;
#5342 = CARTESIAN_POINT ( 'NONE',  ( 0.8824698094177662044, 0.6999999999999998446, 0.007297907900952817738 ) ) ;
#5343 = PLANE ( 'NONE',  #5208 ) ;
#5344 = VECTOR ( 'NONE', #9619, 1000.000000000000000 ) ;
#5345 = FACE_OUTER_BOUND ( 'NONE', #3075, .T. ) ;
#5346 = CARTESIAN_POINT ( 'NONE',  ( 0.7563961149485558533, 0.9000000000000001332, 0.07105688290369358007 ) ) ;
#5347 = CARTESIAN_POINT ( 'NONE',  ( 0.6784933862081518052, 0.6999999999999998446, -0.1105164985942328620 ) ) ;
#5348 = CARTESIAN_POINT ( 'NONE',  ( 0.6490765801514682964, 0.7000000000000000666, -0.1389509197478257796 ) ) ;
#5349 = EDGE_CURVE ( 'NONE', #3888, #3289, #6361, .T. ) ;
#5350 = ORIENTED_EDGE ( 'NONE', *, *, #2956, .T. ) ;
#5351 = CARTESIAN_POINT ( 'NONE',  ( 0.8827694204649216836, 0.9000000000000001332, -0.008807195381372125154 ) ) ;
#5352 = VERTEX_POINT ( 'NONE', #8217 ) ;
#5353 = DIRECTION ( 'NONE',  ( -1.000000000000000000, 0.0000000000000000000, 0.0000000000000000000 ) ) ;
#5354 = PLANE ( 'NONE',  #6202 ) ;
#5355 = EDGE_CURVE ( 'NONE', #3845, #7849, #3664, .T. ) ;
#5356 = CARTESIAN_POINT ( 'NONE',  ( 0.05701375693166845643, 0.9000000000000000222, -0.1402011752986461190 ) ) ;
#5357 = SURFACE_STYLE_FILL_AREA ( #10132 ) ;
#5358 = DIRECTION ( 'NONE',  ( 0.1911021538340951509, 0.0000000000000000000, 0.9815701537842160818 ) ) ;
#5359 = DIRECTION ( 'NONE',  ( 0.0000000000000000000, 1.000000000000000000, 0.0000000000000000000 ) ) ;
#5360 = ADVANCED_FACE ( 'NONE', ( #6722 ), #5263, .F. ) ;
#5361 = ORIENTED_EDGE ( 'NONE', *, *, #4100, .T. ) ;
#5362 = VERTEX_POINT ( 'NONE', #9979 ) ;
#5363 = MECHANICAL_DESIGN_GEOMETRIC_PRESENTATION_REPRESENTATION (  '', ( #5690 ), #8404 ) ;
#5364 = DIRECTION ( 'NONE',  ( 0.0000000000000000000, 0.0000000000000000000, -1.000000000000000000 ) ) ;
#5365 = SURFACE_STYLE_FILL_AREA ( #3718 ) ;
#5366 = CARTESIAN_POINT ( 'NONE',  ( 0.5414504229454667472, 0.6999999999999999556, 0.01626577587549255313 ) ) ;
#5367 = CARTESIAN_POINT ( 'NONE',  ( 1.148241827107107094, 0.9000000000000000222, -0.1226573156495233408 ) ) ;
#5368 = PLANE ( 'NONE',  #8701 ) ;
#5369 = LINE ( 'NONE', #4761, #1288 ) ;
#5370 = PLANE ( 'NONE',  #5630 ) ;
#5371 = CARTESIAN_POINT ( 'NONE',  ( 0.9249999999999998224, 0.0000000000000000000, -0.3750000000000001665 ) ) ;
#5372 = VECTOR ( 'NONE', #5231, 1000.000000000000000 ) ;
#5373 = CARTESIAN_POINT ( 'NONE',  ( 0.8575259760720672642, 0.8999999999999999112, 0.08643298857021698700 ) ) ;
#5374 = EDGE_CURVE ( 'NONE', #2126, #6597, #2832, .T. ) ;
#5375 = CARTESIAN_POINT ( 'NONE',  ( 0.07852204149342505157, 0.6999999999999999556, 0.04071688199800327368 ) ) ;
#5376 = ORIENTED_EDGE ( 'NONE', *, *, #7478, .F. ) ;
#5377 = CARTESIAN_POINT ( 'NONE',  ( 1.004382177984299851, 0.6999999999999999556, -0.03142924547408474517 ) ) ;
#5378 = CARTESIAN_POINT ( 'NONE',  ( 0.5401364446288797749, 0.7000000000000000666, 3.730028055596405903E-05 ) ) ;
#5379 = CARTESIAN_POINT ( 'NONE',  ( 0.3719002554797309901, 0.7000000000000000666, -0.07713772131381307906 ) ) ;
#5380 = VECTOR ( 'NONE', #9350, 1000.000000000000000 ) ;
#5381 = CARTESIAN_POINT ( 'NONE',  ( 0.5139603975244584344, 0.9000000000000002442, -0.04125322462648155913 ) ) ;
#5382 = UNCERTAINTY_MEASURE_WITH_UNIT (LENGTH_MEASURE( 1.000000000000000082E-05 ), #6455, 'distance_accuracy_value', 'NONE');
#5383 = CARTESIAN_POINT ( 'NONE',  ( 0.1689755209055162910, 0.9000000000000002442, -0.2193756851533144314 ) ) ;
#5384 = CARTESIAN_POINT ( 'NONE',  ( 0.2850839323702649697, 0.6999999999999999556, -0.01823886210826279955 ) ) ;
#5385 = CARTESIAN_POINT ( 'NONE',  ( 0.5657488695063623840, 0.9000000000000003553, -0.09988129960736179258 ) ) ;
#5386 = CARTESIAN_POINT ( 'NONE',  ( 0.8219260627318522028, 0.9000000000000000222, -0.09098620907987550743 ) ) ;
#5387 = LINE ( 'NONE', #1474, #8015 ) ;
#5388 = PLANE ( 'NONE',  #5877 ) ;
#5389 = VERTEX_POINT ( 'NONE', #5212 ) ;
#5390 = VERTEX_POINT ( 'NONE', #337 ) ;
#5391 = DIRECTION ( 'NONE',  ( 0.0000000000000000000, 1.000000000000000000, 0.0000000000000000000 ) ) ;
#5392 = ORIENTED_EDGE ( 'NONE', *, *, #1334, .T. ) ;
#5393 = CARTESIAN_POINT ( 'NONE',  ( 0.4427980719902633866, 0.7000000000000001776, -0.02428829187586244512 ) ) ;
#5394 = ORIENTED_EDGE ( 'NONE', *, *, #1901, .F. ) ;
#5395 = VERTEX_POINT ( 'NONE', #283 ) ;
#5396 = CARTESIAN_POINT ( 'NONE',  ( 0.7991616535231006457, 0.6999999999999999556, -0.09492463398416607634 ) ) ;
#5397 = UNCERTAINTY_MEASURE_WITH_UNIT (LENGTH_MEASURE( 1.000000000000000082E-05 ), #3756, 'distance_accuracy_value', 'NONE');
#5398 = ADVANCED_FACE ( 'NONE', ( #3452 ), #8371, .T. ) ;
#5399 = DIRECTION ( 'NONE',  ( 0.0000000000000000000, 1.000000000000000000, 0.0000000000000000000 ) ) ;
#5400 = SURFACE_STYLE_USAGE ( .BOTH. , #6869 ) ;
#5401 = VECTOR ( 'NONE', #9621, 1000.000000000000000 ) ;
#5402 = UNCERTAINTY_MEASURE_WITH_UNIT (LENGTH_MEASURE( 1.000000000000000082E-05 ), #6537, 'distance_accuracy_value', 'NONE');
#5403 = FACE_OUTER_BOUND ( 'NONE', #1421, .T. ) ;
#5404 = CARTESIAN_POINT ( 'NONE',  ( 0.9249999999999996003, 0.0000000000000000000, 4.011548038196364434E-16 ) ) ;
#5405 = CARTESIAN_POINT ( 'NONE',  ( 0.6831375492420097562, 0.9000000000000000222, -0.1611068460104882472 ) ) ;
#5406 = FILL_AREA_STYLE_COLOUR ( '', #641 ) ;
#5407 = VERTEX_POINT ( 'NONE', #6616 ) ;
#5408 = CARTESIAN_POINT ( 'NONE',  ( 0.1547237864621630599, 0.9000000000000003553, -0.04635257002964225659 ) ) ;
#5409 = STYLED_ITEM ( 'NONE', ( #5455 ), #4755 ) ;
#5410 = ORIENTED_EDGE ( 'NONE', *, *, #5335, .F. ) ;
#5411 = CARTESIAN_POINT ( 'NONE',  ( -0.6467199738113323937, 0.6999999999999999556, -0.02783023601023961249 ) ) ;
#5412 = EDGE_CURVE ( 'NONE', #8198, #6597, #8421, .T. ) ;
#5413 = FILL_AREA_STYLE ('',( #2226 ) ) ;
#5414 = CARTESIAN_POINT ( 'NONE',  ( 0.6861889296821938045, 0.8999999999999999112, 0.04037004714145231432 ) ) ;
#5415 = FILL_AREA_STYLE ('',( #1445 ) ) ;
#5416 = SURFACE_SIDE_STYLE ('',( #5357 ) ) ;
#5417 = CARTESIAN_POINT ( 'NONE',  ( -0.7848984082226360126, 0.7000000000000000666, -0.1470156721091067931 ) ) ;
#5418 = CARTESIAN_POINT ( 'NONE',  ( 1.075830014573646576, 0.6999999999999996225, -0.03284702881822879755 ) ) ;
#5419 = CARTESIAN_POINT ( 'NONE',  ( -1.399999999999999689, -0.1000000000000000056, 0.3750000000000000000 ) ) ;
#5420 = ORIENTED_EDGE ( 'NONE', *, *, #4012, .F. ) ;
#5421 = VERTEX_POINT ( 'NONE', #4236 ) ;
#5422 = EDGE_LOOP ( 'NONE', ( #9548, #8918, #8039, #1142 ) ) ;
#5423 = DIRECTION ( 'NONE',  ( -0.0000000000000000000, 0.0000000000000000000, 1.000000000000000000 ) ) ;
#5424 = CARTESIAN_POINT ( 'NONE',  ( -0.6961409912480932549, 0.9000000000000001332, -0.1595521068459210545 ) ) ;
#5426 = EDGE_CURVE ( 'NONE', #908, #3571, #2207, .T. ) ;
#5425 = FILL_AREA_STYLE_COLOUR ( '', #5823 ) ;
#5427 =( NAMED_UNIT ( * ) SI_UNIT ( $, .STERADIAN. ) SOLID_ANGLE_UNIT ( ) );
#5428 = CARTESIAN_POINT ( 'NONE',  ( 0.08233486534975680005, 0.9000000000000000222, -0.1883299708531264438 ) ) ;
#5429 = CARTESIAN_POINT ( 'NONE',  ( 0.9057552568614810617, 0.9000000000000000222, -0.1681884475305137627 ) ) ;
#5430 = CARTESIAN_POINT ( 'NONE',  ( 0.1395214402546585963, 0.7000000000000001776, 0.02417324000896225664 ) ) ;
#5431 = CARTESIAN_POINT ( 'NONE',  ( 0.9640313007913173804, 0.6999999999999999556, 0.08611461417503804561 ) ) ;
#5432 = ORIENTED_EDGE ( 'NONE', *, *, #962, .T. ) ;
#5433 = PLANE ( 'NONE',  #9491 ) ;
#5434 = CARTESIAN_POINT ( 'NONE',  ( -0.04123185710341913113, 0.6999999999999999556, 0.01769356154345909371 ) ) ;
#5436 = EDGE_CURVE ( 'NONE', #8324, #8182, #8527, .T. ) ;
#5435 = DIRECTION ( 'NONE',  ( -1.000000000000000000, 0.0000000000000000000, 0.0000000000000000000 ) ) ;
#5437 = CARTESIAN_POINT ( 'NONE',  ( 0.5247663592282426626, 0.8999999999999999112, -0.05692393037834885677 ) ) ;
#5438 = CARTESIAN_POINT ( 'NONE',  ( 0.2342334961472879173, 0.9000000000000000222, -0.1668553289645119120 ) ) ;
#5439 = CARTESIAN_POINT ( 'NONE',  ( 0.6203373216024066217, 0.8999999999999999112, -0.09493943077805883091 ) ) ;
#5440 = CARTESIAN_POINT ( 'NONE',  ( -0.5061441378051735329, 0.6999999999999999556, 0.08611461417503804561 ) ) ;
#5441 = CARTESIAN_POINT ( 'NONE',  ( 0.6250000000000000000, 0.0000000000000000000, 1.149999999999999911 ) ) ;
#5442 = DIRECTION ( 'NONE',  ( 0.0000000000000000000, 0.0000000000000000000, 1.000000000000000000 ) ) ;
#5443 = EDGE_LOOP ( 'NONE', ( #7028, #6447, #1807, #5674 ) ) ;
#5444 = SURFACE_STYLE_FILL_AREA ( #3071 ) ;
#5445 = DIRECTION ( 'NONE',  ( 0.0000000000000000000, 0.0000000000000000000, 1.000000000000000000 ) ) ;
#5446 = ORIENTED_EDGE ( 'NONE', *, *, #10271, .F. ) ;
#5447 = FACE_BOUND ( 'NONE', #1499, .T. ) ;
#5448 = ORIENTED_EDGE ( 'NONE', *, *, #3690, .F. ) ;
#5449 = VERTEX_POINT ( 'NONE', #4599 ) ;
#5450 = CARTESIAN_POINT ( 'NONE',  ( 0.6490765801512196065, 0.9000000000000000222, -0.1389509197427621634 ) ) ;
#5451 = CARTESIAN_POINT ( 'NONE',  ( 0.6394698972825457739, 0.6999999999999999556, -0.07353450863197949494 ) ) ;
#5452 = CARTESIAN_POINT ( 'NONE',  ( 0.8737238832981831793, 0.6999999999999998446, -0.1445432502515861806 ) ) ;
#5453 = CARTESIAN_POINT ( 'NONE',  ( 0.3978204577434938383, 0.6999999999999998446, -0.07630589500505911837 ) ) ;
#5454 = VECTOR ( 'NONE', #7357, 1000.000000000000000 ) ;
#5455 = PRESENTATION_STYLE_ASSIGNMENT (( #10224 ) ) ;
#5456 = PLANE ( 'NONE',  #814 ) ;
#5457 = CARTESIAN_POINT ( 'NONE',  ( 0.1753574601473501804, 0.7000000000000001776, -0.07517629648685407451 ) ) ;
#5458 = CARTESIAN_POINT ( 'NONE',  ( -0.6149160676297349415, 0.9000000000000000222, -0.2138853858249619433 ) ) ;
#5459 = CARTESIAN_POINT ( 'NONE',  ( 0.1149084937737737538, 0.6999999999999999556, 0.05278128084170470580 ) ) ;
#5460 = CARTESIAN_POINT ( 'NONE',  ( -0.04123185710341913113, 0.6999999999999999556, -0.01213099986004967552 ) ) ;
#5461 = LINE ( 'NONE', #350, #4231 ) ;
#5462 = CARTESIAN_POINT ( 'NONE',  ( 0.06849599824065577547, 0.6999999999999998446, -0.1672670979920981293 ) ) ;
#5463 = PLANE ( 'NONE',  #7015 ) ;
#5464 = CARTESIAN_POINT ( 'NONE',  ( -0.6482494009630682674, 0.6999999999999999556, -0.1068678419653128070 ) ) ;
#5465 = CARTESIAN_POINT ( 'NONE',  ( 1.058815242178130722, 0.6999999999999999556, -0.03149824362605486289 ) ) ;
#5466 = PRESENTATION_STYLE_ASSIGNMENT (( #4702 ) ) ;
#5467 = EDGE_CURVE ( 'NONE', #4777, #1537, #10233, .T. ) ;
#5468 = ORIENTED_EDGE ( 'NONE', *, *, #5701, .T. ) ;
#5469 = STYLED_ITEM ( 'NONE', ( #6515 ), #7867 ) ;
#5470 = ORIENTED_EDGE ( 'NONE', *, *, #6946, .T. ) ;
#5471 = DIRECTION ( 'NONE',  ( 1.000000000000000000, 0.0000000000000000000, 0.0000000000000000000 ) ) ;
#5472 = VECTOR ( 'NONE', #1265, 1000.000000000000000 ) ;
#5473 = SURFACE_SIDE_STYLE ('',( #2345 ) ) ;
#5474 = CARTESIAN_POINT ( 'NONE',  ( 0.6183231120615885201, 0.8999999999999998002, 0.05337681071196361676 ) ) ;
#5475 = PRESENTATION_LAYER_ASSIGNMENT (  '', '', ( #7682 ) ) ;
#5476 = CARTESIAN_POINT ( 'NONE',  ( 0.7686734622696150820, 0.8999999999999999112, -0.07223184338299977469 ) ) ;
#5477 = CARTESIAN_POINT ( 'NONE',  ( 0.8640313007913175136, 0.9000000000000001332, -0.07353450863197949494 ) ) ;
#5478 = CARTESIAN_POINT ( 'NONE',  ( 0.1149084937737737538, 0.6999999999999999556, 0.05278128084170470580 ) ) ;
#5479 = DIRECTION ( 'NONE',  ( -0.0000000000000000000, 1.000000000000000000, -0.0000000000000000000 ) ) ;
#5480 = CARTESIAN_POINT ( 'NONE',  ( 0.5532595868244084558, 0.8999999999999999112, -0.1145862049331558274 ) ) ;
#5481 = EDGE_LOOP ( 'NONE', ( #5188, #1320, #1476, #9985 ) ) ;
#5482 = EDGE_CURVE ( 'NONE', #10065, #7893, #661, .T. ) ;
#5483 = LINE ( 'NONE', #8650, #4529 ) ;
#5484 = STYLED_ITEM ( 'NONE', ( #2294 ), #9512 ) ;
#5485 = CARTESIAN_POINT ( 'NONE',  ( 0.7817888194862648854, 0.6999999999999999556, -0.03972691110536059889 ) ) ;
#5486 = CARTESIAN_POINT ( 'NONE',  ( 0.5045016920160503293, 0.9000000000000001332, -0.005101888520668999838 ) ) ;
#5487 = CARTESIAN_POINT ( 'NONE',  ( 0.1943987172636933436, 0.7000000000000000666, -0.04396866952508293042 ) ) ;
#5488 = CARTESIAN_POINT ( 'NONE',  ( 0.2860166613052498308, 0.8999999999999998002, 0.007787528307629958992 ) ) ;
#5489 = CARTESIAN_POINT ( 'NONE',  ( 0.5746002500143287950, 0.9000000000000000222, -0.09492463398416609022 ) ) ;
#5490 = DIRECTION ( 'NONE',  ( -1.000000000000000000, 0.0000000000000000000, 0.0000000000000000000 ) ) ;
#5491 = CARTESIAN_POINT ( 'NONE',  ( 1.107890949914124512, 0.6999999999999999556, -0.1226573156495233408 ) ) ;
#5492 = ORIENTED_EDGE ( 'NONE', *, *, #1947, .T. ) ;
#5493 = ORIENTED_EDGE ( 'NONE', *, *, #10321, .F. ) ;
#5494 = CARTESIAN_POINT ( 'NONE',  ( 1.148172972064894770, 0.6999999999999998446, -0.1260832657079198615 ) ) ;
#5495 = DIRECTION ( 'NONE',  ( -1.000000000000000000, 0.0000000000000000000, 0.0000000000000000000 ) ) ;
#5496 = EDGE_LOOP ( 'NONE', ( #5977, #5562, #4141, #2972 ) ) ;
#5497 = ADVANCED_FACE ( 'NONE', ( #2230 ), #1392, .T. ) ;
#5498 = ORIENTED_EDGE ( 'NONE', *, *, #9584, .T. ) ;
#5499 =( GEOMETRIC_REPRESENTATION_CONTEXT ( 3 ) GLOBAL_UNCERTAINTY_ASSIGNED_CONTEXT ( ( #3336 ) ) GLOBAL_UNIT_ASSIGNED_CONTEXT ( ( #5995, #1297, #126 ) ) REPRESENTATION_CONTEXT ( 'NONE', 'WORKASPACE' ) );
#5500 = CARTESIAN_POINT ( 'NONE',  ( 0.5146829334450296889, 0.9000000000000004663, -0.1274522846622697103 ) ) ;
#5501 = AXIS2_PLACEMENT_3D ( 'NONE', #4817, #8228, #8030 ) ;
#5502 = CARTESIAN_POINT ( 'NONE',  ( 0.8501370033053710085, 0.6999999999999998446, 0.05132234542843823466 ) ) ;
#5503 = UNCERTAINTY_MEASURE_WITH_UNIT (LENGTH_MEASURE( 1.000000000000000082E-05 ), #5875, 'distance_accuracy_value', 'NONE');
#5504 = LINE ( 'NONE', #6385, #6382 ) ;
#5505 = CARTESIAN_POINT ( 'NONE',  ( 0.8294749225027299167, 0.8999999999999999112, -0.1860197224330941979 ) ) ;
#5506 = CARTESIAN_POINT ( 'NONE',  ( 0.3633456515664214015, 0.8999999999999999112, 0.05480414243346001107 ) ) ;
#5507 = CARTESIAN_POINT ( 'NONE',  ( 0.6726374818835633151, 0.7000000000000001776, -0.1852002767618871892 ) ) ;
#5508 = CARTESIAN_POINT ( 'NONE',  ( 0.6426287107000455689, 0.6999999999999997335, -0.1675965103596913086 ) ) ;
#5509 = ORIENTED_EDGE ( 'NONE', *, *, #1863, .T. ) ;
#5510 = EDGE_CURVE ( 'NONE', #373, #4212, #3706, .T. ) ;
#5511 = CARTESIAN_POINT ( 'NONE',  ( 0.8650515951318684671, 0.9000000000000001332, -0.03954593313095172702 ) ) ;
#5512 = UNCERTAINTY_MEASURE_WITH_UNIT (LENGTH_MEASURE( 1.000000000000000082E-05 ), #6993, 'distance_accuracy_value', 'NONE');
#5513 = VECTOR ( 'NONE', #10056, 1000.000000000000000 ) ;
#5514 = CARTESIAN_POINT ( 'NONE',  ( -0.9249999999999998224, -0.1000000000000000056, 0.8749999999999996669 ) ) ;
#5515 = CARTESIAN_POINT ( 'NONE',  ( -0.7668175423183437589, 0.8999999999999999112, -0.1728068821439928959 ) ) ;
#5516 = CARTESIAN_POINT ( 'NONE',  ( 0.8671901142088176417, 0.6999999999999999556, -0.1675965103596914474 ) ) ;
#5517 = CARTESIAN_POINT ( 'NONE',  ( 0.9118469601720513573, 0.9000000000000001332, -0.03668224964565084539 ) ) ;
#5518 = CARTESIAN_POINT ( 'NONE',  ( 0.6306711857971823987, 0.8999999999999998002, 0.04940003752621859728 ) ) ;
#5519 = FILL_AREA_STYLE_COLOUR ( '', #3177 ) ;
#5520 = VERTEX_POINT ( 'NONE', #2334 ) ;
#5521 = CARTESIAN_POINT ( 'NONE',  ( 0.3592872249716891897, 0.9000000000000000222, -0.07418575425895362896 ) ) ;
#5522 = UNCERTAINTY_MEASURE_WITH_UNIT (LENGTH_MEASURE( 1.000000000000000082E-05 ), #6808, 'distance_accuracy_value', 'NONE');
#5523 = DIRECTION ( 'NONE',  ( -1.000000000000000000, 0.0000000000000000000, 0.0000000000000000000 ) ) ;
#5524 = ADVANCED_FACE ( 'NONE', ( #6091 ), #3814, .T. ) ;
#5525 = EDGE_CURVE ( 'NONE', #6175, #8688, #6996, .T. ) ;
#5526 = CARTESIAN_POINT ( 'NONE',  ( 1.059401218542794121, 0.6999999999999997335, -0.06544642100791232819 ) ) ;
#5527 = CARTESIAN_POINT ( 'NONE',  ( 0.5525662815547820461, 0.7000000000000000666, -0.03490043798231574901 ) ) ;
#5528 = CARTESIAN_POINT ( 'NONE',  ( 0.06403130079131762187, 0.9000000000000000222, 0.08436022821012574557 ) ) ;
#5529 = CARTESIAN_POINT ( 'NONE',  ( 0.8682753736411373824, 0.9000000000000000222, -0.2084846267975642431 ) ) ;
#5530 = DIRECTION ( 'NONE',  ( -0.0000000000000000000, 0.0000000000000000000, 1.000000000000000000 ) ) ;
#5531 = LINE ( 'NONE', #1615, #6561 ) ;
#5532 = SURFACE_STYLE_USAGE ( .BOTH. , #3885 ) ;
#5533 = B_SPLINE_CURVE_WITH_KNOTS ( 'NONE', 3,
 ( #7102, #9606, #5651, #10279, #9560, #9507, #5515, #1694, #115, #6297, #865, #8732, #7960, #7201, #818, #3963, #2, #2426, #8781 ),
 .UNSPECIFIED., .F., .F.,
 ( 4, 1, 1, 1, 1, 1, 1, 1, 1, 1, 1, 1, 1, 1, 1, 1, 4 ),
 ( 0.0000000000000000000, 0.04389199703880143633, 0.08651108282599975774, 0.1283474201604634379, 0.1705233571726362807, 0.2143181403666390150, 0.2600331504795220794, 0.3081057398068305364, 0.3600568670276511618, 0.4163891566300348956, 0.4782892123823485053, 0.5470994738803606205, 0.6228452478026439421, 0.7058384050787775976, 0.7959005952359275993, 0.8940451980093643281, 1.000000000000000000 ),
 .UNSPECIFIED. ) ;
#5534 = ORIENTED_EDGE ( 'NONE', *, *, #2033, .T. ) ;
#5535 = DIRECTION ( 'NONE',  ( -1.000000000000000000, 0.0000000000000000000, 0.0000000000000000000 ) ) ;
#5536 =( NAMED_UNIT ( * ) PLANE_ANGLE_UNIT ( ) SI_UNIT ( $, .RADIAN. ) );
#5537 = LINE ( 'NONE', #8758, #7402 ) ;
#5538 = STYLED_ITEM ( 'NONE', ( #415 ), #3026 ) ;
#5539 = CARTESIAN_POINT ( 'NONE',  ( 0.8736379836602401472, 0.9000000000000000222, -0.1389509197478257518 ) ) ;
#5540 = CARTESIAN_POINT ( 'NONE',  ( -0.9903546641209628465, 0.6999999999999999556, 0.08611461417503804561 ) ) ;
#5541 = CARTESIAN_POINT ( 'NONE',  ( 0.6250000000000000000, -0.1000000000000000056, 0.0000000000000000000 ) ) ;
#5542 = VERTEX_POINT ( 'NONE', #4701 ) ;
#5543 = CARTESIAN_POINT ( 'NONE',  ( 0.03420673938780895845, 0.6999999999999999556, -0.01213099986004967552 ) ) ;
#5544 = DIRECTION ( 'NONE',  ( -0.0000000000000000000, 0.0000000000000000000, -1.000000000000000000 ) ) ;
#5545 = VERTEX_POINT ( 'NONE', #770 ) ;
#5546 = ORIENTED_EDGE ( 'NONE', *, *, #1199, .T. ) ;
#5547 = VECTOR ( 'NONE', #3539, 1000.000000000000000 ) ;
#5548 = EDGE_CURVE ( 'NONE', #5909, #7797, #4551, .T. ) ;
#5549 = CARTESIAN_POINT ( 'NONE',  ( 0.6104751038674163244, 0.6999999999999998446, -0.1855089401953294304 ) ) ;
#5550 = CARTESIAN_POINT ( 'NONE',  ( -0.1250000000000000000, 0.0000000000000000000, -0.0000000000000000000 ) ) ;
#5551 = CARTESIAN_POINT ( 'NONE',  ( -0.8392365929013065884, 0.6999999999999998446, -0.07377301090776901271 ) ) ;
#5552 = CARTESIAN_POINT ( 'NONE',  ( 0.8235911593063013347, 0.6999999999999998446, -0.1861417119858499170 ) ) ;
#5553 = CARTESIAN_POINT ( 'NONE',  ( 1.134529095213654415, 0.8999999999999998002, -0.06931826883441230547 ) ) ;
#5554 = CARTESIAN_POINT ( 'NONE',  ( 0.6421340633269989606, 0.9000000000000000222, -0.07488039167738852475 ) ) ;
#5555 = ORIENTED_EDGE ( 'NONE', *, *, #7047, .T. ) ;
#5556 = CARTESIAN_POINT ( 'NONE',  ( 0.9180634569450665250, 0.6999999999999998446, 0.01047452221563135305 ) ) ;
#5557 = LINE ( 'NONE', #864, #5684 ) ;
#5558 = LINE ( 'NONE', #7148, #7222 ) ;
#5559 = CARTESIAN_POINT ( 'NONE',  ( 0.7710488446509666804, 0.7000000000000000666, -0.1402011752986461468 ) ) ;
#5560 = ADVANCED_FACE ( 'NONE', ( #6300 ), #9509, .T. ) ;
#5561 = LINE ( 'NONE', #8785, #10179 ) ;
#5562 = ORIENTED_EDGE ( 'NONE', *, *, #1467, .F. ) ;
#5563 = ORIENTED_EDGE ( 'NONE', *, *, #9429, .F. ) ;
#5564 = CARTESIAN_POINT ( 'NONE',  ( 0.3393912489650567910, 0.9000000000000002442, -0.06097710585805881517 ) ) ;
#5565 = VECTOR ( 'NONE', #1035, 1000.000000000000000 ) ;
#5566 = PLANE ( 'NONE',  #2251 ) ;
#5567 = CARTESIAN_POINT ( 'NONE',  ( 1.066055317472413000, 0.6999999999999999556, -0.06644192124498708718 ) ) ;
#5568 = CARTESIAN_POINT ( 'NONE',  ( 0.6579084059089941317, 0.7000000000000000666, 0.007297907900952743145 ) ) ;
#5569 =( NAMED_UNIT ( * ) PLANE_ANGLE_UNIT ( ) SI_UNIT ( $, .RADIAN. ) );
#5570 = CARTESIAN_POINT ( 'NONE',  ( 0.6118187857524576279, 0.7000000000000000666, 0.08940876473621590936 ) ) ;
#5571 = CARTESIAN_POINT ( 'NONE',  ( 0.5464670620282395808, 0.6999999999999998446, -0.1430510563655854328 ) ) ;
#5572 = ADVANCED_FACE ( 'NONE', ( #1067 ), #2715, .F. ) ;
#5573 = CARTESIAN_POINT ( 'NONE',  ( 1.055259370966756149, 0.6999999999999999556, -0.03142924547408474517 ) ) ;
#5574 = CARTESIAN_POINT ( 'NONE',  ( 0.6579084059082873637, 0.7000000000000000666, 0.007297907905921104804 ) ) ;
#5575 = CARTESIAN_POINT ( 'NONE',  ( 0.7822424165730558210, 0.6999999999999997335, -0.1079953606916305431 ) ) ;
#5576 =( NAMED_UNIT ( * ) SI_UNIT ( $, .STERADIAN. ) SOLID_ANGLE_UNIT ( ) );
#5577 = FACE_OUTER_BOUND ( 'NONE', #7188, .T. ) ;
#5578 = STYLED_ITEM ( 'NONE', ( #7042 ), #6294 ) ;
#5579 = UNCERTAINTY_MEASURE_WITH_UNIT (LENGTH_MEASURE( 1.000000000000000082E-05 ), #2238, 'distance_accuracy_value', 'NONE');
#5580 = CARTESIAN_POINT ( 'NONE',  ( 0.1470284949541822150, 0.8999999999999999112, 0.01524217669518118136 ) ) ;
#5581 = CARTESIAN_POINT ( 'NONE',  ( 0.6399135936572932781, 0.9000000000000002442, -0.1711135476319335103 ) ) ;
#5582 = CARTESIAN_POINT ( 'NONE',  ( 0.8497050325232113899, 0.8999999999999999112, -0.1816037037863546533 ) ) ;
#5583 = DIRECTION ( 'NONE',  ( 0.0000000000000000000, 0.0000000000000000000, -1.000000000000000000 ) ) ;
#5584 = ORIENTED_EDGE ( 'NONE', *, *, #4978, .F. ) ;
#5585 = ORIENTED_EDGE ( 'NONE', *, *, #1307, .T. ) ;
#5586 = CARTESIAN_POINT ( 'NONE',  ( 1.142328508591367475, 0.6999999999999999556, -0.1603902108740020982 ) ) ;
#5587 = CARTESIAN_POINT ( 'NONE',  ( -0.7492988924491774672, 0.6999999999999999556, -0.1824092285516123180 ) ) ;
#5588 = EDGE_CURVE ( 'NONE', #6429, #3168, #1012, .T. ) ;
#5589 = ORIENTED_EDGE ( 'NONE', *, *, #6293, .T. ) ;
#5590 = CARTESIAN_POINT ( 'NONE',  ( 0.6545222844238361981, 0.8999999999999999112, -0.08198834608482906405 ) ) ;
#5591 = CARTESIAN_POINT ( 'NONE',  ( 0.5713204934542677194, 0.6999999999999997335, -0.1813278868014736589 ) ) ;
#5592 = SURFACE_SIDE_STYLE ('',( #10314 ) ) ;
#5593 = LINE ( 'NONE', #858, #932 ) ;
#5594 = CARTESIAN_POINT ( 'NONE',  ( 0.8736414288908482817, 0.6999999999999997335, -0.1390211194366093306 ) ) ;
#5595 =( NAMED_UNIT ( * ) SI_UNIT ( $, .STERADIAN. ) SOLID_ANGLE_UNIT ( ) );
#5596 = CARTESIAN_POINT ( 'NONE',  ( 1.144981346968267699, 0.9000000000000001332, -0.09363042176086122659 ) ) ;
#5597 = ORIENTED_EDGE ( 'NONE', *, *, #10321, .T. ) ;
#5598 = CARTESIAN_POINT ( 'NONE',  ( 0.7817888194862648854, 0.9000000000000000222, -0.03972691110536059889 ) ) ;
#5599 = VERTEX_POINT ( 'NONE', #6696 ) ;
#5600 = CARTESIAN_POINT ( 'NONE',  ( 0.7330947111427704721, 0.6999999999999997335, 0.03608327600374142824 ) ) ;
#5601 = EDGE_CURVE ( 'NONE', #4554, #3219, #3329, .T. ) ;
#5602 = LINE ( 'NONE', #9656, #10059 ) ;
#5603 = CARTESIAN_POINT ( 'NONE',  ( -0.7809764076527785370, 0.6999999999999999556, 0.03081026181774569606 ) ) ;
#5604 = STYLED_ITEM ( 'NONE', ( #9803 ), #7076 ) ;
#5605 = CARTESIAN_POINT ( 'NONE',  ( -0.03421431324376997263, 0.9000000000000000222, -0.2173941577547864601 ) ) ;
#5606 = VECTOR ( 'NONE', #261, 1000.000000000000000 ) ;
#5607 = ORIENTED_EDGE ( 'NONE', *, *, #5924, .T. ) ;
#5608 = CARTESIAN_POINT ( 'NONE',  ( 0.3233775178232934366, 0.9000000000000003553, -0.02733581157424380334 ) ) ;
#5609 = CARTESIAN_POINT ( 'NONE',  ( -0.6868458921911384518, 0.6999999999999999556, -0.03318363143899703133 ) ) ;
#5610 = UNCERTAINTY_MEASURE_WITH_UNIT (LENGTH_MEASURE( 1.000000000000000082E-05 ), #4394, 'distance_accuracy_value', 'NONE');
#5611 = CARTESIAN_POINT ( 'NONE',  ( 1.044733055177282433, 0.9000000000000002442, -0.06476257880741809192 ) ) ;
#5612 = CARTESIAN_POINT ( 'NONE',  ( 0.6159173585878038315, 0.6999999999999998446, -0.05263561285479318591 ) ) ;
#5613 = DIRECTION ( 'NONE',  ( 0.0000000000000000000, 0.0000000000000000000, 1.000000000000000000 ) ) ;
#5614 = CARTESIAN_POINT ( 'NONE',  ( 0.6532101598777617646, 0.7000000000000001776, -0.06865698566720361551 ) ) ;
#5615 =( GEOMETRIC_REPRESENTATION_CONTEXT ( 3 ) GLOBAL_UNCERTAINTY_ASSIGNED_CONTEXT ( ( #7842 ) ) GLOBAL_UNIT_ASSIGNED_CONTEXT ( ( #9828, #3407, #5775 ) ) REPRESENTATION_CONTEXT ( 'NONE', 'WORKASPACE' ) );
#5616 = DIRECTION ( 'NONE',  ( 0.0000000000000000000, 0.0000000000000000000, 1.000000000000000000 ) ) ;
#5617 = CARTESIAN_POINT ( 'NONE',  ( 1.187634982997886501, 0.6999999999999999556, 0.9780523389394325529 ) ) ;
#5618 = DIRECTION ( 'NONE',  ( 0.0000000000000000000, 0.0000000000000000000, 1.000000000000000000 ) ) ;
#5619 = CARTESIAN_POINT ( 'NONE',  ( 0.5619781793719337282, 0.8999999999999994671, -0.1031005013175879670 ) ) ;
#5620 = EDGE_LOOP ( 'NONE', ( #10189, #7633, #8586, #8573 ) ) ;
#5621 = CARTESIAN_POINT ( 'NONE',  ( -0.9500037869279804870, 0.6999999999999999556, -0.2138853858249619433 ) ) ;
#5622 = CARTESIAN_POINT ( 'NONE',  ( 0.3216468741066093595, 0.6999999999999999556, -0.004524623233763256334 ) ) ;
#5623 =( LENGTH_UNIT ( ) NAMED_UNIT ( * ) SI_UNIT ( .MILLI., .METRE. ) );
#5624 = FACE_OUTER_BOUND ( 'NONE', #4705, .T. ) ;
#5625 = CARTESIAN_POINT ( 'NONE',  ( 0.1675141101941430288, 0.9000000000000001332, -0.009456953567012118395 ) ) ;
#5626 = CARTESIAN_POINT ( 'NONE',  ( 0.7745576165807911417, 0.6999999999999999556, -0.07528889459689178110 ) ) ;
#5627 = DIRECTION ( 'NONE',  ( 0.0000000000000000000, 0.0000000000000000000, -1.000000000000000000 ) ) ;
#5628 = DIRECTION ( 'NONE',  ( -1.000000000000000000, 0.0000000000000000000, 0.0000000000000000000 ) ) ;
#5629 = ORIENTED_EDGE ( 'NONE', *, *, #8755, .T. ) ;
#5630 = AXIS2_PLACEMENT_3D ( 'NONE', #8592, #7010, #4068 ) ;
#5631 = ORIENTED_EDGE ( 'NONE', *, *, #7294, .F. ) ;
#5632 = CARTESIAN_POINT ( 'NONE',  ( 1.058814998066367474, 0.6999999999999999556, -0.2138156430251055007 ) ) ;
#5633 = CARTESIAN_POINT ( 'NONE',  ( -0.7973260277902307624, 0.9000000000000002442, -0.06324741025259913996 ) ) ;
#5634 = STYLED_ITEM ( 'NONE', ( #118 ), #8593 ) ;
#5635 = VERTEX_POINT ( 'NONE', #1930 ) ;
#5636 = CARTESIAN_POINT ( 'NONE',  ( 0.07852204149342505157, 0.9000000000000000222, 0.04071688199800327368 ) ) ;
#5637 = CARTESIAN_POINT ( 'NONE',  ( 0.6842829535455845491, 0.9000000000000001332, -0.1555126056336625373 ) ) ;
#5638 = CARTESIAN_POINT ( 'NONE',  ( 0.0000000000000000000, -0.1000000000000000056, -0.1250000000000001665 ) ) ;
#5639 = VECTOR ( 'NONE', #1753, 1000.000000000000000 ) ;
#5640 = EDGE_CURVE ( 'NONE', #5520, #8273, #370, .T. ) ;
#5641 = CARTESIAN_POINT ( 'NONE',  ( 0.6631661955768126671, 0.6999999999999998446, 0.07201701681004762934 ) ) ;
#5642 = CARTESIAN_POINT ( 'NONE',  ( 0.3896148527370222325, 0.6999999999999999556, -0.1069940989488469274 ) ) ;
#5643 = CARTESIAN_POINT ( 'NONE',  ( 1.004382177984299851, 0.6999999999999999556, -0.06476257880741809192 ) ) ;
#5644 = CARTESIAN_POINT ( 'NONE',  ( 0.8058468575724836436, 0.6999999999999998446, -0.1843623592287816637 ) ) ;
#5645 = LINE ( 'NONE', #8724, #6998 ) ;
#5646 = CARTESIAN_POINT ( 'NONE',  ( 0.7692335350359735813, 0.8999999999999999112, -0.02267508584253368278 ) ) ;
#5647 = AXIS2_PLACEMENT_3D ( 'NONE', #616, #9320, #1349 ) ;
#5648 = ORIENTED_EDGE ( 'NONE', *, *, #3523, .F. ) ;
#5649 = DIRECTION ( 'NONE',  ( -1.000000000000000000, 0.0000000000000000000, 0.0000000000000000000 ) ) ;
#5650 = CARTESIAN_POINT ( 'NONE',  ( 1.107739438573630331, 0.7000000000000000666, -0.1148666908088316063 ) ) ;
#5651 = CARTESIAN_POINT ( 'NONE',  ( -0.7427453311691228910, 0.9000000000000000222, -0.1838079556331576325 ) ) ;
#5652 = AXIS2_PLACEMENT_3D ( 'NONE', #3512, #4398, #3614 ) ;
#5653 = CARTESIAN_POINT ( 'NONE',  ( 0.8402535566907660680, 0.7000000000000000666, -0.1846041876227582645 ) ) ;
#5654 = CARTESIAN_POINT ( 'NONE',  ( 0.9028882434706166915, 0.7000000000000000666, -0.05089900489000312445 ) ) ;
#5655 = VECTOR ( 'NONE', #7922, 1000.000000000000000 ) ;
#5656 = SURFACE_STYLE_USAGE ( .BOTH. , #1510 ) ;
#5657 = EDGE_CURVE ( 'NONE', #3647, #8518, #2684, .T. ) ;
#5658 = CARTESIAN_POINT ( 'NONE',  ( 0.9030547897169235450, 0.6999999999999997335, -0.1105164985942328620 ) ) ;
#5659 = CARTESIAN_POINT ( 'NONE',  ( 0.3608575004915505202, 0.9000000000000001332, -0.1025466908020650630 ) ) ;
#5660 = CARTESIAN_POINT ( 'NONE',  ( 0.6432319930353324056, 0.8999999999999999112, 0.04075349424776250618 ) ) ;
#5661 = CARTESIAN_POINT ( 'NONE',  ( -0.8169805983582471010, 0.9000000000000003553, 0.04622695314295034025 ) ) ;
#5662 = VECTOR ( 'NONE', #6716, 1000.000000000000000 ) ;
#5663 = MECHANICAL_DESIGN_GEOMETRIC_PRESENTATION_REPRESENTATION (  '', ( #6844 ), #7029 ) ;
#5664 = EDGE_LOOP ( 'NONE', ( #6227, #8167, #3249, #3584 ) ) ;
#5665 =( NAMED_UNIT ( * ) PLANE_ANGLE_UNIT ( ) SI_UNIT ( $, .RADIAN. ) );
#5666 = CARTESIAN_POINT ( 'NONE',  ( 1.052237288733257170, 0.9000000000000002442, -0.06486694466332283693 ) ) ;
#5667 = CARTESIAN_POINT ( 'NONE',  ( 0.6587118288567281876, 0.9000000000000000222, -0.001550926232035562853 ) ) ;
#5668 = VECTOR ( 'NONE', #4220, 1000.000000000000000 ) ;
#5669 = CARTESIAN_POINT ( 'NONE',  ( 0.2412242832474579823, 0.6999999999999999556, 0.08436022821012574557 ) ) ;
#5670 = CARTESIAN_POINT ( 'NONE',  ( 0.6935020534362948963, 0.6999999999999998446, 0.01047452221563137734 ) ) ;
#5671 = LINE ( 'NONE', #131, #6731 ) ;
#5672 = CARTESIAN_POINT ( 'NONE',  ( 0.4311550394404323194, 0.9000000000000001332, -0.05761116026384170002 ) ) ;
#5673 = DIRECTION ( 'NONE',  ( -0.0000000000000000000, 1.000000000000000000, -0.0000000000000000000 ) ) ;
#5674 = ORIENTED_EDGE ( 'NONE', *, *, #8244, .T. ) ;
#5675 = CARTESIAN_POINT ( 'NONE',  ( 0.9249999999999998224, -0.1000000000000000056, 0.3750000000000001665 ) ) ;
#5676 = PRESENTATION_STYLE_ASSIGNMENT (( #1666 ) ) ;
#5677 = FILL_AREA_STYLE_COLOUR ( '', #3837 ) ;
#5678 = CARTESIAN_POINT ( 'NONE',  ( 0.3719002554797309901, 0.9000000000000001332, -0.07713772131381307906 ) ) ;
#5679 = CARTESIAN_POINT ( 'NONE',  ( 0.1233692486027744561, 0.7000000000000001776, 0.04296286389590490973 ) ) ;
#5680 = CARTESIAN_POINT ( 'NONE',  ( 0.6156921531819941062, 0.8999999999999999112, -0.1846041876227582645 ) ) ;
#5681 = CARTESIAN_POINT ( 'NONE',  ( 0.7958818969630397921, 0.9000000000000002442, -0.1813278868014736034 ) ) ;
#5682 = FILL_AREA_STYLE_COLOUR ( '', #6142 ) ;
#5683 = EDGE_CURVE ( 'NONE', #4046, #8168, #3876, .T. ) ;
#5684 = VECTOR ( 'NONE', #4013, 1000.000000000000000 ) ;
#5685 = ORIENTED_EDGE ( 'NONE', *, *, #4459, .T. ) ;
#5686 = ORIENTED_EDGE ( 'NONE', *, *, #5482, .F. ) ;
#5687 = VERTEX_POINT ( 'NONE', #2389 ) ;
#5688 = CARTESIAN_POINT ( 'NONE',  ( 0.06823054394044088256, 0.9000000000000001332, 0.05829256982807059367 ) ) ;
#5689 = CARTESIAN_POINT ( 'NONE',  ( 0.5147258745799309088, 0.9000000000000002442, -0.1545263873557253531 ) ) ;
#5690 = STYLED_ITEM ( 'NONE', ( #6602 ), #2575 ) ;
#5691 = CARTESIAN_POINT ( 'NONE',  ( 0.5598310118171532235, 0.6999999999999999556, -0.1740799189414415638 ) ) ;
#5692 = CARTESIAN_POINT ( 'NONE',  ( -0.6486981777338896027, 0.8999999999999996891, -0.002603103544216096941 ) ) ;
#5693 = CARTESIAN_POINT ( 'NONE',  ( 0.5149374277891378693, 0.7000000000000001776, 0.05179795047569915600 ) ) ;
#5694 = CARTESIAN_POINT ( 'NONE',  ( 0.3792513078710033070, 0.7000000000000000666, -0.1061310317468223824 ) ) ;
#5695 = CARTESIAN_POINT ( 'NONE',  ( -0.7396804327525127176, 0.9000000000000002442, -0.2172679463820360035 ) ) ;
#5696 = FILL_AREA_STYLE ('',( #7299 ) ) ;
#5697 = CARTESIAN_POINT ( 'NONE',  ( -0.5605301027174541817, 0.6999999999999999556, -0.2138853858249619433 ) ) ;
#5698 = ORIENTED_EDGE ( 'NONE', *, *, #9735, .F. ) ;
#5699 = MECHANICAL_DESIGN_GEOMETRIC_PRESENTATION_REPRESENTATION (  '', ( #64 ), #7756 ) ;
#5700 = CARTESIAN_POINT ( 'NONE',  ( 0.9142376350144473252, 0.7000000000000000666, 0.03168865755623486574 ) ) ;
#5701 = EDGE_CURVE ( 'NONE', #113, #5542, #3099, .T. ) ;
#5702 = CARTESIAN_POINT ( 'NONE',  ( 1.004382177984299851, 0.9000000000000000222, -0.03142924547408474517 ) ) ;
#5703 = CARTESIAN_POINT ( 'NONE',  ( -0.1973722079806121410, 0.6999999999999999556, -0.05423626301794440968 ) ) ;
#5704 = UNCERTAINTY_MEASURE_WITH_UNIT (LENGTH_MEASURE( 1.000000000000000082E-05 ), #3286, 'distance_accuracy_value', 'NONE');
#5705 = VECTOR ( 'NONE', #3224, 1000.000000000000000 ) ;
#5706 = CARTESIAN_POINT ( 'NONE',  ( 0.8350365073761881751, 0.6999999999999998446, -0.1855089401953294859 ) ) ;
#5707 = CARTESIAN_POINT ( 'NONE',  ( 0.1374379312219170812, 0.9000000000000001332, -0.2185611131177085664 ) ) ;
#5708 = CARTESIAN_POINT ( 'NONE',  ( -0.7245058631758631851, 0.6999999999999998446, -0.1829387492261359549 ) ) ;
#5709 = FILL_AREA_STYLE ('',( #917 ) ) ;
#5710 = CARTESIAN_POINT ( 'NONE',  ( 0.9090928627988967836, 0.9000000000000002442, -0.1373702312129746750 ) ) ;
#5711 = CARTESIAN_POINT ( 'NONE',  ( 0.6933727310646365938, 0.9000000000000004663, -0.01404739084849768171 ) ) ;
#5712 = CARTESIAN_POINT ( 'NONE',  ( 0.9249999999999998224, 0.0000000000000000000, 0.6250000000000001110 ) ) ;
#5713 = VERTEX_POINT ( 'NONE', #1561 ) ;
#5714 = ORIENTED_EDGE ( 'NONE', *, *, #3301, .F. ) ;
#5715 =( NAMED_UNIT ( * ) SI_UNIT ( $, .STERADIAN. ) SOLID_ANGLE_UNIT ( ) );
#5716 = ADVANCED_FACE ( 'NONE', ( #7970 ), #9614, .F. ) ;
#5717 = CARTESIAN_POINT ( 'NONE',  ( 0.8042330876030576725, 0.6999999999999997335, -0.09316699479757110935 ) ) ;
#5718 = FACE_OUTER_BOUND ( 'NONE', #9202, .T. ) ;
#5719 = CARTESIAN_POINT ( 'NONE',  ( 1.059401218542794121, 0.9000000000000000222, -0.06544642100791232819 ) ) ;
#5720 = CARTESIAN_POINT ( 'NONE',  ( 0.6580096532602260906, 0.7000000000000000666, 0.006483180057610245413 ) ) ;
#5721 =( GEOMETRIC_REPRESENTATION_CONTEXT ( 3 ) GLOBAL_UNCERTAINTY_ASSIGNED_CONTEXT ( ( #3637 ) ) GLOBAL_UNIT_ASSIGNED_CONTEXT ( ( #2941, #2478, #7311 ) ) REPRESENTATION_CONTEXT ( 'NONE', 'WORKASPACE' ) );
#5722 = LINE ( 'NONE', #2394, #4366 ) ;
#5723 = CARTESIAN_POINT ( 'NONE',  ( 0.6911475674389176982, 0.6999999999999997335, -0.02585869272510711234 ) ) ;
#5724 = DIRECTION ( 'NONE',  ( -1.000000000000000000, 0.0000000000000000000, 0.0000000000000000000 ) ) ;
#5725 = CARTESIAN_POINT ( 'NONE',  ( 0.4332503666956566968, 0.8999999999999998002, 0.02976339709112536813 ) ) ;
#5726 = CARTESIAN_POINT ( 'NONE',  ( 0.4710157624235215001, 0.7000000000000000666, -0.06049702207994256398 ) ) ;
#5727 = VERTEX_POINT ( 'NONE', #7915 ) ;
#5728 = CARTESIAN_POINT ( 'NONE',  ( 1.187634982997886501, 0.6999999999999999556, 1.116070660680423376 ) ) ;
#5729 = CARTESIAN_POINT ( 'NONE',  ( -0.4254423834192086473, 0.6999999999999999556, -0.2138853858249619433 ) ) ;
#5730 = EDGE_CURVE ( 'NONE', #394, #2838, #4852, .T. ) ;
#5731 = DIRECTION ( 'NONE',  ( 4.336808689942019708E-16, 0.0000000000000000000, -1.000000000000000000 ) ) ;
#5732 =( LENGTH_UNIT ( ) NAMED_UNIT ( * ) SI_UNIT ( .MILLI., .METRE. ) );
#5733 = CARTESIAN_POINT ( 'NONE',  ( 0.3235834544956677772, 0.9000000000000001332, 0.009672574682707808444 ) ) ;
#5734 = CARTESIAN_POINT ( 'NONE',  ( -0.6658878202025689808, 0.7000000000000001776, -0.1808706593414259045 ) ) ;
#5735 = CARTESIAN_POINT ( 'NONE',  ( 0.5598310118171532235, 0.9000000000000000222, -0.1740799189414415638 ) ) ;
#5736 = CARTESIAN_POINT ( 'NONE',  ( 0.6481411743430919303, 0.9000000000000000222, -0.03220540040418925359 ) ) ;
#5737 = CARTESIAN_POINT ( 'NONE',  ( 1.044733055177282433, 0.6999999999999999556, -0.06476257880741809192 ) ) ;
#5738 = VERTEX_POINT ( 'NONE', #4076 ) ;
#5739 = ORIENTED_EDGE ( 'NONE', *, *, #5436, .F. ) ;
#5740 = DIRECTION ( 'NONE',  ( -1.000000000000000000, 0.0000000000000000000, 0.0000000000000000000 ) ) ;
#5741 = CARTESIAN_POINT ( 'NONE',  ( 0.6778707484327820554, 0.8999999999999996891, -0.1764029346301911605 ) ) ;
#5742 = ADVANCED_FACE ( 'NONE', ( #7261 ), #3045, .T. ) ;
#5743 = VECTOR ( 'NONE', #3195, 1000.000000000000000 ) ;
#5744 = CARTESIAN_POINT ( 'NONE',  ( 0.6156921531819941062, 0.8999999999999998002, -0.1846041876227582645 ) ) ;
#5745 = CARTESIAN_POINT ( 'NONE',  ( -0.6471543501141175936, 0.6999999999999998446, -0.01749328552203504444 ) ) ;
#5746 = CARTESIAN_POINT ( 'NONE',  ( 0.5112796291258482340, 0.6999999999999995115, 0.04420882317578790632 ) ) ;
#5747 = CARTESIAN_POINT ( 'NONE',  ( 0.4085472954646953703, 0.7000000000000002887, -0.1062115119796451096 ) ) ;
#5748 = CARTESIAN_POINT ( 'NONE',  ( -0.7678993003621391589, 0.7000000000000001776, -0.2119522551197939864 ) ) ;
#5749 = CARTESIAN_POINT ( 'NONE',  ( 0.7710640637149158705, 0.6999999999999997335, -0.1392500304593271565 ) ) ;
#5750 =( NAMED_UNIT ( * ) PLANE_ANGLE_UNIT ( ) SI_UNIT ( $, .RADIAN. ) );
#5751 = CARTESIAN_POINT ( 'NONE',  ( 0.3815599669833322216, 0.8999999999999999112, 0.05810615474352543580 ) ) ;
#5752 = VERTEX_POINT ( 'NONE', #722 ) ;
#5753 = ORIENTED_EDGE ( 'NONE', *, *, #6742, .T. ) ;
#5754 = CARTESIAN_POINT ( 'NONE',  ( 0.3407688866768064373, 0.6999999999999998446, 0.04102163085118840091 ) ) ;
#5755 = CARTESIAN_POINT ( 'NONE',  ( -0.3750000000000000000, -0.1000000000000000056, -0.0000000000000000000 ) ) ;
#5756 = CARTESIAN_POINT ( 'NONE',  ( -0.5798283483314893294, 0.6999999999999999556, 0.08611461417503804561 ) ) ;
#5757 = CARTESIAN_POINT ( 'NONE',  ( 0.6250000000000000000, 0.0000000000000000000, -1.149999999999999911 ) ) ;
#5758 = CARTESIAN_POINT ( 'NONE',  ( -0.7065609621612060076, 0.9000000000000001332, 0.04214135654130438807 ) ) ;
#5759 = DIRECTION ( 'NONE',  ( -0.9877629653290690426, 0.0000000000000000000, -0.1559625734730108459 ) ) ;
#5760 = LINE ( 'NONE', #8998, #287 ) ;
#5761 = CARTESIAN_POINT ( 'NONE',  ( -0.7579825367081661769, 0.7000000000000002887, 0.08765171969269303087 ) ) ;
#5762 = LINE ( 'NONE', #4228, #7779 ) ;
#5763 = VERTEX_POINT ( 'NONE', #7057 ) ;
#5764 = LINE ( 'NONE', #9867, #4556 ) ;
#5765 = B_SPLINE_CURVE_WITH_KNOTS ( 'NONE', 3,
 ( #5329, #1260, #7609, #6058, #464, #8548, #7774, #630, #6967, #3576, #2758, #5900, #9127, #9951, #3624, #3165, #7125, #4672, #1574 ),
 .UNSPECIFIED., .F., .F.,
 ( 4, 1, 1, 1, 1, 1, 1, 1, 1, 1, 1, 1, 1, 1, 1, 1, 4 ),
 ( 0.0000000000000000000, 0.05912225842692454825, 0.1163745632724285939, 0.1723850336532517791, 0.2272979446814678006, 0.2824955560826822865, 0.3385223113746870793, 0.3954652401766620140, 0.4548003304608911335, 0.5151663522353935321, 0.5764256228436294149, 0.6392884606248495638, 0.7043299071627687757, 0.7725878817225226847, 0.8442388206641384674, 0.9197687139405764656, 1.000000000000000000 ),
 .UNSPECIFIED. ) ;
#5766 = DIRECTION ( 'NONE',  ( 0.0000000000000000000, 0.0000000000000000000, 1.000000000000000000 ) ) ;
#5767 = CARTESIAN_POINT ( 'NONE',  ( 1.187634982997886501, 0.6999999999999999556, 0.9780523389394325529 ) ) ;
#5768 = CARTESIAN_POINT ( 'NONE',  ( 0.5428979948900144459, 0.7000000000000000666, -0.01816036597924367349 ) ) ;
#5769 = CARTESIAN_POINT ( 'NONE',  ( 0.5470186436415201969, 0.6999999999999999556, -0.1314927984018288976 ) ) ;
#5770 = ADVANCED_FACE ( 'NONE', ( #2586 ), #3348, .T. ) ;
#5771 =( LENGTH_UNIT ( ) NAMED_UNIT ( * ) SI_UNIT ( .MILLI., .METRE. ) );
#5772 = CARTESIAN_POINT ( 'NONE',  ( 0.4282203647437884952, 0.6999999999999998446, 0.08104785762000342453 ) ) ;
#5773 = AXIS2_PLACEMENT_3D ( 'NONE', #4105, #8662, #4684 ) ;
#5774 = EDGE_LOOP ( 'NONE', ( #5990, #5205, #8947, #1293 ) ) ;
#5775 =( NAMED_UNIT ( * ) SI_UNIT ( $, .STERADIAN. ) SOLID_ANGLE_UNIT ( ) );
#5776 = CARTESIAN_POINT ( 'NONE',  ( 0.0000000000000000000, 0.0000000000000000000, -0.6700000000000000400 ) ) ;
#5777 = CARTESIAN_POINT ( 'NONE',  ( 0.8693869707386325807, 0.6999999999999998446, -0.1195195008968644723 ) ) ;
#5778 = COLOUR_RGB ( '',0.3764705882352941124, 0.3764705882352941124, 0.3764705882352941124 ) ;
#5779 = CARTESIAN_POINT ( 'NONE',  ( 0.4306979674579842210, 0.6999999999999999556, -0.2173941577547864601 ) ) ;
#5780 = CARTESIAN_POINT ( 'NONE',  ( 0.3312726703855316535, 0.7000000000000002887, -0.04894907365671562899 ) ) ;
#5781 = CARTESIAN_POINT ( 'NONE',  ( -0.6489270973589733593, 0.9000000000000001332, -0.1315004888918331338 ) ) ;
#5782 = CARTESIAN_POINT ( 'NONE',  ( 0.6490765801514682964, 0.9000000000000000222, -0.1389509197478257796 ) ) ;
#5783 = CARTESIAN_POINT ( 'NONE',  ( 0.8115225401076195944, 0.9000000000000003553, -0.1853254838409339467 ) ) ;
#5784 = CARTESIAN_POINT ( 'NONE',  ( 0.6049784361223067286, 0.9000000000000000222, -0.05448074153678759274 ) ) ;
#5785 = CARTESIAN_POINT ( 'NONE',  ( 0.1168555355183076294, 0.7000000000000002887, -0.2133422656521840599 ) ) ;
#5786 = CARTESIAN_POINT ( 'NONE',  ( 1.107039031525355544, 0.9000000000000004663, -0.1378156177574216545 ) ) ;
#5787 = ADVANCED_FACE ( 'NONE', ( #2631 ), #7429, .T. ) ;
#5788 = EDGE_CURVE ( 'NONE', #7417, #9396, #1808, .T. ) ;
#5789 = VERTEX_POINT ( 'NONE', #9002 ) ;
#5790 = ORIENTED_EDGE ( 'NONE', *, *, #9088, .T. ) ;
#5791 = CARTESIAN_POINT ( 'NONE',  ( 0.07097237785611314187, 0.8999999999999995781, 0.05224179361785564329 ) ) ;
#5792 = LINE ( 'NONE', #4306, #4109 ) ;
#5793 = CARTESIAN_POINT ( 'NONE',  ( -0.7059068930198486580, 0.6999999999999999556, -0.1732674969671386400 ) ) ;
#5794 = CARTESIAN_POINT ( 'NONE',  ( 0.5045034143157355322, 0.7000000000000003997, 0.008483538044721457977 ) ) ;
#5795 = CARTESIAN_POINT ( 'NONE',  ( 0.4746388461028622774, 0.6999999999999997335, -0.05186554478298441989 ) ) ;
#5796 = CARTESIAN_POINT ( 'NONE',  ( 0.6536246954497711981, 0.6999999999999997335, -0.02403330742360535247 ) ) ;
#5797 = PRESENTATION_LAYER_ASSIGNMENT (  '', '', ( #3492 ) ) ;
#5798 = CARTESIAN_POINT ( 'NONE',  ( 0.8801963505179613012, 0.9000000000000000222, 0.01876640561800682963 ) ) ;
#5799 = CARTESIAN_POINT ( 'NONE',  ( 0.3785304246042514587, 0.8999999999999998002, -0.07770905958397308910 ) ) ;
#5800 = VERTEX_POINT ( 'NONE', #9768 ) ;
#5801 = EDGE_CURVE ( 'NONE', #1115, #225, #7373, .T. ) ;
#5802 = EDGE_LOOP ( 'NONE', ( #6428, #9162, #9791 ) ) ;
#5803 = DIRECTION ( 'NONE',  ( -1.000000000000000000, 0.0000000000000000000, 0.0000000000000000000 ) ) ;
#5804 = VERTEX_POINT ( 'NONE', #1851 ) ;
#5805 = DIRECTION ( 'NONE',  ( 0.0000000000000000000, 1.000000000000000000, 0.0000000000000000000 ) ) ;
#5806 = VECTOR ( 'NONE', #8892, 1000.000000000000000 ) ;
#5807 = SURFACE_STYLE_USAGE ( .BOTH. , #8053 ) ;
#5808 = FILL_AREA_STYLE ('',( #7305 ) ) ;
#5809 = DIRECTION ( 'NONE',  ( 0.0000000000000000000, 0.0000000000000000000, -1.000000000000000000 ) ) ;
#5810 = CARTESIAN_POINT ( 'NONE',  ( 0.8363801892612298117, 0.9000000000000002442, 0.08940876473621592324 ) ) ;
#5811 =( GEOMETRIC_REPRESENTATION_CONTEXT ( 3 ) GLOBAL_UNCERTAINTY_ASSIGNED_CONTEXT ( ( #2328 ) ) GLOBAL_UNIT_ASSIGNED_CONTEXT ( ( #5623, #4720, #5576 ) ) REPRESENTATION_CONTEXT ( 'NONE', 'WORKASPACE' ) );
#5812 = CARTESIAN_POINT ( 'NONE',  ( -0.6888779482918809816, 0.6999999999999994005, 0.001177562054787027615 ) ) ;
#5813 = EDGE_CURVE ( 'NONE', #4553, #8687, #8212, .T. ) ;
#5814 = FACE_OUTER_BOUND ( 'NONE', #9100, .T. ) ;
#5815 = CARTESIAN_POINT ( 'NONE',  ( 0.3807267516006721531, 0.8999999999999999112, 0.08993186336539640835 ) ) ;
#5816 = CARTESIAN_POINT ( 'NONE',  ( 0.5067454807285272089, 0.9000000000000000222, 0.02738035923233493943 ) ) ;
#5817 = DIRECTION ( 'NONE',  ( 0.0000000000000000000, 1.000000000000000000, 0.0000000000000000000 ) ) ;
#5818 = STYLED_ITEM ( 'NONE', ( #5262 ), #9770 ) ;
#5819 = DIRECTION ( 'NONE',  ( 0.0000000000000000000, 0.0000000000000000000, 1.000000000000000000 ) ) ;
#5820 = CARTESIAN_POINT ( 'NONE',  ( 0.3394698972825455074, 0.6999999999999998446, 0.03965587473384245970 ) ) ;
#5821 = VERTEX_POINT ( 'NONE', #3450 ) ;
#5822 = FILL_AREA_STYLE ('',( #6461 ) ) ;
#5823 = COLOUR_RGB ( '',1.000000000000000000, 0.9607843137254902244, 0.4549019607843137192 ) ;
#5824 = CARTESIAN_POINT ( 'NONE',  ( 1.107890949914124512, 0.6999999999999999556, -0.1226573156495233408 ) ) ;
#5825 = VECTOR ( 'NONE', #6903, 1000.000000000000114 ) ;
#5826 = LINE ( 'NONE', #9060, #2997 ) ;
#5827 = FILL_AREA_STYLE_COLOUR ( '', #9520 ) ;
#5828 = CARTESIAN_POINT ( 'NONE',  ( -0.7427453311691228910, 0.6999999999999999556, -0.1838079556331576325 ) ) ;
#5829 = CARTESIAN_POINT ( 'NONE',  ( 0.5869832561131551607, 0.8999999999999995781, 0.05542553893573530510 ) ) ;
#5830 = CARTESIAN_POINT ( 'NONE',  ( 0.4324334244019382156, 0.6999999999999999556, -0.09824586666126616796 ) ) ;
#5831 = VECTOR ( 'NONE', #2709, 1000.000000000000000 ) ;
#5832 = VERTEX_POINT ( 'NONE', #6613 ) ;
#5833 = EDGE_LOOP ( 'NONE', ( #1871, #924, #6188, #3846 ) ) ;
#5834 = LINE ( 'NONE', #2637, #6975 ) ;
#5835 = CARTESIAN_POINT ( 'NONE',  ( 0.8385018480080650427, 0.9000000000000003553, -0.2166492977353447202 ) ) ;
#5836 = ADVANCED_FACE ( 'NONE', ( #3599 ), #437, .F. ) ;
#5837 = CARTESIAN_POINT ( 'NONE',  ( 0.8732463833282452237, 0.6999999999999996225, -0.1339347267550653475 ) ) ;
#5838 = VECTOR ( 'NONE', #655, 1000.000000000000000 ) ;
#5839 = SURFACE_SIDE_STYLE ('',( #1147 ) ) ;
#5840 = CARTESIAN_POINT ( 'NONE',  ( 0.3653952921221441108, 0.6999999999999998446, -0.07602723105323641595 ) ) ;
#5841 = CARTESIAN_POINT ( 'NONE',  ( 1.146820146418330078, 0.6999999999999999556, -0.1424943557319640064 ) ) ;
#5842 = PLANE ( 'NONE',  #2855 ) ;
#5843 = CARTESIAN_POINT ( 'NONE',  ( 0.8757647944194629774, 0.7000000000000001776, -0.2040689775846446508 ) ) ;
#5844 = CARTESIAN_POINT ( 'NONE',  ( 0.5467835905770140892, 0.9000000000000000222, -0.02701382103186768940 ) ) ;
#5845 = CARTESIAN_POINT ( 'NONE',  ( 0.7725703962907713995, 0.6999999999999999556, -0.07425645494990004702 ) ) ;
#5846 = CARTESIAN_POINT ( 'NONE',  ( 0.1541706102787261390, 0.8999999999999999112, 0.006642594362090291707 ) ) ;
#5847 = EDGE_LOOP ( 'NONE', ( #1619, #8467, #7498, #530 ) ) ;
#5848 = CARTESIAN_POINT ( 'NONE',  ( 0.3407688866768064373, 0.6999999999999998446, 0.04102163085118840091 ) ) ;
#5849 = ADVANCED_FACE ( 'NONE', ( #4438 ), #3145, .T. ) ;
#5850 = DIRECTION ( 'NONE',  ( -4.336808689942017736E-16, 0.0000000000000000000, 1.000000000000000000 ) ) ;
#5851 = MECHANICAL_DESIGN_GEOMETRIC_PRESENTATION_REPRESENTATION (  '', ( #8729 ), #2727 ) ;
#5852 = CARTESIAN_POINT ( 'NONE',  ( 0.09034709026500180318, 0.6999999999999999556, -0.1349380174039092883 ) ) ;
#5853 = CARTESIAN_POINT ( 'NONE',  ( 0.4778053057344914256, 0.6999999999999997335, -0.04105008098858321103 ) ) ;
#5854 = CARTESIAN_POINT ( 'NONE',  ( 0.7710055862053049047, 0.9000000000000002442, -0.1427336692305481991 ) ) ;
#5855 = ORIENTED_EDGE ( 'NONE', *, *, #10040, .T. ) ;
#5856 = ORIENTED_EDGE ( 'NONE', *, *, #9217, .F. ) ;
#5857 = CARTESIAN_POINT ( 'NONE',  ( 1.044733055177282433, 0.6999999999999999556, -0.1805520524916285896 ) ) ;
#5858 = VECTOR ( 'NONE', #3868, 1000.000000000000000 ) ;
#5859 = EDGE_CURVE ( 'NONE', #5283, #10136, #4491, .T. ) ;
#5860 = FACE_OUTER_BOUND ( 'NONE', #2879, .T. ) ;
#5861 = DIRECTION ( 'NONE',  ( 0.0000000000000000000, 0.0000000000000000000, 1.000000000000000000 ) ) ;
#5862 =( LENGTH_UNIT ( ) NAMED_UNIT ( * ) SI_UNIT ( .MILLI., .METRE. ) );
#5863 = CARTESIAN_POINT ( 'NONE',  ( 0.7631957375528390930, 0.6999999999999999556, -0.06875061400778355314 ) ) ;
#5864 = CARTESIAN_POINT ( 'NONE',  ( -0.6869486018616739464, 0.7000000000000000666, -0.1160164390153436698 ) ) ;
#5865 = CARTESIAN_POINT ( 'NONE',  ( 0.6512033909106906826, 0.7000000000000000666, -0.2040689775846445397 ) ) ;
#5866 = CARTESIAN_POINT ( 'NONE',  ( 0.4808223221819901694, 0.9000000000000001332, -0.01821556951366404276 ) ) ;
#5867 = CARTESIAN_POINT ( 'NONE',  ( 0.6118187857524576279, 0.9000000000000001332, 0.08940876473621590936 ) ) ;
#5868 = ORIENTED_EDGE ( 'NONE', *, *, #4651, .F. ) ;
#5869 = CARTESIAN_POINT ( 'NONE',  ( 0.0000000000000000000, 0.6999999999999999556, 0.0000000000000000000 ) ) ;
#5870 = CARTESIAN_POINT ( 'NONE',  ( 0.5247663592282426626, 0.6999999999999998446, -0.05692393037834885677 ) ) ;
#5871 = ORIENTED_EDGE ( 'NONE', *, *, #3416, .F. ) ;
#5872 = PRESENTATION_LAYER_ASSIGNMENT (  '', '', ( #5055 ) ) ;
#5873 = EDGE_CURVE ( 'NONE', #6281, #588, #2369, .T. ) ;
#5874 = DIRECTION ( 'NONE',  ( -1.000000000000000000, 0.0000000000000000000, 0.0000000000000000000 ) ) ;
#5875 =( LENGTH_UNIT ( ) NAMED_UNIT ( * ) SI_UNIT ( .MILLI., .METRE. ) );
#5876 = SURFACE_STYLE_USAGE ( .BOTH. , #6566 ) ;
#5877 = AXIS2_PLACEMENT_3D ( 'NONE', #8607, #4771, #1526 ) ;
#5878 = DIRECTION ( 'NONE',  ( 0.0000000000000000000, 0.0000000000000000000, -1.000000000000000000 ) ) ;
#5879 = AXIS2_PLACEMENT_3D ( 'NONE', #2023, #3936, #8643 ) ;
#5880 = CARTESIAN_POINT ( 'NONE',  ( 0.4808146676068068559, 0.6999999999999996225, -0.006466215703915203020 ) ) ;
#5881 = VERTEX_POINT ( 'NONE', #491 ) ;
#5882 = ORIENTED_EDGE ( 'NONE', *, *, #4829, .F. ) ;
#5883 = LINE ( 'NONE', #9111, #8322 ) ;
#5884 = CARTESIAN_POINT ( 'NONE',  ( 0.7515250060849288927, 0.9000000000000001332, -0.1837136004031731384 ) ) ;
#5885 = CARTESIAN_POINT ( 'NONE',  ( 0.8341686268108265967, 0.6999999999999996225, -0.09193149816508758287 ) ) ;
#5886 = SURFACE_STYLE_USAGE ( .BOTH. , #3411 ) ;
#5887 = DIRECTION ( 'NONE',  ( -1.000000000000000000, 0.0000000000000000000, 0.0000000000000000000 ) ) ;
#5888 = CARTESIAN_POINT ( 'NONE',  ( 1.055259370966756149, 0.9000000000000000222, -0.03142924547408474517 ) ) ;
#5889 = LINE ( 'NONE', #9117, #881 ) ;
#5890 = CARTESIAN_POINT ( 'NONE',  ( 0.7392872780887027595, 0.6999999999999999556, -0.1545263873557253531 ) ) ;
#5891 = CARTESIAN_POINT ( 'NONE',  ( 0.5403146016360218518, 0.9000000000000000222, -0.003359070035488265563 ) ) ;
#5892 = EDGE_CURVE ( 'NONE', #7893, #8349, #8787, .T. ) ;
#5893 = VECTOR ( 'NONE', #7023, 1000.000000000000000 ) ;
#5894 = CARTESIAN_POINT ( 'NONE',  ( 0.1470284949541822150, 0.8999999999999998002, 0.01524217669518118136 ) ) ;
#5895 = ORIENTED_EDGE ( 'NONE', *, *, #2507, .F. ) ;
#5896 = DIRECTION ( 'NONE',  ( 0.0000000000000000000, 0.0000000000000000000, 1.000000000000000000 ) ) ;
#5897 = CARTESIAN_POINT ( 'NONE',  ( -0.7972372608427568119, 0.9000000000000001332, -0.04292065456779164956 ) ) ;
#5898 = DIRECTION ( 'NONE',  ( 0.0000000000000000000, 0.0000000000000000000, 1.000000000000000000 ) ) ;
#5899 = CARTESIAN_POINT ( 'NONE',  ( -0.6875356752887249456, 0.6999999999999998446, -0.1247795321179272082 ) ) ;
#5900 = CARTESIAN_POINT ( 'NONE',  ( -0.6606945527254977080, 0.6999999999999998446, -0.1725188232157757462 ) ) ;
#5901 = AXIS2_PLACEMENT_3D ( 'NONE', #8735, #9697, #1606 ) ;
#5902 = DIRECTION ( 'NONE',  ( 0.0000000000000000000, 0.0000000000000000000, 1.000000000000000000 ) ) ;
#5903 = CARTESIAN_POINT ( 'NONE',  ( 0.4738191286679980796, 0.7000000000000000666, 0.02831857602974234209 ) ) ;
#5904 = CARTESIAN_POINT ( 'NONE',  ( 0.5464874411421946077, 0.8999999999999998002, -0.1402011752986460913 ) ) ;
#5905 = CARTESIAN_POINT ( 'NONE',  ( 0.6582080169561498328, 0.7000000000000003997, -0.008807195381372208420 ) ) ;
#5906 = CARTESIAN_POINT ( 'NONE',  ( 0.7660118264542384869, 0.9000000000000002442, 0.01626577587549258089 ) ) ;
#5907 = CARTESIAN_POINT ( 'NONE',  ( 0.3879350058792955802, 0.9000000000000000222, 0.05832160545142371644 ) ) ;
#5908 = ORIENTED_EDGE ( 'NONE', *, *, #6333, .F. ) ;
#5909 = VERTEX_POINT ( 'NONE', #2611 ) ;
#5910 = ORIENTED_EDGE ( 'NONE', *, *, #9406, .F. ) ;
#5911 = LINE ( 'NONE', #4268, #1005 ) ;
#5912 = B_SPLINE_CURVE_WITH_KNOTS ( 'NONE', 3,
 ( #3144, #8572, #6292, #9503, #1330, #10080, #6080, #6937, #1436, #2221, #4588, #2276, #111, #1743, #5556, #7303, #5700, #862, #2472, #4838, #3279, #4789, #8050, #7955, #817, #9557, #6448, #8101, #2424, #9751, #3229, #8934, #9652, #911, #4062, #3961, #10320, #6342, #50, #7248, #4884, #5600, #8824, #8779, #1646, #963, #1796 ),
 .UNSPECIFIED., .F., .F.,
 ( 4, 1, 1, 1, 1, 1, 1, 1, 1, 1, 1, 1, 1, 1, 1, 1, 1, 1, 1, 1, 1, 1, 1, 1, 1, 1, 1, 1, 1, 1, 1, 1, 1, 1, 1, 1, 1, 1, 1, 1, 1, 1, 1, 1, 4 ),
 ( 0.0000000000000000000, 0.01896963721235623776, 0.03684034007680427741, 0.05363541345938676458, 0.06980683320512164058, 0.08505734143589162299, 0.09981558289693188979, 0.1140766110101990305, 0.1280247482881379240, 0.1557509365080442243, 0.1840838181307573040, 0.2138929585622945106, 0.2456524615522124588, 0.2768913951580697086, 0.3050798050033766140, 0.3305895681386532003, 0.3537127953842154615, 0.3750944523677424147, 0.3955313776239966495, 0.4147501343343142355, 0.4330879330758814483, 0.4512556153326141573, 0.4701155783352346518, 0.4901996834268588787, 0.5117585802951779561, 0.5348497856468031886, 0.5603243028311363227, 0.5881142765529854266, 0.6186914418350499822, 0.6494310865559865809, 0.6780294787034569781, 0.7047831093159805382, 0.7299050770518324960, 0.7536329646167441165, 0.7763247418582144288, 0.7984624024834477973, 0.8202244335740105363, 0.8416493045756042735, 0.8626147261795269472, 0.8834080170508172847, 0.9046905696445970424, 0.9268192755088797696, 0.9499933036506392758, 0.9743070173556438451, 1.000000000000000000 ),
 .UNSPECIFIED. ) ;
#5913 =( LENGTH_UNIT ( ) NAMED_UNIT ( * ) SI_UNIT ( .MILLI., .METRE. ) );
#5914 =( LENGTH_UNIT ( ) NAMED_UNIT ( * ) SI_UNIT ( .MILLI., .METRE. ) );
#5915 = CARTESIAN_POINT ( 'NONE',  ( -0.6531010152838210292, 0.9000000000000000222, -0.1534711790645527096 ) ) ;
#5916 = PRESENTATION_STYLE_ASSIGNMENT (( #3439 ) ) ;
#5917 = CARTESIAN_POINT ( 'NONE',  ( 0.8011001797983475781, 0.7000000000000000666, 0.08822479956790069133 ) ) ;
#5918 = AXIS2_PLACEMENT_3D ( 'NONE', #9802, #3481, #5803 ) ;
#5919 = CARTESIAN_POINT ( 'NONE',  ( -0.7329598771085106268, 0.6999999999999999556, 0.05617363900662205450 ) ) ;
#5920 = CARTESIAN_POINT ( 'NONE',  ( 0.5138702713774763176, 0.8999999999999999112, -0.1366515634528985834 ) ) ;
#5921 = CARTESIAN_POINT ( 'NONE',  ( 0.3414494893238093076, 0.8999999999999998002, 0.08297247713020328153 ) ) ;
#5922 = SURFACE_STYLE_FILL_AREA ( #2820 ) ;
#5923 = ADVANCED_FACE ( 'NONE', ( #8813 ), #4922, .T. ) ;
#5924 = EDGE_CURVE ( 'NONE', #707, #1873, #3268, .T. ) ;
#5925 = CARTESIAN_POINT ( 'NONE',  ( -0.7411738841510963072, 0.9000000000000000222, 0.08953287782178512288 ) ) ;
#5926 = CARTESIAN_POINT ( 'NONE',  ( 0.5101372791548065555, 0.7000000000000000666, -0.03287577982225470957 ) ) ;
#5927 = ORIENTED_EDGE ( 'NONE', *, *, #8032, .F. ) ;
#5928 = CARTESIAN_POINT ( 'NONE',  ( 0.2993934760211287571, 0.9000000000000003553, -0.07098289917295871887 ) ) ;
#5929 = CARTESIAN_POINT ( 'NONE',  ( 0.3394698972825455074, 0.6999999999999998446, 0.03965587473384245970 ) ) ;
#5930 = CARTESIAN_POINT ( 'NONE',  ( 1.104067423802919334, 0.6999999999999999556, -0.1506097460799339927 ) ) ;
#5931 = CARTESIAN_POINT ( 'NONE',  ( 0.5657488695063623840, 0.7000000000000003997, -0.09988129960736179258 ) ) ;
#5932 = CARTESIAN_POINT ( 'NONE',  ( -0.6149160676297349415, 0.6999999999999999556, -0.2138853858249619433 ) ) ;
#5933 = CARTESIAN_POINT ( 'NONE',  ( 0.3065202737507037867, 0.6999999999999999556, 0.05855502480900741380 ) ) ;
#5934 = EDGE_LOOP ( 'NONE', ( #4987, #7184, #5882, #3020 ) ) ;
#5935 = EDGE_LOOP ( 'NONE', ( #6727, #2339, #7617, #3875 ) ) ;
#5936 = CARTESIAN_POINT ( 'NONE',  ( 0.7383901477222403198, 0.6999999999999997335, -0.1458124477128922292 ) ) ;
#5937 = CARTESIAN_POINT ( 'NONE',  ( 0.8693869707386325807, 0.9000000000000001332, -0.1195195008968644723 ) ) ;
#5938 = CARTESIAN_POINT ( 'NONE',  ( 0.3750000000000000000, -0.1000000000000000056, 0.6700000000000000400 ) ) ;
#5939 = CARTESIAN_POINT ( 'NONE',  ( 0.7383901477222403198, 0.8999999999999999112, -0.1458124477128922292 ) ) ;
#5940 = CARTESIAN_POINT ( 'NONE',  ( 0.8051240256358964675, 0.6999999999999998446, -0.2163921072683879787 ) ) ;
#5941 = CARTESIAN_POINT ( 'NONE',  ( 0.2191533984309424476, 0.7000000000000001776, -0.1939610664803026185 ) ) ;
#5942 = VECTOR ( 'NONE', #4436, 1000.000000000000000 ) ;
#5943 =( LENGTH_UNIT ( ) NAMED_UNIT ( * ) SI_UNIT ( .MILLI., .METRE. ) );
#5944 = CARTESIAN_POINT ( 'NONE',  ( 1.087850396158501987, 0.9000000000000001332, -0.1712263114348641646 ) ) ;
#5945 = CARTESIAN_POINT ( 'NONE',  ( 0.08873318276554886808, 0.7000000000000001776, 0.02982950868210624759 ) ) ;
#5946 = EDGE_LOOP ( 'NONE', ( #10010, #6432, #386, #35, #9826, #6228, #1267, #8532, #8610, #7986, #1816 ) ) ;
#5947 = CARTESIAN_POINT ( 'NONE',  ( 0.3750000000000000000, 0.0000000000000000000, 0.0000000000000000000 ) ) ;
#5948 = CARTESIAN_POINT ( 'NONE',  ( 0.09481010449772891979, 0.9000000000000003553, -0.1462963218802443011 ) ) ;
#5949 = CARTESIAN_POINT ( 'NONE',  ( 0.3579099520953782920, 0.8999999999999999112, 0.05266132601251526102 ) ) ;
#5950 = VECTOR ( 'NONE', #5177, 1000.000000000000000 ) ;
#5951 = CARTESIAN_POINT ( 'NONE',  ( -0.6961409912480932549, 0.7000000000000000666, -0.1595521068459210545 ) ) ;
#5952 = DIRECTION ( 'NONE',  ( 0.0000000000000000000, 0.0000000000000000000, 1.000000000000000000 ) ) ;
#5953 = CARTESIAN_POINT ( 'NONE',  ( 0.1447330551772826324, 0.6999999999999999556, -0.2191485437196987462 ) ) ;
#5954 = CARTESIAN_POINT ( 'NONE',  ( 0.3414494893238093076, 0.6999999999999997335, 0.08297247713020328153 ) ) ;
#5955 = CARTESIAN_POINT ( 'NONE',  ( 0.2007679308973661925, 0.8999999999999996891, -0.1376799718627219338 ) ) ;
#5956 = CARTESIAN_POINT ( 'NONE',  ( 0.5269636025761570419, 0.6999999999999999556, -0.1837136004031729442 ) ) ;
#5957 = DIRECTION ( 'NONE',  ( 0.0000000000000000000, 0.0000000000000000000, 1.000000000000000000 ) ) ;
#5958 = ORIENTED_EDGE ( 'NONE', *, *, #7078, .T. ) ;
#5959 = COLOUR_RGB ( '',1.000000000000000000, 0.9607843137254902244, 0.4549019607843137192 ) ;
#5960 = ORIENTED_EDGE ( 'NONE', *, *, #8910, .F. ) ;
#5961 = CARTESIAN_POINT ( 'NONE',  ( 0.5598310118171532235, 0.6999999999999999556, -0.1740799189414415638 ) ) ;
#5962 = SURFACE_SIDE_STYLE ('',( #423 ) ) ;
#5963 = ORIENTED_EDGE ( 'NONE', *, *, #7711, .T. ) ;
#5964 =( LENGTH_UNIT ( ) NAMED_UNIT ( * ) SI_UNIT ( .MILLI., .METRE. ) );
#5965 = ORIENTED_EDGE ( 'NONE', *, *, #7304, .T. ) ;
#5966 = AXIS2_PLACEMENT_3D ( 'NONE', #7129, #4678, #7180 ) ;
#5967 = EDGE_CURVE ( 'NONE', #707, #8035, #5792, .T. ) ;
#5968 = DIRECTION ( 'NONE',  ( 0.0000000000000000000, 1.000000000000000000, 0.0000000000000000000 ) ) ;
#5969 = DIRECTION ( 'NONE',  ( 0.0000000000000000000, 0.0000000000000000000, -1.000000000000000000 ) ) ;
#5970 = CARTESIAN_POINT ( 'NONE',  ( 0.3159333721731178435, 0.8999999999999999112, -0.1009204433696194586 ) ) ;
#5971 = CARTESIAN_POINT ( 'NONE',  ( 1.138806195593275117, 0.9000000000000002442, -0.07685595026465359692 ) ) ;
#5972 = PLANE ( 'NONE',  #2363 ) ;
#5973 = CARTESIAN_POINT ( 'NONE',  ( 0.5325404057949321146, 0.6999999999999998446, -0.08778995276134025916 ) ) ;
#5974 = CARTESIAN_POINT ( 'NONE',  ( 0.6229371906952458904, 0.8999999999999998002, 0.08823581943322282573 ) ) ;
#5975 = CARTESIAN_POINT ( 'NONE',  ( -0.8169805983582471010, 0.9000000000000003553, 0.04622695314295034025 ) ) ;
#5976 = VECTOR ( 'NONE', #1448, 1000.000000000000000 ) ;
#5977 = ORIENTED_EDGE ( 'NONE', *, *, #8898, .F. ) ;
#5978 = CARTESIAN_POINT ( 'NONE',  ( 0.3159333721731178435, 0.8999999999999999112, -0.1009204433696194586 ) ) ;
#5979 =( LENGTH_UNIT ( ) NAMED_UNIT ( * ) SI_UNIT ( .MILLI., .METRE. ) );
#5980 = CARTESIAN_POINT ( 'NONE',  ( 0.8614304705778912385, 0.6999999999999998446, -0.1067965028822606965 ) ) ;
#5981 = MECHANICAL_DESIGN_GEOMETRIC_PRESENTATION_REPRESENTATION (  '', ( #9518 ), #4994 ) ;
#5982 = CARTESIAN_POINT ( 'NONE',  ( 0.6783268399618450628, 0.9000000000000002442, -0.05089900489000311057 ) ) ;
#5983 = CARTESIAN_POINT ( 'NONE',  ( -0.6955324622497665032, 0.7000000000000000666, 0.02634208363348077703 ) ) ;
#5984 = VECTOR ( 'NONE', #9813, 1000.000000000000000 ) ;
#5985 = CARTESIAN_POINT ( 'NONE',  ( 1.399999999999999689, -0.1000000000000000056, 0.0000000000000000000 ) ) ;
#5986 = CARTESIAN_POINT ( 'NONE',  ( 1.107839107813724855, 0.6999999999999997335, -0.1253230062430357172 ) ) ;
#5987 = ORIENTED_EDGE ( 'NONE', *, *, #9035, .F. ) ;
#5988 = EDGE_CURVE ( 'NONE', #5449, #8648, #4359, .T. ) ;
#5989 = ORIENTED_EDGE ( 'NONE', *, *, #4052, .T. ) ;
#5990 = ORIENTED_EDGE ( 'NONE', *, *, #4481, .F. ) ;
#5991 = FILL_AREA_STYLE ('',( #506 ) ) ;
#5992 = CARTESIAN_POINT ( 'NONE',  ( 0.8461847628556948830, 0.6999999999999996225, -0.2155448196487803614 ) ) ;
#5993 = COLOUR_RGB ( '',1.000000000000000000, 0.9607843137254902244, 0.4549019607843137192 ) ;
#5994 = SURFACE_STYLE_FILL_AREA ( #7489 ) ;
#5996 = EDGE_CURVE ( 'NONE', #2075, #490, #1158, .T. ) ;
#5995 =( LENGTH_UNIT ( ) NAMED_UNIT ( * ) SI_UNIT ( .MILLI., .METRE. ) );
#5997 = LINE ( 'NONE', #6734, #2224 ) ;
#5998 = DIRECTION ( 'NONE',  ( -0.0000000000000000000, 1.000000000000000000, -0.0000000000000000000 ) ) ;
#5999 = CARTESIAN_POINT ( 'NONE',  ( 0.8666954668357708114, 0.6999999999999997335, -0.07488039167738849700 ) ) ;
#6000 = VECTOR ( 'NONE', #1041, 1000.000000000000000 ) ;
#6001 = CARTESIAN_POINT ( 'NONE',  ( -0.4640388746472788317, 0.6999999999999999556, -0.1279204735442601715 ) ) ;
#6002 = CARTESIAN_POINT ( 'NONE',  ( 0.9107503331909652111, 0.8999999999999999112, 0.04037004714145223799 ) ) ;
#6003 = MECHANICAL_DESIGN_GEOMETRIC_PRESENTATION_REPRESENTATION (  '', ( #2218 ), #10022 ) ;
#6004 = CARTESIAN_POINT ( 'NONE',  ( 0.1221465182933141463, 0.6999999999999999556, -0.005732356088013886193 ) ) ;
#6005 = ORIENTED_EDGE ( 'NONE', *, *, #8988, .F. ) ;
#6006 = CARTESIAN_POINT ( 'NONE',  ( -0.7973722079806120355, 0.6999999999999999556, -0.05774503494776896118 ) ) ;
#6007 = AXIS2_PLACEMENT_3D ( 'NONE', #6338, #9498, #10317 ) ;
#6008 = COLOUR_RGB ( '',1.000000000000000000, 0.9607843137254902244, 0.4549019607843137192 ) ;
#6010 = EDGE_CURVE ( 'NONE', #8273, #4425, #4974, .T. ) ;
#6009 = CARTESIAN_POINT ( 'NONE',  ( -0.6989820413170402258, 0.6999999999999999556, -0.1647385247231893390 ) ) ;
#6011 = CARTESIAN_POINT ( 'NONE',  ( 0.1531462770538901952, 0.6999999999999997335, -0.2198233150283630255 ) ) ;
#6012 = CARTESIAN_POINT ( 'NONE',  ( 0.3486259907513036826, 0.6999999999999999556, 0.08545122001923140254 ) ) ;
#6013 = CARTESIAN_POINT ( 'NONE',  ( 0.1834682704774883433, 0.8999999999999998002, -0.1763192070266788036 ) ) ;
#6014 = CARTESIAN_POINT ( 'NONE',  ( 0.8042330876030576725, 0.8999999999999998002, -0.09316699479757110935 ) ) ;
#6015 = CARTESIAN_POINT ( 'NONE',  ( 0.5574968415561697421, 0.7000000000000000666, -0.2104651057289956551 ) ) ;
#6016 = ORIENTED_EDGE ( 'NONE', *, *, #2268, .F. ) ;
#6017 = ORIENTED_EDGE ( 'NONE', *, *, #9004, .T. ) ;
#6018 = CARTESIAN_POINT ( 'NONE',  ( 0.5499962130720192910, 0.6999999999999999556, -0.07528889459689178110 ) ) ;
#6019 = ORIENTED_EDGE ( 'NONE', *, *, #7281, .T. ) ;
#6020 = FACE_BOUND ( 'NONE', #6277, .T. ) ;
#6021 = VECTOR ( 'NONE', #4170, 1000.000000000000000 ) ;
#6022 = CARTESIAN_POINT ( 'NONE',  ( 0.7740215145199504931, 0.9000000000000003553, 0.03728399068047649062 ) ) ;
#6023 = CARTESIAN_POINT ( 'NONE',  ( -0.8284450634245050793, 0.8999999999999999112, -0.1405953432745228049 ) ) ;
#6024 = CARTESIAN_POINT ( 'NONE',  ( 1.138806195593275117, 0.7000000000000001776, -0.07685595026465359692 ) ) ;
#6025 = CARTESIAN_POINT ( 'NONE',  ( 0.7442388299978074384, 0.9000000000000003553, 0.05879053918433072012 ) ) ;
#6026 = CARTESIAN_POINT ( 'NONE',  ( -0.6876971662648387884, 0.7000000000000001776, -0.009333320888674362381 ) ) ;
#6027 = CARTESIAN_POINT ( 'NONE',  ( 0.5725662141455176712, 0.7000000000000001776, -0.2150340384575860353 ) ) ;
#6028 = CARTESIAN_POINT ( 'NONE',  ( 0.4391132985100754671, 0.9000000000000003553, -0.09421090330695937320 ) ) ;
#6029 = DIRECTION ( 'NONE',  ( -0.8158214752842879447, 0.0000000000000000000, -0.5783038305812679969 ) ) ;
#6030 = VECTOR ( 'NONE', #478, 1000.000000000000227 ) ;
#6031 = ADVANCED_FACE ( 'NONE', ( #7501 ), #1584, .T. ) ;
#6032 = LINE ( 'NONE', #3493, #9105 ) ;
#6033 = DIRECTION ( 'NONE',  ( 0.0000000000000000000, 0.0000000000000000000, -1.000000000000000000 ) ) ;
#6034 = CARTESIAN_POINT ( 'NONE',  ( 0.0000000000000000000, -0.1000000000000000056, 0.8750000000000001110 ) ) ;
#6035 = SURFACE_STYLE_USAGE ( .BOTH. , #1335 ) ;
#6036 = CARTESIAN_POINT ( 'NONE',  ( 0.8693869707386325807, 0.6999999999999999556, -0.1195195008968644723 ) ) ;
#6037 = COLOUR_RGB ( '',1.000000000000000000, 0.9607843137254902244, 0.4549019607843137192 ) ;
#6038 = CARTESIAN_POINT ( 'NONE',  ( 0.6532101598777617646, 0.9000000000000002442, -0.06865698566720361551 ) ) ;
#6039 = CARTESIAN_POINT ( 'NONE',  ( 0.05701375693166845643, 0.6999999999999999556, -0.1402011752986461190 ) ) ;
#6040 =( NAMED_UNIT ( * ) PLANE_ANGLE_UNIT ( ) SI_UNIT ( $, .RADIAN. ) );
#6041 = CARTESIAN_POINT ( 'NONE',  ( 1.144981346968267699, 0.7000000000000000666, -0.09363042176086122659 ) ) ;
#6042 = CARTESIAN_POINT ( 'NONE',  ( 0.5402564906465223693, 0.8999999999999999112, 0.006665521304670429283 ) ) ;
#6043 = CARTESIAN_POINT ( 'NONE',  ( 1.105833814659736181, 0.6999999999999996225, -0.1445450044893082930 ) ) ;
#6044 = ORIENTED_EDGE ( 'NONE', *, *, #3842, .F. ) ;
#6045 = EDGE_CURVE ( 'NONE', #2180, #247, #6411, .T. ) ;
#6046 = EDGE_LOOP ( 'NONE', ( #7564, #9724, #4178, #7133 ) ) ;
#6047 = DIRECTION ( 'NONE',  ( 1.000000000000000000, 0.0000000000000000000, -2.602085213965210642E-16 ) ) ;
#6048 = CARTESIAN_POINT ( 'NONE',  ( -0.7301089744013413707, 0.9000000000000002442, -0.1838792161092738242 ) ) ;
#6049 = FILL_AREA_STYLE_COLOUR ( '', #7350 ) ;
#6050 = CARTESIAN_POINT ( 'NONE',  ( 1.146820146418330078, 0.9000000000000000222, -0.1424943557319640064 ) ) ;
#6051 = CARTESIAN_POINT ( 'NONE',  ( 0.7436615195207337825, 0.9000000000000001332, -0.1700630549731481644 ) ) ;
#6052 = FACE_OUTER_BOUND ( 'NONE', #3347, .T. ) ;
#6053 = SURFACE_SIDE_STYLE ('',( #2750 ) ) ;
#6054 = CARTESIAN_POINT ( 'NONE',  ( 0.8711403810374643841, 0.8999999999999999112, -0.07134463974378825457 ) ) ;
#6055 = DIRECTION ( 'NONE',  ( -0.0000000000000000000, 0.0000000000000000000, 1.000000000000000000 ) ) ;
#6056 = EDGE_CURVE ( 'NONE', #8168, #3289, #9721, .T. ) ;
#6057 = CARTESIAN_POINT ( 'NONE',  ( -0.7849079715694989856, 0.7000000000000000666, 0.02375501924015976929 ) ) ;
#6058 = CARTESIAN_POINT ( 'NONE',  ( -0.7175458184478218371, 0.6999999999999999556, -0.2157417184617632655 ) ) ;
#6059 = CARTESIAN_POINT ( 'NONE',  ( 0.1897459577083053239, 0.9000000000000002442, -0.03773343197525480530 ) ) ;
#6060 = CARTESIAN_POINT ( 'NONE',  ( 0.3561739946260574219, 0.9000000000000001332, 0.08733090204823056035 ) ) ;
#6061 = CARTESIAN_POINT ( 'NONE',  ( 0.1982406951294203856, 0.8999999999999999112, -0.1556026855024011668 ) ) ;
#6062 = CARTESIAN_POINT ( 'NONE',  ( 0.5495088729056010202, 0.7000000000000000666, -0.03102923392518786017 ) ) ;
#6063 = CARTESIAN_POINT ( 'NONE',  ( 0.6290154366038362976, 0.7000000000000000666, -0.2140002896161381230 ) ) ;
#6064 = VECTOR ( 'NONE', #3528, 1000.000000000000000 ) ;
#6065 = MECHANICAL_DESIGN_GEOMETRIC_PRESENTATION_REPRESENTATION (  '', ( #4427 ), #7100 ) ;
#6066 = EDGE_LOOP ( 'NONE', ( #7643, #1839, #664, #6136 ) ) ;
#6067 = EDGE_LOOP ( 'NONE', ( #2044, #8765, #3865, #9239 ) ) ;
#6068 = CARTESIAN_POINT ( 'NONE',  ( 0.5101372791548065555, 0.7000000000000000666, -0.03287577982225470957 ) ) ;
#6069 = ADVANCED_FACE ( 'NONE', ( #3298 ), #5009, .F. ) ;
#6070 = CARTESIAN_POINT ( 'NONE',  ( 0.4406349619690812514, 0.6999999999999998446, 0.009396725539405277258 ) ) ;
#6071 = ORIENTED_EDGE ( 'NONE', *, *, #5355, .F. ) ;
#6072 =( GEOMETRIC_REPRESENTATION_CONTEXT ( 3 ) GLOBAL_UNCERTAINTY_ASSIGNED_CONTEXT ( ( #8886 ) ) GLOBAL_UNIT_ASSIGNED_CONTEXT ( ( #9378, #784, #7117 ) ) REPRESENTATION_CONTEXT ( 'NONE', 'WORKASPACE' ) );
#6073 = AXIS2_PLACEMENT_3D ( 'NONE', #2182, #615, #3771 ) ;
#6074 = CARTESIAN_POINT ( 'NONE',  ( -0.8235677310519459171, 0.9000000000000000222, -0.1540822824573906957 ) ) ;
#6075 = CARTESIAN_POINT ( 'NONE',  ( -0.04123185710341913113, 0.9000000000000000222, 0.01769356154345909371 ) ) ;
#6076 = CARTESIAN_POINT ( 'NONE',  ( 0.7330947111427704721, 0.8999999999999999112, 0.03608327600374142824 ) ) ;
#6077 = CARTESIAN_POINT ( 'NONE',  ( 0.6290154366038362976, 0.9000000000000001332, -0.2140002896161381230 ) ) ;
#6078 = LINE ( 'NONE', #756, #5096 ) ;
#6079 = FACE_OUTER_BOUND ( 'NONE', #8348, .T. ) ;
#6080 = CARTESIAN_POINT ( 'NONE',  ( 0.8944283462434059473, 0.6999999999999999556, -0.05887469734024926293 ) ) ;
#6081 = EDGE_LOOP ( 'NONE', ( #9011, #2994, #7055, #3127 ) ) ;
#6082 = CARTESIAN_POINT ( 'NONE',  ( 0.2860761030328118348, 0.6999999999999998446, -0.03022323033958862482 ) ) ;
#6083 = DIRECTION ( 'NONE',  ( 1.000000000000000000, -0.0000000000000000000, 4.336808689942019708E-16 ) ) ;
#6084 = VECTOR ( 'NONE', #8257, 1000.000000000000000 ) ;
#6085 = CARTESIAN_POINT ( 'NONE',  ( 0.8711046520082985634, 0.6999999999999999556, -0.1241710342058428701 ) ) ;
#6086 = SURFACE_STYLE_USAGE ( .BOTH. , #6138 ) ;
#6087 = CARTESIAN_POINT ( 'NONE',  ( 0.6783268399618450628, 0.7000000000000001776, -0.05089900489000311057 ) ) ;
#6088 = CARTESIAN_POINT ( 'NONE',  ( 0.09846266187812786896, 0.9000000000000000222, -0.2033739298736961520 ) ) ;
#6089 = SURFACE_STYLE_USAGE ( .BOTH. , #5416 ) ;
#6090 = CARTESIAN_POINT ( 'NONE',  ( 0.6333920254656214555, 0.6999999999999997335, -0.1030944160399636239 ) ) ;
#6091 = FACE_OUTER_BOUND ( 'NONE', #4917, .T. ) ;
#6092 = CARTESIAN_POINT ( 'NONE',  ( 1.102569208367712550, 0.6999999999999999556, -0.04084609361989458703 ) ) ;
#6093 = CARTESIAN_POINT ( 'NONE',  ( 1.095964756694027820, 0.6999999999999997335, -0.1649584851248640516 ) ) ;
#6094 = VERTEX_POINT ( 'NONE', #181 ) ;
#6095 = VERTEX_POINT ( 'NONE', #3357 ) ;
#6096 = ORIENTED_EDGE ( 'NONE', *, *, #7108, .T. ) ;
#6097 =( NAMED_UNIT ( * ) PLANE_ANGLE_UNIT ( ) SI_UNIT ( $, .RADIAN. ) );
#6098 = CARTESIAN_POINT ( 'NONE',  ( -0.7359686992086823532, 0.9000000000000000222, -0.1840608244214531619 ) ) ;
#6099 = ADVANCED_FACE ( 'NONE', ( #6520 ), #2635, .T. ) ;
#6100 = SURFACE_STYLE_USAGE ( .BOTH. , #667 ) ;
#6101 = CARTESIAN_POINT ( 'NONE',  ( 0.5437542810751322397, 0.9000000000000000222, 0.02521840137787147162 ) ) ;
#6102 = PLANE ( 'NONE',  #1379 ) ;
#6103 = SURFACE_STYLE_USAGE ( .BOTH. , #7872 ) ;
#6104 = CARTESIAN_POINT ( 'NONE',  ( 0.8640313007913175136, 0.9000000000000001332, -0.07353450863197949494 ) ) ;
#6105 = CARTESIAN_POINT ( 'NONE',  ( 0.1507250037417900979, 0.7000000000000001776, -0.1860473035785043527 ) ) ;
#6106 = VERTEX_POINT ( 'NONE', #4389 ) ;
#6107 = DIRECTION ( 'NONE',  ( -4.336808689942017736E-16, 0.0000000000000000000, -1.000000000000000000 ) ) ;
#6108 = CARTESIAN_POINT ( 'NONE',  ( -0.7719440215339895550, 0.8999999999999999112, 0.04201727361725958454 ) ) ;
#6109 = CARTESIAN_POINT ( 'NONE',  ( 0.7771276850635536748, 0.7000000000000000666, -0.03490043798231575595 ) ) ;
#6110 = SURFACE_STYLE_FILL_AREA ( #9177 ) ;
#6111 = CARTESIAN_POINT ( 'NONE',  ( 0.2288021206528247087, 0.7000000000000000666, -0.1004781246870458944 ) ) ;
#6112 = CARTESIAN_POINT ( 'NONE',  ( 0.4808146676068068559, 0.8999999999999996891, -0.006466215703915203020 ) ) ;
#6113 = CARTESIAN_POINT ( 'NONE',  ( 0.09034709026500181706, 0.9000000000000001332, -0.1349380174039093161 ) ) ;
#6114 = CARTESIAN_POINT ( 'NONE',  ( 0.7991616535231006457, 0.9000000000000001332, -0.09492463398416607634 ) ) ;
#6115 = CARTESIAN_POINT ( 'NONE',  ( 0.6362901109059937443, 0.6999999999999997335, -0.2116679104145387513 ) ) ;
#6116 =( NAMED_UNIT ( * ) SI_UNIT ( $, .STERADIAN. ) SOLID_ANGLE_UNIT ( ) );
#6117 = DIRECTION ( 'NONE',  ( 0.0000000000000000000, 0.0000000000000000000, 1.000000000000000000 ) ) ;
#6118 = ORIENTED_EDGE ( 'NONE', *, *, #1444, .T. ) ;
#6119 = CARTESIAN_POINT ( 'NONE',  ( 0.5047419538172717157, 0.6999999999999999556, -0.01213239889768011164 ) ) ;
#6120 = VERTEX_POINT ( 'NONE', #1957 ) ;
#6121 = VECTOR ( 'NONE', #5445, 1000.000000000000000 ) ;
#6122 = CARTESIAN_POINT ( 'NONE',  ( 0.4311550394411047260, 0.7000000000000002887, -0.05761116026290052927 ) ) ;
#6123 = VERTEX_POINT ( 'NONE', #9980 ) ;
#6124 = EDGE_CURVE ( 'NONE', #1536, #6835, #1907, .T. ) ;
#6125 = CARTESIAN_POINT ( 'NONE',  ( 0.8818903320382446287, 0.6999999999999998446, 0.01137137752731548664 ) ) ;
#6126 = CARTESIAN_POINT ( 'NONE',  ( 0.2854218324601169865, 0.9000000000000000222, -0.02232033645037829681 ) ) ;
#6127 = CARTESIAN_POINT ( 'NONE',  ( -0.3750000000000000000, -0.1000000000000000056, 1.149999999999996581 ) ) ;
#6128 = VECTOR ( 'NONE', #9067, 1000.000000000000000 ) ;
#6129 = FILL_AREA_STYLE_COLOUR ( '', #3653 ) ;
#6130 = EDGE_CURVE ( 'NONE', #6963, #9315, #3654, .T. ) ;
#6131 = FACE_OUTER_BOUND ( 'NONE', #4166, .T. ) ;
#6132 = CARTESIAN_POINT ( 'NONE',  ( 0.6848300568039423775, 0.7000000000000001776, -0.1496795249161753938 ) ) ;
#6133 = FILL_AREA_STYLE ('',( #1432 ) ) ;
#6134 = DIRECTION ( 'NONE',  ( -0.5783038305812679969, 0.0000000000000000000, 0.8158214752842879447 ) ) ;
#6135 = VECTOR ( 'NONE', #9924, 1000.000000000000000 ) ;
#6136 = ORIENTED_EDGE ( 'NONE', *, *, #816, .T. ) ;
#6137 = FACE_OUTER_BOUND ( 'NONE', #9136, .T. ) ;
#6138 = SURFACE_SIDE_STYLE ('',( #8680 ) ) ;
#6139 = LINE ( 'NONE', #2828, #9857 ) ;
#6140 = DIRECTION ( 'NONE',  ( -0.0000000000000000000, 0.0000000000000000000, 1.000000000000000000 ) ) ;
#6141 = DIRECTION ( 'NONE',  ( 0.0000000000000000000, -0.0000000000000000000, 1.000000000000000000 ) ) ;
#6142 = COLOUR_RGB ( '',1.000000000000000000, 0.9607843137254902244, 0.4549019607843137192 ) ;
#6143 = CARTESIAN_POINT ( 'NONE',  ( 1.065752168774513065, 0.7000000000000001776, -0.03163284780237368005 ) ) ;
#6144 = CARTESIAN_POINT ( 'NONE',  ( 0.3561739946260574219, 0.7000000000000000666, 0.08733090204823056035 ) ) ;
#6145 =( GEOMETRIC_REPRESENTATION_CONTEXT ( 3 ) GLOBAL_UNCERTAINTY_ASSIGNED_CONTEXT ( ( #5382 ) ) GLOBAL_UNIT_ASSIGNED_CONTEXT ( ( #6455, #7309, #1804 ) ) REPRESENTATION_CONTEXT ( 'NONE', 'WORKASPACE' ) );
#6146 = B_SPLINE_CURVE_WITH_KNOTS ( 'NONE', 3,
 ( #5539, #8761, #1628, #4574, #7982, #843, #4818, #890, #4041, #8915, #8179, #2452, #7337, #5582, #8083, #7283, #8229, #4964, #8803, #3311, #5783, #1047, #7231, #5681, #1726, #9019, #1777, #4147, #6475, #4194, #4913, #2501, #9681 ),
 .UNSPECIFIED., .F., .F.,
 ( 4, 1, 1, 1, 1, 1, 1, 1, 1, 1, 1, 1, 1, 1, 1, 1, 1, 1, 1, 1, 1, 1, 1, 1, 1, 1, 1, 1, 1, 1, 4 ),
 ( 0.5000000000000026645, 0.5006658768179803598, 0.5176992088370960809, 0.5345885246772016375, 0.5504118387734342477, 0.5655495732241393458, 0.5799939736924618616, 0.5941467760718646129, 0.6080609930483468206, 0.6219948703596925865, 0.6361610574130704965, 0.6507360740270515809, 0.6655148265164354537, 0.6808392061421464359, 0.6967686291496260065, 0.7134357983016842431, 0.7309566613366287324, 0.7496362701015555352, 0.7691495266376306983, 0.7885285061174635013, 0.8066461500531906248, 0.8236200373703472799, 0.8395229995239967824, 0.8543017520133806553, 0.8685937316529249719, 0.8822836710319471587, 0.8956466857834166628, 0.9216587849400305066, 0.9472052799627519448, 0.9730378515329664024, 1.000000000000000000 ),
 .UNSPECIFIED. ) ;
#6147 = ORIENTED_EDGE ( 'NONE', *, *, #9035, .T. ) ;
#6148 = VERTEX_POINT ( 'NONE', #6831 ) ;
#6149 = SURFACE_STYLE_FILL_AREA ( #4607 ) ;
#6150 = STYLED_ITEM ( 'NONE', ( #584 ), #9392 ) ;
#6151 = CARTESIAN_POINT ( 'NONE',  ( -0.7377230851735945283, 0.9000000000000000222, 0.05629005277152926423 ) ) ;
#6152 = CARTESIAN_POINT ( 'NONE',  ( 0.5401364446288797749, 0.7000000000000000666, 3.730028055596405903E-05 ) ) ;
#6153 = CARTESIAN_POINT ( 'NONE',  ( 0.7631957375528390930, 0.9000000000000000222, -0.06875061400778355314 ) ) ;
#6154 = LINE ( 'NONE', #1459, #8866 ) ;
#6155 = CARTESIAN_POINT ( 'NONE',  ( 0.0000000000000000000, -0.1000000000000000056, -0.8750000000000001110 ) ) ;
#6156 = CARTESIAN_POINT ( 'NONE',  ( -0.4798283483314892406, 0.9000000000000000222, -0.2138853858249619433 ) ) ;
#6157 = CARTESIAN_POINT ( 'NONE',  ( 0.8989529646802616458, 0.8999999999999999112, -0.05508091743133417678 ) ) ;
#6158 = CARTESIAN_POINT ( 'NONE',  ( 0.1007004310383817353, 0.6999999999999999556, -0.1564200476782520721 ) ) ;
#6159 = AXIS2_PLACEMENT_3D ( 'NONE', #3813, #10232, #9462 ) ;
#6160 = ORIENTED_EDGE ( 'NONE', *, *, #1057, .F. ) ;
#6161 = EDGE_CURVE ( 'NONE', #9476, #8710, #52, .T. ) ;
#6162 = DIRECTION ( 'NONE',  ( 0.0000000000000000000, 0.0000000000000000000, 1.000000000000000000 ) ) ;
#6163 = DIRECTION ( 'NONE',  ( -1.000000000000000000, 0.0000000000000000000, 0.0000000000000000000 ) ) ;
#6164 = AXIS2_PLACEMENT_3D ( 'NONE', #5057, #5874, #1136 ) ;
#6165 = CARTESIAN_POINT ( 'NONE',  ( 0.0000000000000000000, -0.1000000000000000056, 1.149999999999999911 ) ) ;
#6166 = CARTESIAN_POINT ( 'NONE',  ( 0.4276310135656437583, 0.8999999999999999112, -0.06131941956532688254 ) ) ;
#6167 = VECTOR ( 'NONE', #1149, 1000.000000000000000 ) ;
#6168 = DIRECTION ( 'NONE',  ( 0.0000000000000000000, 0.0000000000000000000, -1.000000000000000000 ) ) ;
#6169 = CARTESIAN_POINT ( 'NONE',  ( -0.6811637874297523654, 0.9000000000000001332, 0.06813569573696434678 ) ) ;
#6170 = CARTESIAN_POINT ( 'NONE',  ( 0.8736379836602401472, 0.9000000000000000222, -0.1389509197478257518 ) ) ;
#6171 = CARTESIAN_POINT ( 'NONE',  ( 0.6421340633269989606, 0.6999999999999999556, -0.07488039167738852475 ) ) ;
#6172 = CARTESIAN_POINT ( 'NONE',  ( 0.06849599824065577547, 0.6999999999999998446, -0.1672670979920981293 ) ) ;
#6173 = SURFACE_STYLE_USAGE ( .BOTH. , #7666 ) ;
#6174 = ORIENTED_EDGE ( 'NONE', *, *, #886, .F. ) ;
#6175 = VERTEX_POINT ( 'NONE', #3968 ) ;
#6176 = CARTESIAN_POINT ( 'NONE',  ( -0.8394027172676554738, 0.6999999999999999556, -0.04816849070027868357 ) ) ;
#6177 = CARTESIAN_POINT ( 'NONE',  ( 0.5289018753625445157, 0.6999999999999998446, -0.06115973151536305275 ) ) ;
#6178 = VECTOR ( 'NONE', #1926, 1000.000000000000000 ) ;
#6179 = ORIENTED_EDGE ( 'NONE', *, *, #7294, .T. ) ;
#6180 = ORIENTED_EDGE ( 'NONE', *, *, #2074, .T. ) ;
#6181 = ORIENTED_EDGE ( 'NONE', *, *, #8683, .F. ) ;
#6182 = EDGE_CURVE ( 'NONE', #5421, #6175, #120, .T. ) ;
#6183 = FACE_OUTER_BOUND ( 'NONE', #10240, .T. ) ;
#6184 = CARTESIAN_POINT ( 'NONE',  ( -0.9249999999999997113, -0.1000000000000000056, 0.1250000000000000555 ) ) ;
#6185 = DIRECTION ( 'NONE',  ( 0.0000000000000000000, 1.000000000000000000, -0.0000000000000000000 ) ) ;
#6186 = CARTESIAN_POINT ( 'NONE',  ( 0.6824505011127051102, 0.7000000000000000666, -0.1241746162478761378 ) ) ;
#6187 = DIRECTION ( 'NONE',  ( -0.1930218602933347627, 0.0000000000000000000, -0.9811944564911180278 ) ) ;
#6188 = ORIENTED_EDGE ( 'NONE', *, *, #6376, .T. ) ;
#6189 = CARTESIAN_POINT ( 'NONE',  ( 0.8801810587242085981, 0.9000000000000001332, -0.01968724215881657510 ) ) ;
#6190 = CIRCLE ( 'NONE', #8554, 0.1380183217409907959 ) ;
#6192 = EDGE_CURVE ( 'NONE', #8349, #6923, #6759, .T. ) ;
#6191 = B_SPLINE_SURFACE_WITH_KNOTS ( 'NONE', 3, 1, ( 
 ( #1032, #5611 ),
 ( #2544, #831 ),
 ( #9664, #5666 ),
 ( #5526, #5719 ),
 ( #5567, #10289 ),
 ( #3294, #9521 ),
 ( #3353, #2434 ),
 ( #3197, #8899 ),
 ( #927, #1760 ),
 ( #8952, #982 ),
 ( #3240, #8161 ),
 ( #14, #8836 ),
 ( #4078, #127 ),
 ( #7265, #8792 ),
 ( #4182, #4901 ),
 ( #65, #1658 ),
 ( #4949, #8744 ),
 ( #8111, #3976 ),
 ( #4804, #7161 ) ),
 .UNSPECIFIED., .F., .F., .F.,
 ( 4, 1, 1, 1, 1, 1, 1, 1, 1, 1, 1, 1, 1, 1, 1, 1, 4 ),
 ( 2, 2 ),
 ( 0.0000000000000000000, 0.07692593325025513795, 0.1488529299476251400, 0.2160416949975357270, 0.2793107189404878121, 0.3392993647692230663, 0.3948473440049879435, 0.4482115247261652669, 0.4993651078138849897, 0.5496477854401067287, 0.6016617756196722677, 0.6559843521032423519, 0.7144382503702820797, 0.7775493241491353569, 0.8458073571416045988, 0.9197980192852882597, 0.9999999999999998890 ),
 ( 0.0000000000000000000, 1.000000000000000000 ),
 .UNSPECIFIED. ) ;
#6193 = ORIENTED_EDGE ( 'NONE', *, *, #8651, .F. ) ;
#6194 = CARTESIAN_POINT ( 'NONE',  ( -0.007898523770085786114, 0.6999999999999999556, -0.2173941577547864601 ) ) ;
#6195 =( LENGTH_UNIT ( ) NAMED_UNIT ( * ) SI_UNIT ( .MILLI., .METRE. ) );
#6196 = CARTESIAN_POINT ( 'NONE',  ( 0.6896762315056751413, 0.7000000000000000666, 0.03168865755623485186 ) ) ;
#6197 = FACE_OUTER_BOUND ( 'NONE', #3387, .T. ) ;
#6198 = PLANE ( 'NONE',  #1216 ) ;
#6199 = DIRECTION ( 'NONE',  ( -1.000000000000000000, 0.0000000000000000000, 0.0000000000000000000 ) ) ;
#6200 = ORIENTED_EDGE ( 'NONE', *, *, #1745, .F. ) ;
#6201 = ORIENTED_EDGE ( 'NONE', *, *, #7018, .F. ) ;
#6202 = AXIS2_PLACEMENT_3D ( 'NONE', #3702, #6884, #9409 ) ;
#6203 = DIRECTION ( 'NONE',  ( 0.0000000000000000000, 1.000000000000000000, -0.0000000000000000000 ) ) ;
#6204 = PLANE ( 'NONE',  #3511 ) ;
#6205 = CARTESIAN_POINT ( 'NONE',  ( 0.5869832561131551607, 0.8999999999999994671, 0.05542553893573530510 ) ) ;
#6206 = CARTESIAN_POINT ( 'NONE',  ( 0.06442304981394826602, 0.9000000000000003553, -0.1588522662684429820 ) ) ;
#6207 = CARTESIAN_POINT ( 'NONE',  ( -0.9903546641209628465, 0.6999999999999999556, 0.08611461417503804561 ) ) ;
#6208 = FACE_OUTER_BOUND ( 'NONE', #1828, .T. ) ;
#6209 = CARTESIAN_POINT ( 'NONE',  ( 0.7710639783091625121, 0.6999999999999998446, 0.03220283864309932131 ) ) ;
#6210 = MECHANICAL_DESIGN_GEOMETRIC_PRESENTATION_REPRESENTATION (  '', ( #9892 ), #8576 ) ;
#6211 = CARTESIAN_POINT ( 'NONE',  ( 0.7290648178245073829, 0.9000000000000003553, 0.008483538044721459712 ) ) ;
#6212 = CARTESIAN_POINT ( 'NONE',  ( 0.5576810130642838592, 0.9000000000000001332, -0.1079953606916306125 ) ) ;
#6213 = EDGE_LOOP ( 'NONE', ( #948, #1132, #8350, #5790 ) ) ;
#6214 = LINE ( 'NONE', #3833, #9044 ) ;
#6215 = VECTOR ( 'NONE', #7521, 1000.000000000000000 ) ;
#6216 = DIRECTION ( 'NONE',  ( 0.0000000000000000000, 1.000000000000000000, 0.0000000000000000000 ) ) ;
#6217 = CARTESIAN_POINT ( 'NONE',  ( 0.2317210592621934406, 0.9000000000000003553, -0.1084962546817011680 ) ) ;
#6218 = FILL_AREA_STYLE_COLOUR ( '', #534 ) ;
#6219 = CARTESIAN_POINT ( 'NONE',  ( -0.6540997342603889209, 0.8999999999999999112, 0.02356446512102881169 ) ) ;
#6220 = PLANE ( 'NONE',  #80 ) ;
#6221 = ORIENTED_EDGE ( 'NONE', *, *, #8790, .T. ) ;
#6222 = ORIENTED_EDGE ( 'NONE', *, *, #8553, .T. ) ;
#6223 = VECTOR ( 'NONE', #5627, 1000.000000000000000 ) ;
#6224 = CARTESIAN_POINT ( 'NONE',  ( 0.5139603975244584344, 0.7000000000000001776, -0.04125322462648155913 ) ) ;
#6225 = VERTEX_POINT ( 'NONE', #274 ) ;
#6226 = CARTESIAN_POINT ( 'NONE',  ( 0.0000000000000000000, -0.1000000000000000056, -0.1250000000000000555 ) ) ;
#6227 = ORIENTED_EDGE ( 'NONE', *, *, #1171, .T. ) ;
#6228 = ORIENTED_EDGE ( 'NONE', *, *, #7409, .F. ) ;
#6229 = CARTESIAN_POINT ( 'NONE',  ( 0.8335794183226975518, 0.9000000000000001332, 0.05493172144478358776 ) ) ;
#6230 = VECTOR ( 'NONE', #5479, 1000.000000000000000 ) ;
#6231 = UNCERTAINTY_MEASURE_WITH_UNIT (LENGTH_MEASURE( 1.000000000000000082E-05 ), #1399, 'distance_accuracy_value', 'NONE');
#6232 = PRESENTATION_LAYER_ASSIGNMENT (  '', '', ( #7931 ) ) ;
#6233 = ADVANCED_FACE ( 'NONE', ( #383 ), #2056, .F. ) ;
#6234 = CARTESIAN_POINT ( 'NONE',  ( 0.05701375693166845643, 0.6999999999999999556, -0.1402011752986461190 ) ) ;
#6235 = DIRECTION ( 'NONE',  ( -0.0000000000000000000, -1.000000000000000000, -0.0000000000000000000 ) ) ;
#6236 = CARTESIAN_POINT ( 'NONE',  ( 0.8816102225316947427, 0.6999999999999999556, -0.01512198665577825334 ) ) ;
#6237 = CARTESIAN_POINT ( 'NONE',  ( 0.8827694204649216836, 0.9000000000000001332, -0.008807195381372125154 ) ) ;
#6238 = CARTESIAN_POINT ( 'NONE',  ( 0.1623071350982900063, 0.6999999999999999556, -0.05663036050617845096 ) ) ;
#6239 = MECHANICAL_DESIGN_GEOMETRIC_PRESENTATION_REPRESENTATION (  '', ( #7949 ), #1787 ) ;
#6240 = PLANE ( 'NONE',  #4535 ) ;
#6241 = CARTESIAN_POINT ( 'NONE',  ( -0.6509996868098357758, 0.7000000000000001776, 0.01108276943571277935 ) ) ;
#6242 = DIRECTION ( 'NONE',  ( -1.000000000000000000, 0.0000000000000000000, 0.0000000000000000000 ) ) ;
#6243 = DIRECTION ( 'NONE',  ( 0.0000000000000000000, 0.0000000000000000000, 1.000000000000000000 ) ) ;
#6244 = LINE ( 'NONE', #4649, #8033 ) ;
#6245 = PRESENTATION_LAYER_ASSIGNMENT (  '', '', ( #3762 ) ) ;
#6246 = PRESENTATION_LAYER_ASSIGNMENT (  '', '', ( #1438 ) ) ;
#6247 = DIRECTION ( 'NONE',  ( 1.000000000000000000, 0.0000000000000000000, 0.0000000000000000000 ) ) ;
#6248 = EDGE_CURVE ( 'NONE', #8822, #7417, #5760, .T. ) ;
#6249 = LINE ( 'NONE', #822, #4087 ) ;
#6250 = SURFACE_STYLE_FILL_AREA ( #60 ) ;
#6251 = ORIENTED_EDGE ( 'NONE', *, *, #1534, .T. ) ;
#6252 = VERTEX_POINT ( 'NONE', #8206 ) ;
#6253 = ORIENTED_EDGE ( 'NONE', *, *, #2343, .T. ) ;
#6254 = CARTESIAN_POINT ( 'NONE',  ( 0.0000000000000000000, -0.1000000000000000056, -0.6700000000000000400 ) ) ;
#6255 =( NAMED_UNIT ( * ) PLANE_ANGLE_UNIT ( ) SI_UNIT ( $, .RADIAN. ) );
#6256 = FACE_OUTER_BOUND ( 'NONE', #8143, .T. ) ;
#6257 =( LENGTH_UNIT ( ) NAMED_UNIT ( * ) SI_UNIT ( .MILLI., .METRE. ) );
#6258 = CARTESIAN_POINT ( 'NONE',  ( 0.7293033573260442326, 0.9000000000000003553, -0.01213239889768008214 ) ) ;
#6259 = CARTESIAN_POINT ( 'NONE',  ( 0.9095504979338548956, 0.9000000000000002442, -0.1436387183427900449 ) ) ;
#6260 =( LENGTH_UNIT ( ) NAMED_UNIT ( * ) SI_UNIT ( .MILLI., .METRE. ) );
#6261 = CARTESIAN_POINT ( 'NONE',  ( 0.1470284949541822150, 0.6999999999999997335, 0.01524217669518118136 ) ) ;
#6262 = EDGE_CURVE ( 'NONE', #1155, #8260, #3445, .T. ) ;
#6263 = CARTESIAN_POINT ( 'NONE',  ( 0.7648760051447934805, 0.6999999999999996225, -0.003359070035488264262 ) ) ;
#6264 = DIRECTION ( 'NONE',  ( 0.0000000000000000000, 0.0000000000000000000, -1.000000000000000000 ) ) ;
#6265 = ORIENTED_EDGE ( 'NONE', *, *, #6010, .T. ) ;
#6266 = LINE ( 'NONE', #7226, #3479 ) ;
#6267 = CARTESIAN_POINT ( 'NONE',  ( 0.2850839323702649697, 0.6999999999999999556, -0.01823886210826279955 ) ) ;
#6268 = FACE_OUTER_BOUND ( 'NONE', #4604, .T. ) ;
#6269 = CARTESIAN_POINT ( 'NONE',  ( -0.6149160676297349415, 0.6999999999999999556, 0.08611461417503804561 ) ) ;
#6270 = CARTESIAN_POINT ( 'NONE',  ( 0.1988042118388245738, 0.7000000000000001776, -0.04980644460835309539 ) ) ;
#6271 = SURFACE_SIDE_STYLE ('',( #3121 ) ) ;
#6272 = CARTESIAN_POINT ( 'NONE',  ( -0.7115604712220993111, 0.9000000000000001332, 0.08578648716709628974 ) ) ;
#6273 = CARTESIAN_POINT ( 'NONE',  ( -0.6149160676297349415, 0.9000000000000000222, 0.08611461417503804561 ) ) ;
#6274 = FILL_AREA_STYLE_COLOUR ( '', #8098 ) ;
#6275 = VERTEX_POINT ( 'NONE', #8464 ) ;
#6276 = B_SPLINE_SURFACE_WITH_KNOTS ( 'NONE', 3, 1, ( 
 ( #3129, #4873 ),
 ( #6279, #2412 ),
 ( #850, #8715 ),
 ( #5587, #7890 ),
 ( #805, #9592 ),
 ( #8037, #1587 ),
 ( #3952, #3904 ),
 ( #7081, #9489 ),
 ( #7289, #2366 ),
 ( #10307, #3996 ),
 ( #6480, #3218 ),
 ( #3171, #7187 ),
 ( #897, #6379 ),
 ( #7236, #96 ),
 ( #1678, #6328 ),
 ( #4824, #3265 ),
 ( #6431, #9637 ),
 ( #2510, #5633 ),
 ( #8862, #9686 ) ),
 .UNSPECIFIED., .F., .F., .F.,
 ( 4, 1, 1, 1, 1, 1, 1, 1, 1, 1, 1, 1, 1, 1, 1, 1, 4 ),
 ( 2, 2 ),
 ( 0.0000000000000000000, 0.04389199703880143633, 0.08651108282599975774, 0.1283474201604634379, 0.1705233571726362807, 0.2143181403666390150, 0.2600331504795220794, 0.3081057398068305364, 0.3600568670276511618, 0.4163891566300348956, 0.4782892123823485053, 0.5470994738803606205, 0.6228452478026439421, 0.7058384050787775976, 0.7959005952359275993, 0.8940451980093643281, 1.000000000000000000 ),
 ( 0.0000000000000000000, 1.000000000000000000 ),
 .UNSPECIFIED. ) ;
#6277 = EDGE_LOOP ( 'NONE', ( #1002, #5546, #5285, #235, #2154, #2094, #1729, #8786 ) ) ;
#6278 = CARTESIAN_POINT ( 'NONE',  ( 1.129576168796245117, 0.9000000000000001332, -0.1830346119488509560 ) ) ;
#6279 = CARTESIAN_POINT ( 'NONE',  ( -0.7382496262408435594, 0.6999999999999999556, -0.1839757120443637761 ) ) ;
#6280 = ORIENTED_EDGE ( 'NONE', *, *, #6767, .T. ) ;
#6281 = VERTEX_POINT ( 'NONE', #3084 ) ;
#6282 = CARTESIAN_POINT ( 'NONE',  ( -0.9249999999999998224, 0.0000000000000000000, 0.0000000000000000000 ) ) ;
#6283 = B_SPLINE_CURVE_WITH_KNOTS ( 'NONE', 3,
 ( #2376, #7900, #1599, #4741, #812, #3958, #5506, #9553, #1979, #5751, #5907, #5134, #1837, #4164, #258, #8985, #4985, #7411, #5186, #5237, #3629, #4626, #10064, #7724, #3788, #581, #1364, #3736, #10159, #2257, #4578, #470, #10112, #9288 ),
 .UNSPECIFIED., .F., .F.,
 ( 4, 1, 1, 1, 1, 1, 1, 1, 1, 1, 1, 1, 1, 1, 1, 1, 1, 1, 1, 1, 1, 1, 1, 1, 1, 1, 1, 1, 1, 1, 1, 4 ),
 ( 0.0000000000000000000, 0.01373965022553295424, 0.02757697691937236600, 0.04120361669370672941, 0.05511733618502854398, 0.06916574080234087762, 0.08372332241091332006, 0.09868310417993424177, 0.1143974372725912320, 0.1300354017864361889, 0.1451056445128571237, 0.1597554501089154533, 0.1740885773820503579, 0.1885714403709603804, 0.2031187387795622135, 0.2179420210431790017, 0.2334647282336206886, 0.2492992249953524531, 0.2655542038387515569, 0.2824346736135273095, 0.2999211239737922807, 0.3181922625727575116, 0.3374315067609216512, 0.3579072785728287243, 0.3797103597838519251, 0.4012029441486035797, 0.4212615401305659923, 0.4397632812893657595, 0.4569947035136253111, 0.4735228048957491609, 0.4892561722133219604, 0.4999999999991511235 ),
 .UNSPECIFIED. ) ;
#6284 = CARTESIAN_POINT ( 'NONE',  ( 0.6333005242870788365, 0.6999999999999999556, -0.1771235173331212609 ) ) ;
#6285 = DIRECTION ( 'NONE',  ( 0.0000000000000000000, 1.000000000000000000, 0.0000000000000000000 ) ) ;
#6286 = DIRECTION ( 'NONE',  ( 0.0000000000000000000, 0.0000000000000000000, 1.000000000000000000 ) ) ;
#6287 = CARTESIAN_POINT ( 'NONE',  ( 0.8115225401076195944, 0.9000000000000003553, -0.1853254838409339467 ) ) ;
#6288 = CARTESIAN_POINT ( 'NONE',  ( 1.065752168774513065, 0.9000000000000002442, -0.03163284780237368005 ) ) ;
#6289 = CARTESIAN_POINT ( 'NONE',  ( 0.6849890944250826008, 0.9000000000000000222, -0.1436387183427899616 ) ) ;
#6290 = CARTESIAN_POINT ( 'NONE',  ( 0.7649659949565293937, 0.6999999999999996225, -0.005074628296310338543 ) ) ;
#6291 = CARTESIAN_POINT ( 'NONE',  ( 0.1464946802931853254, 0.6999999999999997335, -0.03574760698142465110 ) ) ;
#6292 = CARTESIAN_POINT ( 'NONE',  ( 0.8711403810374643841, 0.6999999999999998446, -0.07134463974378825457 ) ) ;
#6293 = EDGE_CURVE ( 'NONE', #4531, #5064, #6078, .T. ) ;
#6294 = ADVANCED_FACE ( 'NONE', ( #9354 ), #9251, .T. ) ;
#6295 = VECTOR ( 'NONE', #4765, 1000.000000000000000 ) ;
#6296 = LINE ( 'NONE', #8731, #3047 ) ;
#6297 = CARTESIAN_POINT ( 'NONE',  ( -0.7809842737169228055, 0.8999999999999998002, -0.1549585678156302493 ) ) ;
#6298 = CARTESIAN_POINT ( 'NONE',  ( -0.7849079715694989856, 0.7000000000000000666, 0.02375501924015976929 ) ) ;
#6299 = CARTESIAN_POINT ( 'NONE',  ( 0.8640313007913175136, 0.9000000000000001332, -0.07353450863197949494 ) ) ;
#6300 = FACE_OUTER_BOUND ( 'NONE', #6534, .T. ) ;
#6301 = EDGE_LOOP ( 'NONE', ( #8812, #2785, #775, #7354 ) ) ;
#6302 = COLOUR_RGB ( '',1.000000000000000000, 0.9607843137254902244, 0.4549019607843137192 ) ;
#6303 = ORIENTED_EDGE ( 'NONE', *, *, #5412, .T. ) ;
#6304 =( LENGTH_UNIT ( ) NAMED_UNIT ( * ) SI_UNIT ( .MILLI., .METRE. ) );
#6305 = ADVANCED_FACE ( 'NONE', ( #9455 ), #5456, .T. ) ;
#6306 = EDGE_CURVE ( 'NONE', #6252, #2702, #7848, .T. ) ;
#6307 = LINE ( 'NONE', #4132, #5191 ) ;
#6308 = CARTESIAN_POINT ( 'NONE',  ( 0.5639303360444291036, 0.8999999999999996891, -0.04490989065077138215 ) ) ;
#6309 = DIRECTION ( 'NONE',  ( -1.000000000000000000, 0.0000000000000000000, 0.0000000000000000000 ) ) ;
#6310 =( LENGTH_UNIT ( ) NAMED_UNIT ( * ) SI_UNIT ( .MILLI., .METRE. ) );
#6311 = LINE ( 'NONE', #8749, #608 ) ;
#6312 = EDGE_CURVE ( 'NONE', #8648, #3503, #3804, .T. ) ;
#6313 = CARTESIAN_POINT ( 'NONE',  ( 0.5489401727095739592, 0.7000000000000002887, -0.1566810548650774126 ) ) ;
#6314 = CARTESIAN_POINT ( 'NONE',  ( 0.5657488695063623840, 0.7000000000000003997, -0.09988129960736179258 ) ) ;
#6315 = ORIENTED_EDGE ( 'NONE', *, *, #6306, .F. ) ;
#6316 = DIRECTION ( 'NONE',  ( 0.0000000000000000000, 1.000000000000000000, -0.0000000000000000000 ) ) ;
#6317 = VECTOR ( 'NONE', #286, 1000.000000000000000 ) ;
#6318 = ADVANCED_FACE ( 'NONE', ( #3862 ), #2327, .T. ) ;
#6319 = CARTESIAN_POINT ( 'NONE',  ( 0.5335795918516592629, 0.9000000000000001332, -0.06505859029947419492 ) ) ;
#6320 = UNCERTAINTY_MEASURE_WITH_UNIT (LENGTH_MEASURE( 1.000000000000000082E-05 ), #8195, 'distance_accuracy_value', 'NONE');
#6321 = COLOUR_RGB ( '',1.000000000000000000, 0.9607843137254902244, 0.4549019607843137192 ) ;
#6322 = CARTESIAN_POINT ( 'NONE',  ( -0.6509996868098357758, 0.9000000000000002442, 0.01108276943571277935 ) ) ;
#6323 = LINE ( 'NONE', #8805, #1355 ) ;
#6324 = CARTESIAN_POINT ( 'NONE',  ( -0.1250000000000000000, -0.1000000000000000056, 0.0000000000000000000 ) ) ;
#6325 = ORIENTED_EDGE ( 'NONE', *, *, #4865, .F. ) ;
#6326 = ORIENTED_EDGE ( 'NONE', *, *, #481, .T. ) ;
#6327 = CARTESIAN_POINT ( 'NONE',  ( 1.134531557979950867, 0.6999999999999998446, -0.1759974010566235370 ) ) ;
#6328 = CARTESIAN_POINT ( 'NONE',  ( -0.7951822216793285047, 0.8999999999999999112, -0.1031362252029644766 ) ) ;
#6329 = VERTEX_POINT ( 'NONE', #7466 ) ;
#6330 = ORIENTED_EDGE ( 'NONE', *, *, #7554, .T. ) ;
#6331 = PRESENTATION_LAYER_ASSIGNMENT (  '', '', ( #3349 ) ) ;
#6332 = CARTESIAN_POINT ( 'NONE',  ( 0.6437139701323657537, 0.9000000000000000222, -0.2084846267975644096 ) ) ;
#6333 = EDGE_CURVE ( 'NONE', #2491, #4685, #1167, .T. ) ;
#6334 = SURFACE_STYLE_USAGE ( .BOTH. , #4780 ) ;
#6335 = DIRECTION ( 'NONE',  ( 0.0000000000000000000, 0.0000000000000000000, -1.000000000000000000 ) ) ;
#6336 = CARTESIAN_POINT ( 'NONE',  ( -0.8284450634245050793, 0.6999999999999998446, -0.1405953432745228049 ) ) ;
#6337 = CARTESIAN_POINT ( 'NONE',  ( 0.8497050325232113899, 0.8999999999999999112, -0.1816037037863546533 ) ) ;
#6338 = CARTESIAN_POINT ( 'NONE',  ( 0.0000000000000000000, -0.1000000000000000056, 0.1250000000000000555 ) ) ;
#6339 = CARTESIAN_POINT ( 'NONE',  ( -0.7377230851735946393, 0.7000000000000000666, 0.08962338610486260404 ) ) ;
#6340 = AXIS2_PLACEMENT_3D ( 'NONE', #900, #7238, #98 ) ;
#6341 = CARTESIAN_POINT ( 'NONE',  ( 0.8825710567690119301, 0.6999999999999998446, 0.006483180057497016542 ) ) ;
#6342 = CARTESIAN_POINT ( 'NONE',  ( 0.7499104229971461644, 0.6999999999999997335, 0.06520695268748699647 ) ) ;
#6343 =( GEOMETRIC_REPRESENTATION_CONTEXT ( 3 ) GLOBAL_UNCERTAINTY_ASSIGNED_CONTEXT ( ( #8456 ) ) GLOBAL_UNIT_ASSIGNED_CONTEXT ( ( #7952, #811, #5595 ) ) REPRESENTATION_CONTEXT ( 'NONE', 'WORKASPACE' ) );
#6344 = SURFACE_STYLE_FILL_AREA ( #3962 ) ;
#6345 = LINE ( 'NONE', #8679, #1083 ) ;
#6346 = UNCERTAINTY_MEASURE_WITH_UNIT (LENGTH_MEASURE( 1.000000000000000082E-05 ), #3735, 'distance_accuracy_value', 'NONE');
#6347 = DIRECTION ( 'NONE',  ( -0.0000000000000000000, 0.0000000000000000000, 1.000000000000000000 ) ) ;
#6348 = CARTESIAN_POINT ( 'NONE',  ( 0.9179341345734082225, 0.9000000000000003553, -0.01404739084849768692 ) ) ;
#6349 = ADVANCED_FACE ( 'NONE', ( #6598 ), #314, .T. ) ;
#6350 = CARTESIAN_POINT ( 'NONE',  ( 0.0000000000000000000, 0.9000000000000000222, -1.250000000000000000 ) ) ;
#6351 = DIRECTION ( 'NONE',  ( 1.000000000000000000, 0.0000000000000000000, 0.0000000000000000000 ) ) ;
#6352 = MECHANICAL_DESIGN_GEOMETRIC_PRESENTATION_REPRESENTATION (  '', ( #9219 ), #3536 ) ;
#6353 = ORIENTED_EDGE ( 'NONE', *, *, #389, .F. ) ;
#6354 = ORIENTED_EDGE ( 'NONE', *, *, #4308, .F. ) ;
#6355 = PRESENTATION_STYLE_ASSIGNMENT (( #7210 ) ) ;
#6356 = CARTESIAN_POINT ( 'NONE',  ( 1.500000000000000000, 0.9000000000000000222, -3.903127820947815962E-16 ) ) ;
#6357 = STYLED_ITEM ( 'NONE', ( #4544 ), #1770 ) ;
#6358 = CARTESIAN_POINT ( 'NONE',  ( 0.6494708754593885303, 0.7000000000000002887, 0.03284460783609334522 ) ) ;
#6359 = LINE ( 'NONE', #7115, #2043 ) ;
#6360 = ADVANCED_FACE ( 'NONE', ( #9852 ), #6699, .T. ) ;
#6361 = LINE ( 'NONE', #9719, #2302 ) ;
#6362 = CARTESIAN_POINT ( 'NONE',  ( 0.7796378782277122443, 0.6999999999999998446, 0.04385138482649061226 ) ) ;
#6363 = CARTESIAN_POINT ( 'NONE',  ( 0.4418010022308930251, 0.8999999999999995781, -0.03248137688070656948 ) ) ;
#6364 = CARTESIAN_POINT ( 'NONE',  ( 0.3159333721731178435, 0.6999999999999998446, -0.1009204433696194586 ) ) ;
#6365 = LINE ( 'NONE', #3111, #2338 ) ;
#6366 = CARTESIAN_POINT ( 'NONE',  ( 0.4210606133704629661, 0.9000000000000003553, -0.06662467284415737878 ) ) ;
#6367 = VECTOR ( 'NONE', #3271, 1000.000000000000000 ) ;
#6368 = CARTESIAN_POINT ( 'NONE',  ( 0.1675141101941430288, 0.6999999999999999556, -0.009456953567012118395 ) ) ;
#6369 = PLANE ( 'NONE',  #9041 ) ;
#6370 = CARTESIAN_POINT ( 'NONE',  ( -0.6467199738113323937, 0.9000000000000000222, -0.02783023601023961249 ) ) ;
#6371 = LINE ( 'NONE', #797, #2096 ) ;
#6372 = FILL_AREA_STYLE ('',( #3990 ) ) ;
#6373 = CARTESIAN_POINT ( 'NONE',  ( 0.05701375693166845643, 0.6999999999999999556, -0.1402011752986461190 ) ) ;
#6374 = EDGE_CURVE ( 'NONE', #9492, #3585, #2314, .T. ) ;
#6375 = EDGE_LOOP ( 'NONE', ( #4061, #6778 ) ) ;
#6376 = EDGE_CURVE ( 'NONE', #7655, #7876, #10214, .T. ) ;
#6377 = EDGE_LOOP ( 'NONE', ( #3612, #1222, #2337, #10113 ) ) ;
#6378 = CARTESIAN_POINT ( 'NONE',  ( 1.138787064885817824, 0.8999999999999999112, -0.1684721627927978360 ) ) ;
#6379 = CARTESIAN_POINT ( 'NONE',  ( -0.7910825917853512301, 0.8999999999999999112, -0.1275336613611066372 ) ) ;
#6380 = ORIENTED_EDGE ( 'NONE', *, *, #6478, .F. ) ;
#6381 = ORIENTED_EDGE ( 'NONE', *, *, #7794, .F. ) ;
#6382 = VECTOR ( 'NONE', #4782, 1000.000000000000000 ) ;
#6383 = CARTESIAN_POINT ( 'NONE',  ( 0.6205919826954976459, 0.6999999999999998446, -0.1833162086894176701 ) ) ;
#6384 = PLANE ( 'NONE',  #4882 ) ;
#6385 = CARTESIAN_POINT ( 'NONE',  ( -0.5342143132437700004, 0.6999999999999999556, 0.08611461417503804561 ) ) ;
#6386 = CARTESIAN_POINT ( 'NONE',  ( 0.7958818969630397921, 0.9000000000000002442, -0.1813278868014736034 ) ) ;
#6387 = CARTESIAN_POINT ( 'NONE',  ( 1.129576883259168385, 0.9000000000000003553, -0.06227962170383868207 ) ) ;
#6388 = ADVANCED_FACE ( 'NONE', ( #5240 ), #9635, .T. ) ;
#6389 = VERTEX_POINT ( 'NONE', #8611 ) ;
#6390 = CARTESIAN_POINT ( 'NONE',  ( 0.8509003046451260044, 0.9000000000000001332, -0.04865509161013197026 ) ) ;
#6391 = ORIENTED_EDGE ( 'NONE', *, *, #5426, .T. ) ;
#6392 = CARTESIAN_POINT ( 'NONE',  ( 0.1447330551772826601, 0.9000000000000001332, -0.2191485437196987740 ) ) ;
#6393 = PRESENTATION_LAYER_ASSIGNMENT (  '', '', ( #1929 ) ) ;
#6394 = LINE ( 'NONE', #9754, #1581 ) ;
#6395 = CARTESIAN_POINT ( 'NONE',  ( -0.7115604712220993111, 0.7000000000000000666, 0.08578648716709628974 ) ) ;
#6396 = CARTESIAN_POINT ( 'NONE',  ( -0.7910746132380099827, 0.7000000000000000666, 0.006181411362502467650 ) ) ;
#6397 = CARTESIAN_POINT ( 'NONE',  ( 0.8664476549941552141, 0.9000000000000000222, -0.07279017902696312270 ) ) ;
#6398 =( GEOMETRIC_REPRESENTATION_CONTEXT ( 3 ) GLOBAL_UNCERTAINTY_ASSIGNED_CONTEXT ( ( #1274 ) ) GLOBAL_UNIT_ASSIGNED_CONTEXT ( ( #446, #6775, #338 ) ) REPRESENTATION_CONTEXT ( 'NONE', 'WORKASPACE' ) );
#6399 = SURFACE_STYLE_USAGE ( .BOTH. , #4793 ) ;
#6400 = COLOUR_RGB ( '',0.3764705882352941124, 0.3764705882352941124, 0.3764705882352941124 ) ;
#6401 = FACE_OUTER_BOUND ( 'NONE', #9684, .T. ) ;
#6402 = ORIENTED_EDGE ( 'NONE', *, *, #10167, .T. ) ;
#6403 = B_SPLINE_SURFACE_WITH_KNOTS ( 'NONE', 3, 1, ( 
 ( #2048, #4319 ),
 ( #5192, #7625 ),
 ( #9089, #476 ),
 ( #1936, #5139 ),
 ( #7517, #6807 ),
 ( #8249, #2866 ),
 ( #3484, #6022 ),
 ( #9042, #6646 ),
 ( #3537, #9243 ),
 ( #1118, #2101 ),
 ( #5244, #8457 ),
 ( #1322, #4476 ),
 ( #4271, #535 ),
 ( #3691, #2664 ),
 ( #6868, #1890 ),
 ( #7470, #317 ),
 ( #2974, #6229 ),
 ( #8507, #9297 ),
 ( #5502, #750 ),
 ( #3027, #7947 ),
 ( #1593, #4736 ),
 ( #3854, #10219 ),
 ( #10118, #808 ),
 ( #3954, #2318 ),
 ( #10170, #1426 ),
 ( #10070, #1372 ),
 ( #4688, #591 ),
 ( #6125, #6928 ),
 ( #5342, #7086 ),
 ( #3909, #4632 ) ),
 .UNSPECIFIED., .F., .F., .F.,
 ( 4, 1, 1, 1, 1, 1, 1, 1, 1, 1, 1, 1, 1, 1, 1, 1, 1, 1, 1, 1, 1, 1, 1, 1, 1, 1, 1, 4 ),
 ( 2, 2 ),
 ( 0.0000000000000000000, 0.02788876596514769726, 0.05421625487123222370, 0.07915984011312067470, 0.1035353754894376838, 0.1154770059438782887, 0.1272710965375090653, 0.1389522967014684418, 0.1508542318755859979, 0.1629793888097272325, 0.1759311175533763150, 0.1893011571992729014, 0.2036037875023511412, 0.2330439056720955415, 0.2627257580548829075, 0.2930094943604961144, 0.3244022232009525775, 0.3399194315283891044, 0.3547632804434123766, 0.3689840606704876680, 0.3827791677666831371, 0.3963645650445776769, 0.4099499623224724387, 0.4237450694186680744, 0.4379658496457430883, 0.4663018339518760214, 0.4932745115574749262, 0.5000000000199269490 ),
 ( 0.0000000000000000000, 1.000000000000000000 ),
 .UNSPECIFIED. ) ;
#6404 = CARTESIAN_POINT ( 'NONE',  ( -0.6482494009630682674, 0.6999999999999999556, -0.1068678419653128070 ) ) ;
#6405 = VERTEX_POINT ( 'NONE', #9238 ) ;
#6406 =( NAMED_UNIT ( * ) SI_UNIT ( $, .STERADIAN. ) SOLID_ANGLE_UNIT ( ) );
#6407 = MECHANICAL_DESIGN_GEOMETRIC_PRESENTATION_REPRESENTATION (  '', ( #2454 ), #8780 ) ;
#6408 = DIRECTION ( 'NONE',  ( 0.0000000000000000000, 1.000000000000000000, 0.0000000000000000000 ) ) ;
#6409 = CARTESIAN_POINT ( 'NONE',  ( 0.6159173585878038315, 0.8999999999999998002, -0.05263561285479318591 ) ) ;
#6410 = CARTESIAN_POINT ( 'NONE',  ( -0.5342143132437700004, 0.6999999999999999556, 0.08611461417503804561 ) ) ;
#6411 = LINE ( 'NONE', #9778, #7963 ) ;
#6412 = STYLED_ITEM ( 'NONE', ( #2931 ), #5836 ) ;
#6413 = CARTESIAN_POINT ( 'NONE',  ( 0.6333920254656214555, 0.6999999999999997335, -0.1030944160399636239 ) ) ;
#6414 = ORIENTED_EDGE ( 'NONE', *, *, #9347, .T. ) ;
#6415 = EDGE_LOOP ( 'NONE', ( #6179, #3610, #2219, #1689 ) ) ;
#6416 = CARTESIAN_POINT ( 'NONE',  ( 0.7508354893677423592, 0.9000000000000003553, -0.09480968791772781401 ) ) ;
#6417 = EDGE_CURVE ( 'NONE', #8688, #2491, #6863, .T. ) ;
#6418 = DIRECTION ( 'NONE',  ( 0.0000000000000000000, 1.000000000000000000, 0.0000000000000000000 ) ) ;
#6419 = SURFACE_STYLE_FILL_AREA ( #7277 ) ;
#6420 = CARTESIAN_POINT ( 'NONE',  ( 0.3270957517648064861, 0.8999999999999999112, 0.02076163148706105729 ) ) ;
#6421 = PRESENTATION_LAYER_ASSIGNMENT (  '', '', ( #5578 ) ) ;
#6422 = CARTESIAN_POINT ( 'NONE',  ( 0.1470284949541822150, 0.6999999999999997335, 0.01524217669518118136 ) ) ;
#6423 = LINE ( 'NONE', #1725, #3517 ) ;
#6424 = CARTESIAN_POINT ( 'NONE',  ( 0.0000000000000000000, 0.0000000000000000000, -0.1250000000000000555 ) ) ;
#6425 = DIRECTION ( 'NONE',  ( 1.000000000000000000, 0.0000000000000000000, 0.0000000000000000000 ) ) ;
#6426 = LINE ( 'NONE', #8763, #9172 ) ;
#6427 = CARTESIAN_POINT ( 'NONE',  ( -0.4605301027174542594, 0.6999999999999999556, -0.1279204735442601715 ) ) ;
#6428 = ORIENTED_EDGE ( 'NONE', *, *, #5892, .T. ) ;
#6429 = VERTEX_POINT ( 'NONE', #4582 ) ;
#6430 = CARTESIAN_POINT ( 'NONE',  ( 1.055259370966756149, 0.9000000000000000222, -0.2138853858249619433 ) ) ;
#6431 = CARTESIAN_POINT ( 'NONE',  ( -0.7972370714693115534, 0.7000000000000001776, -0.07384656671748142387 ) ) ;
#6432 = ORIENTED_EDGE ( 'NONE', *, *, #10105, .F. ) ;
#6433 =( LENGTH_UNIT ( ) NAMED_UNIT ( * ) SI_UNIT ( .MILLI., .METRE. ) );
#6434 = CARTESIAN_POINT ( 'NONE',  ( 0.5504763771734100253, 0.9000000000000003553, -0.2067788082763747648 ) ) ;
#6435 = ADVANCED_FACE ( 'NONE', ( #638, #4628, #745 ), #147, .T. ) ;
#6436 = CARTESIAN_POINT ( 'NONE',  ( 0.5631731199896009565, 0.6999999999999998446, -0.1769114175854476501 ) ) ;
#6437 = LINE ( 'NONE', #5451, #6367 ) ;
#6438 = UNCERTAINTY_MEASURE_WITH_UNIT (LENGTH_MEASURE( 1.000000000000000082E-05 ), #5771, 'distance_accuracy_value', 'NONE');
#6439 = CARTESIAN_POINT ( 'NONE',  ( 0.5473010222910449363, 0.6999999999999998446, 0.08032380882156094082 ) ) ;
#6440 = DIRECTION ( 'NONE',  ( 0.0000000000000000000, 1.000000000000000000, 0.0000000000000000000 ) ) ;
#6441 = DIRECTION ( 'NONE',  ( -0.0000000000000000000, 1.000000000000000000, -0.0000000000000000000 ) ) ;
#6442 = CARTESIAN_POINT ( 'NONE',  ( 0.8006370516123789693, 0.8999999999999998002, -0.1829897909783367305 ) ) ;
#6443 = CARTESIAN_POINT ( 'NONE',  ( 1.123776275760349330, 0.8999999999999998002, -0.05589628326794654489 ) ) ;
#6444 = EDGE_LOOP ( 'NONE', ( #4716, #7702, #3688, #5555 ) ) ;
#6445 = CARTESIAN_POINT ( 'NONE',  ( 0.8184440763860424406, 0.9000000000000003553, -0.05451370953157304994 ) ) ;
#6446 = ADVANCED_FACE ( 'NONE', ( #37 ), #9544, .T. ) ;
#6447 = ORIENTED_EDGE ( 'NONE', *, *, #2370, .F. ) ;
#6448 = CARTESIAN_POINT ( 'NONE',  ( 0.8575259760720672642, 0.6999999999999998446, 0.08643298857021698700 ) ) ;
#6449 = EDGE_LOOP ( 'NONE', ( #7077, #9915, #5163, #5308 ) ) ;
#6450 = FILL_AREA_STYLE ('',( #7249 ) ) ;
#6451 = DIRECTION ( 'NONE',  ( -1.000000000000000000, 0.0000000000000000000, 1.141265444721583757E-16 ) ) ;
#6452 = UNCERTAINTY_MEASURE_WITH_UNIT (LENGTH_MEASURE( 1.000000000000000082E-05 ), #6260, 'distance_accuracy_value', 'NONE');
#6453 = CARTESIAN_POINT ( 'NONE',  ( 0.7877345234983726963, 0.6999999999999995115, -0.1769114175854474280 ) ) ;
#6454 = CARTESIAN_POINT ( 'NONE',  ( 0.8838741837359219700, 0.9000000000000001332, -0.06571319511617655651 ) ) ;
#6455 =( LENGTH_UNIT ( ) NAMED_UNIT ( * ) SI_UNIT ( .MILLI., .METRE. ) );
#6456 = CARTESIAN_POINT ( 'NONE',  ( 0.8640313007913175136, 0.9000000000000001332, -0.07353450863197949494 ) ) ;
#6457 = CARTESIAN_POINT ( 'NONE',  ( 0.6395212624015580438, 0.9000000000000001332, 0.04411498321868766864 ) ) ;
#6458 = CARTESIAN_POINT ( 'NONE',  ( -0.1973722079806121410, 0.9000000000000000222, -0.08230643845654088409 ) ) ;
#6459 = CARTESIAN_POINT ( 'NONE',  ( -0.7105992318648379769, 0.9000000000000001332, 0.04598496353837010914 ) ) ;
#6460 = ORIENTED_EDGE ( 'NONE', *, *, #6161, .F. ) ;
#6461 = FILL_AREA_STYLE_COLOUR ( '', #3118 ) ;
#6462 = CARTESIAN_POINT ( 'NONE',  ( -0.3750000000000000000, -0.1000000000000000056, 0.0000000000000000000 ) ) ;
#6463 = CARTESIAN_POINT ( 'NONE',  ( 0.6580096532602260906, 0.9000000000000000222, 0.006483180057610245413 ) ) ;
#6464 = CARTESIAN_POINT ( 'NONE',  ( 0.6940729884800482807, 0.6999999999999997335, -0.001671787047768864918 ) ) ;
#6465 = CARTESIAN_POINT ( 'NONE',  ( 0.4418010022308930251, 0.6999999999999996225, -0.03248137688070656948 ) ) ;
#6466 = CARTESIAN_POINT ( 'NONE',  ( 0.4472773632424942858, 0.6999999999999999556, 0.06812769845276721303 ) ) ;
#6467 = ORIENTED_EDGE ( 'NONE', *, *, #4288, .F. ) ;
#6468 = LINE ( 'NONE', #1665, #1992 ) ;
#6469 = CARTESIAN_POINT ( 'NONE',  ( 0.7944872477887541251, 0.6999999999999995115, -0.09712204233841074952 ) ) ;
#6470 = CARTESIAN_POINT ( 'NONE',  ( 0.3312726703855316535, 0.7000000000000002887, -0.04894907365671562899 ) ) ;
#6471 = DIRECTION ( 'NONE',  ( 1.000000000000000000, -0.0000000000000000000, 0.0000000000000000000 ) ) ;
#6472 = CARTESIAN_POINT ( 'NONE',  ( 0.3269655523460720525, 0.6999999999999996225, -0.03935320743473978700 ) ) ;
#6473 = CARTESIAN_POINT ( 'NONE',  ( -0.7088841589663568143, 0.8999999999999999112, -0.2134630585525770508 ) ) ;
#6474 = DIRECTION ( 'NONE',  ( -0.0000000000000000000, 1.000000000000000000, -0.0000000000000000000 ) ) ;
#6475 = CARTESIAN_POINT ( 'NONE',  ( 0.7767611523510197236, 0.9000000000000001332, -0.1642108857805325006 ) ) ;
#6476 = CARTESIAN_POINT ( 'NONE',  ( 0.1422805335678562211, 0.6999999999999999556, -0.2189510575283422078 ) ) ;
#6477 = VERTEX_POINT ( 'NONE', #7132 ) ;
#6478 = EDGE_CURVE ( 'NONE', #5763, #4425, #2458, .T. ) ;
#6479 = EDGE_LOOP ( 'NONE', ( #3373, #6005, #3549, #3905 ) ) ;
#6480 = CARTESIAN_POINT ( 'NONE',  ( -0.7848984082226360126, 0.7000000000000000666, -0.1470156721091067931 ) ) ;
#6481 = VECTOR ( 'NONE', #2204, 1000.000000000000000 ) ;
#6482 = ORIENTED_EDGE ( 'NONE', *, *, #5063, .T. ) ;
#6483 = CARTESIAN_POINT ( 'NONE',  ( 0.06614647186037914128, 0.8999999999999996891, 0.06449637198131932814 ) ) ;
#6484 = CARTESIAN_POINT ( 'NONE',  ( 0.6663300530256082155, 0.9000000000000000222, -0.1928287795181234943 ) ) ;
#6485 = MECHANICAL_DESIGN_GEOMETRIC_PRESENTATION_REPRESENTATION (  '', ( #9361 ), #5811 ) ;
#6486 = DIRECTION ( 'NONE',  ( 1.000000000000000000, -0.0000000000000000000, 0.0000000000000000000 ) ) ;
#6487 = CARTESIAN_POINT ( 'NONE',  ( -0.6956905784378641933, 0.9000000000000001332, 0.07871804312170990747 ) ) ;
#6488 = STYLED_ITEM ( 'NONE', ( #5466 ), #9133 ) ;
#6489 = CARTESIAN_POINT ( 'NONE',  ( 0.6118187857524576279, 0.7000000000000000666, 0.08940876473621590936 ) ) ;
#6490 =( NAMED_UNIT ( * ) SI_UNIT ( $, .STERADIAN. ) SOLID_ANGLE_UNIT ( ) );
#6491 = CARTESIAN_POINT ( 'NONE',  ( 0.6159173585878038315, 0.6999999999999998446, -0.05263561285479318591 ) ) ;
#6492 = CARTESIAN_POINT ( 'NONE',  ( 0.7648178941552947752, 0.9000000000000002442, 0.006665521304670404129 ) ) ;
#6493 =( LENGTH_UNIT ( ) NAMED_UNIT ( * ) SI_UNIT ( .MILLI., .METRE. ) );
#6494 = CARTESIAN_POINT ( 'NONE',  ( 0.0000000000000000000, -0.1000000000000000056, 0.8749999999999996669 ) ) ;
#6495 = VERTEX_POINT ( 'NONE', #7989 ) ;
#6496 = DIRECTION ( 'NONE',  ( 0.0000000000000000000, 1.000000000000000000, 0.0000000000000000000 ) ) ;
#6497 = PRESENTATION_LAYER_ASSIGNMENT (  '', '', ( #1550 ) ) ;
#6498 =( NAMED_UNIT ( * ) SI_UNIT ( $, .STERADIAN. ) SOLID_ANGLE_UNIT ( ) );
#6499 = FACE_BOUND ( 'NONE', #1278, .T. ) ;
#6500 = FACE_OUTER_BOUND ( 'NONE', #3302, .T. ) ;
#6501 = VECTOR ( 'NONE', #4452, 1000.000000000000000 ) ;
#6502 = CARTESIAN_POINT ( 'NONE',  ( -0.7377230851735945283, 0.6999999999999999556, 0.05629005277152926423 ) ) ;
#6503 = CARTESIAN_POINT ( 'NONE',  ( 0.1303461358613301480, 0.9000000000000002442, -0.2172761580456998021 ) ) ;
#6504 = VECTOR ( 'NONE', #5969, 1000.000000000000000 ) ;
#6505 = CARTESIAN_POINT ( 'NONE',  ( -0.7377230851735945283, 0.6999999999999999556, 0.05629005277152926423 ) ) ;
#6506 = CARTESIAN_POINT ( 'NONE',  ( 0.7745576165807911417, 0.6999999999999999556, -0.07528889459689178110 ) ) ;
#6507 = EDGE_CURVE ( 'NONE', #8060, #6094, #8088, .T. ) ;
#6508 = VERTEX_POINT ( 'NONE', #4776 ) ;
#6509 = ADVANCED_FACE ( 'NONE', ( #7942 ), #6276, .T. ) ;
#6510 = CARTESIAN_POINT ( 'NONE',  ( -0.6869960626756717037, 0.9000000000000001332, -0.02091489518061831129 ) ) ;
#6511 = STYLED_ITEM ( 'NONE', ( #2062 ), #1579 ) ;
#6512 = ORIENTED_EDGE ( 'NONE', *, *, #4630, .T. ) ;
#6513 = CARTESIAN_POINT ( 'NONE',  ( -0.6250000000000000000, -0.1000000000000000056, 0.0000000000000000000 ) ) ;
#6514 = LINE ( 'NONE', #176, #1716 ) ;
#6515 = PRESENTATION_STYLE_ASSIGNMENT (( #7319 ) ) ;
#6516 = PLANE ( 'NONE',  #2691 ) ;
#6517 = FILL_AREA_STYLE_COLOUR ( '', #9204 ) ;
#6518 = DIRECTION ( 'NONE',  ( -0.0000000000000000000, 1.000000000000000000, -0.0000000000000000000 ) ) ;
#6519 = FILL_AREA_STYLE_COLOUR ( '', #1113 ) ;
#6520 = FACE_OUTER_BOUND ( 'NONE', #9700, .T. ) ;
#6521 = CARTESIAN_POINT ( 'NONE',  ( 0.4738191286679980796, 0.7000000000000000666, 0.02831857602974234209 ) ) ;
#6522 = EDGE_CURVE ( 'NONE', #424, #3795, #947, .T. ) ;
#6523 = ORIENTED_EDGE ( 'NONE', *, *, #6130, .T. ) ;
#6524 = ORIENTED_EDGE ( 'NONE', *, *, #9143, .F. ) ;
#6525 =( NAMED_UNIT ( * ) PLANE_ANGLE_UNIT ( ) SI_UNIT ( $, .RADIAN. ) );
#6526 = VECTOR ( 'NONE', #9190, 1000.000000000000000 ) ;
#6527 = CARTESIAN_POINT ( 'NONE',  ( 0.7710488446509666804, 0.6999999999999998446, -0.1402011752986461468 ) ) ;
#6528 = CARTESIAN_POINT ( 'NONE',  ( 1.399999999999999689, -0.1000000000000000056, -0.3750000000000002220 ) ) ;
#6529 = CARTESIAN_POINT ( 'NONE',  ( 0.0000000000000000000, -0.1000000000000000056, 0.6700000000000000400 ) ) ;
#6530 = CARTESIAN_POINT ( 'NONE',  ( 0.3216468741066093595, 0.9000000000000000222, -0.004524623233763256334 ) ) ;
#6531 = CARTESIAN_POINT ( 'NONE',  ( 0.5631731199896009565, 0.8999999999999999112, -0.1769114175854476501 ) ) ;
#6532 = CARTESIAN_POINT ( 'NONE',  ( 0.7293033573260442326, 0.7000000000000002887, -0.01213239889768008214 ) ) ;
#6533 = MECHANICAL_DESIGN_GEOMETRIC_PRESENTATION_REPRESENTATION (  '', ( #9405 ), #8071 ) ;
#6534 = EDGE_LOOP ( 'NONE', ( #2415, #8451, #9183, #1719, #3852 ) ) ;
#6535 = B_SPLINE_SURFACE_WITH_KNOTS ( 'NONE', 3, 1, ( 
 ( #3285, #6299 ),
 ( #9508, #6397 ),
 ( #8828, #4844 ),
 ( #8734, #8055 ),
 ( #916, #6454 ),
 ( #2534, #7962 ),
 ( #9658, #3965 ),
 ( #7308, #868 ),
 ( #5654, #8889 ),
 ( #971, #4892 ),
 ( #168, #5517 ),
 ( #7151, #4 ),
 ( #3188, #6348 ),
 ( #4016, #1843 ),
 ( #7420, #8253 ),
 ( #9966, #1120 ),
 ( #1175, #9758 ),
 ( #8301, #4322 ),
 ( #4172, #1228 ),
 ( #269, #8938 ),
 ( #6705, #4276 ),
 ( #9140, #3440 ),
 ( #6604, #5095 ),
 ( #9859, #7522 ),
 ( #430, #9910 ),
 ( #1893, #6761 ),
 ( #4938, #8149 ),
 ( #9808, #1020 ),
 ( #2667, #5810 ),
 ( #7363, #379 ),
 ( #9046, #3487 ),
 ( #5917, #1993 ),
 ( #6650, #2722 ),
 ( #1940, #5142 ),
 ( #8355, #7038 ),
 ( #10221, #1326 ),
 ( #1483, #5346 ),
 ( #8461, #2924 ),
 ( #593, #6025 ),
 ( #3695, #1376 ),
 ( #4538, #2160 ),
 ( #9246, #6076 ),
 ( #3749, #10074 ),
 ( #7737, #698 ),
 ( #2107, #1429 ),
 ( #6931, #9300 ),
 ( #7676, #9194 ) ),
 .UNSPECIFIED., .F., .F., .F.,
 ( 4, 1, 1, 1, 1, 1, 1, 1, 1, 1, 1, 1, 1, 1, 1, 1, 1, 1, 1, 1, 1, 1, 1, 1, 1, 1, 1, 1, 1, 1, 1, 1, 1, 1, 1, 1, 1, 1, 1, 1, 1, 1, 1, 1, 4 ),
 ( 2, 2 ),
 ( 0.0000000000000000000, 0.01896963721235623776, 0.03684034007680427741, 0.05363541345938676458, 0.06980683320512164058, 0.08505734143589162299, 0.09981558289693188979, 0.1140766110101990305, 0.1280247482881379240, 0.1557509365080442243, 0.1840838181307573040, 0.2138929585622945106, 0.2456524615522124588, 0.2768913951580697086, 0.3050798050033766140, 0.3305895681386532003, 0.3537127953842154615, 0.3750944523677424147, 0.3955313776239966495, 0.4147501343343142355, 0.4330879330758814483, 0.4512556153326141573, 0.4701155783352346518, 0.4901996834268588787, 0.5117585802951779561, 0.5348497856468031886, 0.5603243028311363227, 0.5881142765529854266, 0.6186914418350499822, 0.6494310865559865809, 0.6780294787034569781, 0.7047831093159805382, 0.7299050770518324960, 0.7536329646167441165, 0.7763247418582144288, 0.7984624024834477973, 0.8202244335740105363, 0.8416493045756042735, 0.8626147261795269472, 0.8834080170508172847, 0.9046905696445970424, 0.9268192755088797696, 0.9499933036506392758, 0.9743070173556438451, 1.000000000000000000 ),
 ( 0.0000000000000000000, 1.000000000000000000 ),
 .UNSPECIFIED. ) ;
#6536 = VERTEX_POINT ( 'NONE', #1531 ) ;
#6537 =( LENGTH_UNIT ( ) NAMED_UNIT ( * ) SI_UNIT ( .MILLI., .METRE. ) );
#6538 = EDGE_LOOP ( 'NONE', ( #2839, #8132, #4241, #8366 ) ) ;
#6539 = DIRECTION ( 'NONE',  ( 1.000000000000000000, 0.0000000000000000000, 0.0000000000000000000 ) ) ;
#6540 = COLOUR_RGB ( '',0.3764705882352941124, 0.3764705882352941124, 0.3764705882352941124 ) ;
#6541 = CARTESIAN_POINT ( 'NONE',  ( 0.6294314637131074308, 0.6999999999999998446, -0.1796168887522079372 ) ) ;
#6542 = SURFACE_SIDE_STYLE ('',( #6591 ) ) ;
#6543 = CARTESIAN_POINT ( 'NONE',  ( 0.5765387762895753943, 0.8999999999999999112, 0.08822479956790063582 ) ) ;
#6544 = FACE_OUTER_BOUND ( 'NONE', #3635, .T. ) ;
#6545 = CARTESIAN_POINT ( 'NONE',  ( -0.7576989534949165606, 0.9000000000000000222, -0.2150892685545510719 ) ) ;
#6546 = CARTESIAN_POINT ( 'NONE',  ( 0.7767611523510197236, 0.6999999999999999556, -0.1642108857805325006 ) ) ;
#6547 = B_SPLINE_CURVE_WITH_KNOTS ( 'NONE', 3,
 ( #3809, #5411, #8628, #9974, #6241, #10230, #764, #3089, #3147, #3185, #9458, #2330, #7905, #4790, #6395, #3920, #8103, #1602, #4065 ),
 .UNSPECIFIED., .F., .F.,
 ( 4, 1, 1, 1, 1, 1, 1, 1, 1, 1, 1, 1, 1, 1, 1, 1, 4 ),
 ( 0.0000000000000000000, 0.09342139099570272165, 0.1803887469388611720, 0.2608630984186837143, 0.3352472801243032707, 0.4044079183330663296, 0.4689595220310971979, 0.5293350777579132194, 0.5862590898936735906, 0.6410153848140272004, 0.6939273052542173081, 0.7452613697364826040, 0.7954331513472815418, 0.8458729184935072087, 0.8962603350629428922, 0.9474329625168989022, 1.000000000000000000 ),
 .UNSPECIFIED. ) ;
#6548 = VECTOR ( 'NONE', #9538, 1000.000000000000000 ) ;
#6549 = DIRECTION ( 'NONE',  ( 1.000000000000000000, 0.0000000000000000000, 0.0000000000000000000 ) ) ;
#6550 = B_SPLINE_CURVE_WITH_KNOTS ( 'NONE', 3,
 ( #4173, #1121, #5864, #7364, #7573, #1076, #380, #4277, #2668, #9048, #2580, #4939, #1022, #4995, #1894, #5708, #1803, #1994, #9092 ),
 .UNSPECIFIED., .F., .F.,
 ( 4, 1, 1, 1, 1, 1, 1, 1, 1, 1, 1, 1, 1, 1, 1, 1, 4 ),
 ( 0.0000000000000000000, 0.09044125987823430080, 0.1747731893049270235, 0.2544508012209609205, 0.3283651613060588614, 0.3970508465704840617, 0.4617853255465036999, 0.5222264584098250673, 0.5790079612547945898, 0.6330243745918888720, 0.6845604001972307451, 0.7349709396407296813, 0.7851580669714138816, 0.8357832448672982695, 0.8880523620114706418, 0.9421453659599439145, 1.000000000000000000 ),
 .UNSPECIFIED. ) ;
#6551 = ADVANCED_FACE ( 'NONE', ( #3570 ), #8335, .F. ) ;
#6552 =( LENGTH_UNIT ( ) NAMED_UNIT ( * ) SI_UNIT ( .MILLI., .METRE. ) );
#6553 = CARTESIAN_POINT ( 'NONE',  ( 1.059401218542794121, 0.6999999999999997335, -0.06544642100791232819 ) ) ;
#6554 = PLANE ( 'NONE',  #9716 ) ;
#6555 = VECTOR ( 'NONE', #4430, 1000.000000000000000 ) ;
#6556 = LINE ( 'NONE', #429, #2593 ) ;
#6557 = CARTESIAN_POINT ( 'NONE',  ( -0.6906563324839196660, 0.7000000000000002887, 0.01061262273564836205 ) ) ;
#6558 = CARTESIAN_POINT ( 'NONE',  ( 0.9088443570543563998, 0.9000000000000001332, -0.1555126056336625096 ) ) ;
#6559 = CARTESIAN_POINT ( 'NONE',  ( -0.1250000000000000000, 0.0000000000000000000, -0.6700000000000000400 ) ) ;
#6560 = CARTESIAN_POINT ( 'NONE',  ( -0.6868458921911384518, 0.9000000000000000222, -0.03318363143899703133 ) ) ;
#6561 = VECTOR ( 'NONE', #1512, 1000.000000000000000 ) ;
#6562 = ORIENTED_EDGE ( 'NONE', *, *, #2977, .T. ) ;
#6563 =( LENGTH_UNIT ( ) NAMED_UNIT ( * ) SI_UNIT ( .MILLI., .METRE. ) );
#6564 = CARTESIAN_POINT ( 'NONE',  ( 1.101911333951356431, 0.6999999999999999556, -0.1560625776180253887 ) ) ;
#6565 = EDGE_CURVE ( 'NONE', #6895, #5804, #2437, .T. ) ;
#6566 = SURFACE_SIDE_STYLE ('',( #7483 ) ) ;
#6567 = CARTESIAN_POINT ( 'NONE',  ( 0.6593127802271496751, 0.6999999999999996225, -0.06571319511617655651 ) ) ;
#6568 = CARTESIAN_POINT ( 'NONE',  ( 0.4549995052219930058, 0.6999999999999997335, 0.06031201393174513703 ) ) ;
#6569 = VERTEX_POINT ( 'NONE', #8439 ) ;
#6570 = DIRECTION ( 'NONE',  ( 1.000000000000000000, 0.0000000000000000000, -1.141265444721583757E-16 ) ) ;
#6571 = COLOUR_RGB ( '',1.000000000000000000, 0.9607843137254902244, 0.4549019607843137192 ) ;
#6572 = CARTESIAN_POINT ( 'NONE',  ( 0.7713008060746493477, 0.9000000000000003553, -0.07731518626360404933 ) ) ;
#6574 = EDGE_CURVE ( 'NONE', #7209, #7668, #676, .T. ) ;
#6573 = DIRECTION ( 'NONE',  ( -0.0000000000000000000, 1.000000000000000000, -0.0000000000000000000 ) ) ;
#6575 = SURFACE_STYLE_FILL_AREA ( #6623 ) ;
#6576 = DIRECTION ( 'NONE',  ( 0.0000000000000000000, 1.000000000000000000, 0.0000000000000000000 ) ) ;
#6577 = LINE ( 'NONE', #298, #375 ) ;
#6578 = CARTESIAN_POINT ( 'NONE',  ( 0.7384316748862482793, 0.7000000000000001776, -0.1366515634528985834 ) ) ;
#6579 = CARTESIAN_POINT ( 'NONE',  ( 1.077949468971568514, 0.9000000000000001332, -0.06945607924880553563 ) ) ;
#6580 = AXIS2_PLACEMENT_3D ( 'NONE', #9421, #8637, #7864 ) ;
#6581 = CARTESIAN_POINT ( 'NONE',  ( 0.7581409953604311136, 0.6999999999999999556, -0.06505859029947427818 ) ) ;
#6582 = EDGE_LOOP ( 'NONE', ( #3738, #2840, #6818, #2469 ) ) ;
#6583 = CARTESIAN_POINT ( 'NONE',  ( 0.2371482358366309717, 0.9000000000000003553, -0.1325348837895402032 ) ) ;
#6584 = ORIENTED_EDGE ( 'NONE', *, *, #9091, .T. ) ;
#6585 = CARTESIAN_POINT ( 'NONE',  ( -0.5798283483314893294, 0.9000000000000000222, 0.08611461417503804561 ) ) ;
#6586 = CARTESIAN_POINT ( 'NONE',  ( 0.1146376553783668428, 0.9000000000000000222, 0.002798647590160981309 ) ) ;
#6587 = CARTESIAN_POINT ( 'NONE',  ( 0.3527741871535465257, 0.7000000000000001776, 0.05016362618077466196 ) ) ;
#6588 = VECTOR ( 'NONE', #9159, 1000.000000000000000 ) ;
#6590 = ADVANCED_FACE ( 'NONE', ( #9995 ), #8596, .T. ) ;
#6589 = CARTESIAN_POINT ( 'NONE',  ( -0.6989820413170402258, 0.9000000000000000222, -0.1647385247231893390 ) ) ;
#6591 = SURFACE_STYLE_FILL_AREA ( #363 ) ;
#6592 = CARTESIAN_POINT ( 'NONE',  ( 0.6569555937960128711, 0.6999999999999998446, 0.07645579815884674668 ) ) ;
#6593 = CARTESIAN_POINT ( 'NONE',  ( 0.4391132985100754671, 0.9000000000000003553, -0.09421090330695937320 ) ) ;
#6594 = CARTESIAN_POINT ( 'NONE',  ( -0.8394774711385069033, 0.7000000000000000666, -0.05423626301794441662 ) ) ;
#6595 = CARTESIAN_POINT ( 'NONE',  ( 0.7806250962321841236, 0.9000000000000001332, -0.1699235208540227360 ) ) ;
#6596 = SURFACE_STYLE_FILL_AREA ( #5696 ) ;
#6597 = VERTEX_POINT ( 'NONE', #9278 ) ;
#6598 = FACE_OUTER_BOUND ( 'NONE', #8086, .T. ) ;
#6599 = ORIENTED_EDGE ( 'NONE', *, *, #3839, .F. ) ;
#6600 = CARTESIAN_POINT ( 'NONE',  ( -0.1250000000000000000, -0.1000000000000000056, 0.0000000000000000000 ) ) ;
#6601 = FACE_BOUND ( 'NONE', #3331, .T. ) ;
#6602 = PRESENTATION_STYLE_ASSIGNMENT (( #8994 ) ) ;
#6603 = CARTESIAN_POINT ( 'NONE',  ( 1.187634982997886501, 0.9000000000000000222, 0.9780523389394325529 ) ) ;
#6604 = CARTESIAN_POINT ( 'NONE',  ( 0.8877275990855847398, 0.7000000000000003997, 0.07201701681004753219 ) ) ;
#6605 = CARTESIAN_POINT ( 'NONE',  ( -0.7105992318648379769, 0.9000000000000001332, 0.04598496353837010914 ) ) ;
#6606 = CARTESIAN_POINT ( 'NONE',  ( 0.9076989527507820510, 0.6999999999999999556, -0.1611068460104883304 ) ) ;
#6607 = CARTESIAN_POINT ( 'NONE',  ( 0.3345579279216298052, 0.9000000000000003553, 0.08003242219445083627 ) ) ;
#6608 = CARTESIAN_POINT ( 'NONE',  ( -0.1394774711385069477, 0.6999999999999999556, -0.01213099986004967552 ) ) ;
#6609 = LINE ( 'NONE', #1848, #8516 ) ;
#6610 = EDGE_CURVE ( 'NONE', #5215, #8987, #4406, .T. ) ;
#6611 = CARTESIAN_POINT ( 'NONE',  ( 0.6489947561938019804, 0.7000000000000000666, -0.1372836826229789087 ) ) ;
#6612 = ORIENTED_EDGE ( 'NONE', *, *, #7968, .F. ) ;
#6613 = CARTESIAN_POINT ( 'NONE',  ( 0.1149084937737737538, 0.6999999999999999556, 0.05278128084170470580 ) ) ;
#6614 = CARTESIAN_POINT ( 'NONE',  ( 0.0000000000000000000, 0.0000000000000000000, 1.057063338531172292 ) ) ;
#6615 =( NAMED_UNIT ( * ) SI_UNIT ( $, .STERADIAN. ) SOLID_ANGLE_UNIT ( ) );
#6616 = CARTESIAN_POINT ( 'NONE',  ( -1.399999999999999689, -0.1000000000000000056, -0.1250000000000000555 ) ) ;
#6617 = COLOUR_RGB ( '',1.000000000000000000, 0.9607843137254902244, 0.4549019607843137192 ) ;
#6618 = EDGE_CURVE ( 'NONE', #1115, #5752, #3619, .T. ) ;
#6619 = ORIENTED_EDGE ( 'NONE', *, *, #9290, .T. ) ;
#6620 = FILL_AREA_STYLE ('',( #7439 ) ) ;
#6621 = CARTESIAN_POINT ( 'NONE',  ( 0.7462899201893880008, 0.6999999999999997335, -0.1022908942736979743 ) ) ;
#6622 = CARTESIAN_POINT ( 'NONE',  ( 0.8097475163284283406, 0.9000000000000002442, -0.09193065823550433668 ) ) ;
#6623 = FILL_AREA_STYLE ('',( #296 ) ) ;
#6624 = CARTESIAN_POINT ( 'NONE',  ( 1.129576168796245117, 0.7000000000000000666, -0.1830346119488509560 ) ) ;
#6625 = CARTESIAN_POINT ( 'NONE',  ( 0.7392872780887027595, 0.9000000000000000222, -0.1545263873557253531 ) ) ;
#6626 = CARTESIAN_POINT ( 'NONE',  ( 1.107739438573630331, 0.9000000000000001332, -0.1148666908088316063 ) ) ;
#6627 = CARTESIAN_POINT ( 'NONE',  ( 0.7290630955248225131, 0.7000000000000001776, -0.005101888520668995501 ) ) ;
#6628 = CARTESIAN_POINT ( 'NONE',  ( 0.1675141101941430288, 0.9000000000000000222, -0.009456953567012118395 ) ) ;
#6629 = EDGE_LOOP ( 'NONE', ( #4049, #4930, #6999, #744 ) ) ;
#6630 = VECTOR ( 'NONE', #2995, 1000.000000000000114 ) ;
#6631 = EDGE_CURVE ( 'NONE', #6657, #1536, #6365, .T. ) ;
#6632 =( NAMED_UNIT ( * ) SI_UNIT ( $, .STERADIAN. ) SOLID_ANGLE_UNIT ( ) );
#6633 = CARTESIAN_POINT ( 'NONE',  ( 0.4210182143145457800, 0.9000000000000003553, 0.04498722318875492815 ) ) ;
#6634 = CARTESIAN_POINT ( 'NONE',  ( -0.6540997342603889209, 0.8999999999999999112, 0.02356446512102881169 ) ) ;
#6635 = DIRECTION ( 'NONE',  ( -1.000000000000000000, 0.0000000000000000000, 0.0000000000000000000 ) ) ;
#6636 = CARTESIAN_POINT ( 'NONE',  ( 0.4675649138107485503, 0.8999999999999996891, -0.06722308971950821666 ) ) ;
#6637 = CARTESIAN_POINT ( 'NONE',  ( 0.6481411743430919303, 0.6999999999999999556, -0.03220540040418925359 ) ) ;
#6638 = PRESENTATION_LAYER_ASSIGNMENT (  '', '', ( #1849 ) ) ;
#6639 = CARTESIAN_POINT ( 'NONE',  ( 0.7646978481376512926, 0.8999999999999996891, 3.730028055597146548E-05 ) ) ;
#6640 = AXIS2_PLACEMENT_3D ( 'NONE', #3053, #9472, #3883 ) ;
#6641 = ORIENTED_EDGE ( 'NONE', *, *, #9894, .F. ) ;
#6642 = ORIENTED_EDGE ( 'NONE', *, *, #3205, .F. ) ;
#6643 = ADVANCED_FACE ( 'NONE', ( #2443 ), #1746, .T. ) ;
#6644 = ORIENTED_EDGE ( 'NONE', *, *, #7103, .T. ) ;
#6645 = VECTOR ( 'NONE', #2430, 1000.000000000000000 ) ;
#6646 = CARTESIAN_POINT ( 'NONE',  ( 0.7766242650903819600, 0.9000000000000003553, 0.04074234594443133101 ) ) ;
#6647 = DIRECTION ( 'NONE',  ( 1.000000000000000000, 0.0000000000000000000, 1.141265444721583757E-16 ) ) ;
#6648 = PLANE ( 'NONE',  #3887 ) ;
#6649 = CARTESIAN_POINT ( 'NONE',  ( 0.7725703962907713995, 0.6999999999999999556, -0.07425645494990004702 ) ) ;
#6650 = CARTESIAN_POINT ( 'NONE',  ( 0.7905233848715264022, 0.7000000000000000666, 0.08638838197276381414 ) ) ;
#6651 = CARTESIAN_POINT ( 'NONE',  ( 0.9093914603127137841, 0.9000000000000000222, -0.1496795249161752828 ) ) ;
#6652 = CARTESIAN_POINT ( 'NONE',  ( 0.3896148527370222325, 0.9000000000000000222, -0.1069940989488469274 ) ) ;
#6653 = CARTESIAN_POINT ( 'NONE',  ( 0.5473010222910449363, 0.8999999999999999112, 0.08032380882156094082 ) ) ;
#6654 =( NAMED_UNIT ( * ) SI_UNIT ( $, .STERADIAN. ) SOLID_ANGLE_UNIT ( ) );
#6655 = CARTESIAN_POINT ( 'NONE',  ( 0.06466533232501527062, 0.7000000000000002887, 0.07085041871514978495 ) ) ;
#6656 = CARTESIAN_POINT ( 'NONE',  ( 1.055259370966756149, 0.9000000000000000222, -0.03142924547408474517 ) ) ;
#6657 = VERTEX_POINT ( 'NONE', #9200 ) ;
#6658 = COLOUR_RGB ( '',1.000000000000000000, 0.9607843137254902244, 0.4549019607843137192 ) ;
#6659 = DIRECTION ( 'NONE',  ( 0.0000000000000000000, 0.0000000000000000000, -1.000000000000000000 ) ) ;
#6660 =( GEOMETRIC_REPRESENTATION_CONTEXT ( 3 ) GLOBAL_UNCERTAINTY_ASSIGNED_CONTEXT ( ( #3769 ) ) GLOBAL_UNIT_ASSIGNED_CONTEXT ( ( #6310, #5569, #4904 ) ) REPRESENTATION_CONTEXT ( 'NONE', 'WORKASPACE' ) );
#6661 = EDGE_CURVE ( 'NONE', #6225, #5389, #2775, .T. ) ;
#6662 = SURFACE_SIDE_STYLE ('',( #1137 ) ) ;
#6663 = DIRECTION ( 'NONE',  ( 0.0000000000000000000, 0.0000000000000000000, -1.000000000000000000 ) ) ;
#6664 = CARTESIAN_POINT ( 'NONE',  ( 0.5576810130642838592, 0.7000000000000001776, -0.1079953606916306125 ) ) ;
#6665 = CARTESIAN_POINT ( 'NONE',  ( 0.0000000000000000000, -0.1000000000000000056, 0.0000000000000000000 ) ) ;
#6666 = DIRECTION ( 'NONE',  ( 0.0000000000000000000, 0.0000000000000000000, -1.000000000000000000 ) ) ;
#6667 = CARTESIAN_POINT ( 'NONE',  ( 0.4778053057344914256, 0.6999999999999997335, -0.04105008098858321103 ) ) ;
#6668 = VERTEX_POINT ( 'NONE', #6656 ) ;
#6669 = EDGE_LOOP ( 'NONE', ( #4753, #5856, #2807, #3928 ) ) ;
#6670 = LINE ( 'NONE', #9875, #2496 ) ;
#6671 = CARTESIAN_POINT ( 'NONE',  ( 0.7410240076062940551, 0.7000000000000000666, -0.1626029412461153512 ) ) ;
#6672 = CARTESIAN_POINT ( 'NONE',  ( 0.8539998913623066956, 0.7000000000000000666, -0.09989736374326872725 ) ) ;
#6673 =( GEOMETRIC_REPRESENTATION_CONTEXT ( 3 ) GLOBAL_UNCERTAINTY_ASSIGNED_CONTEXT ( ( #8991 ) ) GLOBAL_UNIT_ASSIGNED_CONTEXT ( ( #8953, #8018, #3296 ) ) REPRESENTATION_CONTEXT ( 'NONE', 'WORKASPACE' ) );
#6674 = EDGE_CURVE ( 'NONE', #8895, #2142, #7529, .T. ) ;
#6675 = DIRECTION ( 'NONE',  ( 0.0000000000000000000, 0.0000000000000000000, -1.000000000000000000 ) ) ;
#6676 = DIRECTION ( 'NONE',  ( -1.000000000000000000, 0.0000000000000000000, 0.0000000000000000000 ) ) ;
#6677 = CARTESIAN_POINT ( 'NONE',  ( -0.6489270973589733593, 0.7000000000000000666, -0.1315004888918331338 ) ) ;
#6678 = CARTESIAN_POINT ( 'NONE',  ( 0.5489401727095739592, 0.9000000000000003553, -0.1566810548650774126 ) ) ;
#6679 = CARTESIAN_POINT ( 'NONE',  ( 0.7820582450649415929, 0.7000000000000001776, -0.2104651057289956273 ) ) ;
#6680 = CARTESIAN_POINT ( 'NONE',  ( 0.6344682907704156660, 0.8999999999999998002, -0.04399283944731292167 ) ) ;
#6681 = FILL_AREA_STYLE_COLOUR ( '', #4598 ) ;
#6682 = CARTESIAN_POINT ( 'NONE',  ( 0.1847411033468441544, 0.8999999999999999112, -0.03115459378318341521 ) ) ;
#6683 = VECTOR ( 'NONE', #3919, 1000.000000000000000 ) ;
#6684 = EDGE_LOOP ( 'NONE', ( #2177, #9737, #5492, #8157 ) ) ;
#6685 = CARTESIAN_POINT ( 'NONE',  ( 0.8640313007913175136, 0.6999999999999999556, -0.07353450863197949494 ) ) ;
#6686 = CARTESIAN_POINT ( 'NONE',  ( 0.3941350363634700815, 0.6999999999999999556, 0.05767862998367976474 ) ) ;
#6687 = DIRECTION ( 'NONE',  ( 0.0000000000000000000, 0.0000000000000000000, 1.000000000000000000 ) ) ;
#6688 = CARTESIAN_POINT ( 'NONE',  ( -0.6467199738113323937, 0.9000000000000000222, -0.02783023601023961249 ) ) ;
#6689 =( GEOMETRIC_REPRESENTATION_CONTEXT ( 3 ) GLOBAL_UNCERTAINTY_ASSIGNED_CONTEXT ( ( #8669 ) ) GLOBAL_UNIT_ASSIGNED_CONTEXT ( ( #2474, #4990, #265 ) ) REPRESENTATION_CONTEXT ( 'NONE', 'WORKASPACE' ) );
#6691 = ADVANCED_FACE ( 'NONE', ( #1131 ), #7477, .T. ) ;
#6690 = LINE ( 'NONE', #9896, #5831 ) ;
#6692 = CARTESIAN_POINT ( 'NONE',  ( 0.3722233145407058408, 0.6999999999999998446, 0.08949984518150903845 ) ) ;
#6693 = CARTESIAN_POINT ( 'NONE',  ( 0.1890497865628411600, 0.6999999999999997335, -0.09835380394852781538 ) ) ;
#6694 = CARTESIAN_POINT ( 'NONE',  ( 0.5186422850374367011, 0.7000000000000003997, -0.1102361141146204621 ) ) ;
#6695 = EDGE_CURVE ( 'NONE', #3417, #1039, #4229, .T. ) ;
#6696 = CARTESIAN_POINT ( 'NONE',  ( 0.9628790087141680942, 0.0000000000000000000, 0.9760643809100244539 ) ) ;
#6697 = ORIENTED_EDGE ( 'NONE', *, *, #7623, .T. ) ;
#6698 = EDGE_LOOP ( 'NONE', ( #3767, #772, #7540, #3076 ) ) ;
#6699 = PLANE ( 'NONE',  #9478 ) ;
#6700 = ORIENTED_EDGE ( 'NONE', *, *, #5548, .F. ) ;
#6701 = CARTESIAN_POINT ( 'NONE',  ( -0.6482494009630682674, 0.9000000000000000222, -0.1068678419653128070 ) ) ;
#6702 = SURFACE_STYLE_FILL_AREA ( #6450 ) ;
#6703 = CARTESIAN_POINT ( 'NONE',  ( -0.6606945527254977080, 0.8999999999999999112, -0.1725188232157757462 ) ) ;
#6704 = SURFACE_SIDE_STYLE ('',( #9090 ) ) ;
#6705 = CARTESIAN_POINT ( 'NONE',  ( 0.8978367903897952473, 0.6999999999999999556, 0.06119393409309491216 ) ) ;
#6706 = EDGE_CURVE ( 'NONE', #7849, #10065, #8315, .T. ) ;
#6707 = VECTOR ( 'NONE', #1309, 1000.000000000000000 ) ;
#6708 = CARTESIAN_POINT ( 'NONE',  ( -0.7236749815463526803, 0.9000000000000002442, 0.05376464688469138886 ) ) ;
#6709 = CARTESIAN_POINT ( 'NONE',  ( 0.5138287442134685801, 0.6999999999999998446, -0.1458124477128922292 ) ) ;
#6710 = CARTESIAN_POINT ( 'NONE',  ( 0.4795210483643950194, 0.9000000000000002442, 0.005250784392804057170 ) ) ;
#6711 = CARTESIAN_POINT ( 'NONE',  ( -0.8230266520201979796, 0.8999999999999998002, 0.03563307961769913296 ) ) ;
#6712 = CARTESIAN_POINT ( 'NONE',  ( 0.6448255672298607299, 0.6999999999999997335, -0.1195195008968644584 ) ) ;
#6713 = VERTEX_POINT ( 'NONE', #434 ) ;
#6714 = CARTESIAN_POINT ( 'NONE',  ( 0.2860761030328118348, 0.8999999999999999112, -0.03022323033958862482 ) ) ;
#6715 = AXIS2_PLACEMENT_3D ( 'NONE', #8722, #104, #1541 ) ;
#6716 = DIRECTION ( 'NONE',  ( -0.0000000000000000000, 1.000000000000000000, -0.0000000000000000000 ) ) ;
#6717 = CARTESIAN_POINT ( 'NONE',  ( -1.399999999999999689, -0.1000000000000000056, 0.0000000000000000000 ) ) ;
#6718 = SURFACE_STYLE_USAGE ( .BOTH. , #3553 ) ;
#6719 =( NAMED_UNIT ( * ) PLANE_ANGLE_UNIT ( ) SI_UNIT ( $, .RADIAN. ) );
#6720 = DIRECTION ( 'NONE',  ( -1.000000000000000000, 0.0000000000000000000, 0.0000000000000000000 ) ) ;
#6721 = CARTESIAN_POINT ( 'NONE',  ( 0.5465081551686364891, 0.6999999999999998446, -0.1373044589886688871 ) ) ;
#6722 = FACE_OUTER_BOUND ( 'NONE', #5176, .T. ) ;
#6723 = MECHANICAL_DESIGN_GEOMETRIC_PRESENTATION_REPRESENTATION (  '', ( #1438 ), #3112 ) ;
#6724 = SURFACE_SIDE_STYLE ('',( #8372 ) ) ;
#6725 = CARTESIAN_POINT ( 'NONE',  ( 0.5465025748003905504, 0.8999999999999996891, 0.03220283864309930744 ) ) ;
#6726 = CARTESIAN_POINT ( 'NONE',  ( 1.052237288733256726, 0.6999999999999996225, -0.1804476866357237752 ) ) ;
#6727 = ORIENTED_EDGE ( 'NONE', *, *, #67, .T. ) ;
#6728 = VERTEX_POINT ( 'NONE', #1280 ) ;
#6729 = LINE ( 'NONE', #3505, #7490 ) ;
#6730 = CARTESIAN_POINT ( 'NONE',  ( 0.7436615195207337825, 0.6999999999999999556, -0.1700630549731481644 ) ) ;
#6731 = VECTOR ( 'NONE', #4185, 1000.000000000000000 ) ;
#6732 = CARTESIAN_POINT ( 'NONE',  ( 0.8736379836602400362, 0.6999999999999998446, -0.1389509197478261682 ) ) ;
#6733 = CARTESIAN_POINT ( 'NONE',  ( -0.6464950149981558702, 0.6999999999999999556, -0.03318363143899703133 ) ) ;
#6734 = CARTESIAN_POINT ( 'NONE',  ( -0.6250000000000000000, 0.0000000000000000000, -0.0000000000000000000 ) ) ;
#6735 = CARTESIAN_POINT ( 'NONE',  ( 1.187634982997886501, 0.9000000000000000222, 0.9780523389394325529 ) ) ;
#6736 = CARTESIAN_POINT ( 'NONE',  ( 0.9088443570543563998, 0.6999999999999999556, -0.1555126056336625096 ) ) ;
#6737 = FILL_AREA_STYLE ('',( #5682 ) ) ;
#6738 = CARTESIAN_POINT ( 'NONE',  ( 0.8011001797983475781, 0.9000000000000001332, 0.08822479956790069133 ) ) ;
#6739 = PRESENTATION_LAYER_ASSIGNMENT (  '', '', ( #5409 ) ) ;
#6740 = CARTESIAN_POINT ( 'NONE',  ( 0.2027292189688763568, 0.9000000000000001332, -0.05538060964501925060 ) ) ;
#6741 = MECHANICAL_DESIGN_GEOMETRIC_PRESENTATION_REPRESENTATION (  '', ( #2929 ), #7433 ) ;
#6742 = EDGE_CURVE ( 'NONE', #7398, #8666, #7632, .T. ) ;
#6743 = CARTESIAN_POINT ( 'NONE',  ( 0.1076246631937065740, 0.9000000000000002442, -0.1649787261663503146 ) ) ;
#6744 = CARTESIAN_POINT ( 'NONE',  ( 0.3815599669833322216, 0.6999999999999998446, 0.05810615474352543580 ) ) ;
#6745 = CARTESIAN_POINT ( 'NONE',  ( -1.399999999999999689, -0.1000000000000000056, 0.0000000000000000000 ) ) ;
#6746 = UNCERTAINTY_MEASURE_WITH_UNIT (LENGTH_MEASURE( 1.000000000000000082E-05 ), #2899, 'distance_accuracy_value', 'NONE');
#6747 = CARTESIAN_POINT ( 'NONE',  ( 0.4063341242550415067, 0.9000000000000000222, 0.08777669742956523136 ) ) ;
#6748 = CARTESIAN_POINT ( 'NONE',  ( 0.0000000000000000000, 0.0000000000000000000, 0.6249999999999996669 ) ) ;
#6749 = CARTESIAN_POINT ( 'NONE',  ( 1.187634982997886501, 0.6999999999999999556, 0.8400340171984419513 ) ) ;
#6750 = CARTESIAN_POINT ( 'NONE',  ( 0.6608846480610826024, 0.6999999999999998446, -0.08692588343174396937 ) ) ;
#6751 = FILL_AREA_STYLE ('',( #3681 ) ) ;
#6752 = EDGE_LOOP ( 'NONE', ( #3456, #8933, #1795, #6253 ) ) ;
#6753 = VERTEX_POINT ( 'NONE', #2675 ) ;
#6754 = ORIENTED_EDGE ( 'NONE', *, *, #4239, .T. ) ;
#6755 = CARTESIAN_POINT ( 'NONE',  ( 0.3579099520953782920, 0.6999999999999999556, 0.05266132601251526102 ) ) ;
#6756 = VERTEX_POINT ( 'NONE', #9253 ) ;
#6757 = CARTESIAN_POINT ( 'NONE',  ( -0.6464950149981558702, 0.9000000000000000222, -0.03318363143899703133 ) ) ;
#6758 = CARTESIAN_POINT ( 'NONE',  ( -0.7470010183579628427, 0.9000000000000002442, -0.2170190219515263919 ) ) ;
#6759 = B_SPLINE_CURVE_WITH_KNOTS ( 'NONE', 3,
 ( #4794, #823, #3287, #7312, #3342, #7152, #1699, #1025, #59, #3234, #4848, #9710, #5711, #8153, #4325, #3642, #5048, #4280, #5200, #9146, #2627, #1997, #5146, #8360, #1078, #9862, #9051, #5974, #5867, #1178, #3489, #1232, #2726, #9812, #6653, #4376, #1847, #9095, #485, #7527, #1945, #7473, #5816, #7577, #1896, #8305, #5101 ),
 .UNSPECIFIED., .F., .F.,
 ( 4, 1, 1, 1, 1, 1, 1, 1, 1, 1, 1, 1, 1, 1, 1, 1, 1, 1, 1, 1, 1, 1, 1, 1, 1, 1, 1, 1, 1, 1, 1, 1, 1, 1, 1, 1, 1, 1, 1, 1, 1, 1, 1, 1, 4 ),
 ( 0.0000000000000000000, 0.01896963721235623776, 0.03684034007680377781, 0.05363541345938673682, 0.06980683320512162671, 0.08505734143589116503, 0.09981558289693183428, 0.1140766110101989889, 0.1280247482881378962, 0.1557509365080439190, 0.1840838181307571930, 0.2138929585622943996, 0.2456524615522123201, 0.2768913951580695421, 0.3050798050033765030, 0.3305895681386530893, 0.3537127953842153505, 0.3750944523677425257, 0.3955313776239964274, 0.4147501343343142910, 0.4330879330758811707, 0.4512556153326134911, 0.4701155783352344852, 0.4901996834268591563, 0.5117585802951777341, 0.5348497856468035216, 0.5603243028311361007, 0.5881142765529850935, 0.6186914418350497602, 0.6494310865559863588, 0.6780294787034567561, 0.7047831093159802052, 0.7299050770518322739, 0.7536329646167444496, 0.7763247418582140957, 0.7984624024834479084, 0.8202244335740102033, 0.8416493045756039404, 0.8626147261795267251, 0.8834080170508170626, 0.9046905696445970424, 0.9268192755088797696, 0.9499933036506392758, 0.9743070173556438451, 1.000000000000000000 ),
 .UNSPECIFIED. ) ;
#6760 = FACE_OUTER_BOUND ( 'NONE', #6538, .T. ) ;
#6761 = CARTESIAN_POINT ( 'NONE',  ( 0.8664963905629339269, 0.9000000000000000222, 0.08374278087073167010 ) ) ;
#6762 = EDGE_CURVE ( 'NONE', #10305, #8518, #2113, .T. ) ;
#6763 = CARTESIAN_POINT ( 'NONE',  ( 0.5504763771734100253, 0.7000000000000002887, -0.2067788082763747648 ) ) ;
#6764 = CARTESIAN_POINT ( 'NONE',  ( 0.4063341242550415067, 0.9000000000000000222, 0.08777669742956523136 ) ) ;
#6765 = VERTEX_POINT ( 'NONE', #9055 ) ;
#6766 = PLANE ( 'NONE',  #2114 ) ;
#6767 = EDGE_CURVE ( 'NONE', #7668, #7515, #1949, .T. ) ;
#6768 = ORIENTED_EDGE ( 'NONE', *, *, #1213, .T. ) ;
#6769 = CARTESIAN_POINT ( 'NONE',  ( -0.6868458921911384518, 0.6999999999999999556, -0.1068678419653128070 ) ) ;
#6770 = CARTESIAN_POINT ( 'NONE',  ( 0.7944872477887541251, 0.6999999999999996225, -0.09712204233841074952 ) ) ;
#6771 = CARTESIAN_POINT ( 'NONE',  ( 0.6933727310646365938, 0.9000000000000004663, -0.01404739084849768171 ) ) ;
#6772 = DIRECTION ( 'NONE',  ( 0.0000000000000000000, 1.000000000000000000, 0.0000000000000000000 ) ) ;
#6773 = CARTESIAN_POINT ( 'NONE',  ( -0.7065609621612060076, 0.7000000000000000666, 0.04214135654130438807 ) ) ;
#6774 = DIRECTION ( 'NONE',  ( -1.000000000000000000, 0.0000000000000000000, -0.0000000000000000000 ) ) ;
#6775 =( NAMED_UNIT ( * ) PLANE_ANGLE_UNIT ( ) SI_UNIT ( $, .RADIAN. ) );
#6776 = CARTESIAN_POINT ( 'NONE',  ( 1.101911333951356431, 0.6999999999999998446, -0.1560625776180253887 ) ) ;
#6777 = ORIENTED_EDGE ( 'NONE', *, *, #4521, .T. ) ;
#6778 = ORIENTED_EDGE ( 'NONE', *, *, #10031, .T. ) ;
#6779 = EDGE_CURVE ( 'NONE', #4421, #9, #7796, .T. ) ;
#6780 = ORIENTED_EDGE ( 'NONE', *, *, #3600, .F. ) ;
#6781 = CARTESIAN_POINT ( 'NONE',  ( 0.7410240076062940551, 0.9000000000000003553, -0.1626029412461153512 ) ) ;
#6782 = SURFACE_STYLE_FILL_AREA ( #5169 ) ;
#6783 = CARTESIAN_POINT ( 'NONE',  ( -0.007898523770085786114, 0.9000000000000000222, 0.01769356154345909371 ) ) ;
#6784 = PLANE ( 'NONE',  #9370 ) ;
#6785 = CARTESIAN_POINT ( 'NONE',  ( 0.8790836879326082709, 0.7000000000000001776, -0.08198834608482927222 ) ) ;
#6786 = PRESENTATION_STYLE_ASSIGNMENT (( #3617 ) ) ;
#6787 = CARTESIAN_POINT ( 'NONE',  ( 0.1834682704774883433, 0.6999999999999997335, -0.1763192070266788036 ) ) ;
#6788 = ORIENTED_EDGE ( 'NONE', *, *, #9032, .F. ) ;
#6789 = FILL_AREA_STYLE_COLOUR ( '', #5778 ) ;
#6790 = FACE_OUTER_BOUND ( 'NONE', #7479, .T. ) ;
#6791 = AXIS2_PLACEMENT_3D ( 'NONE', #4732, #10310, #5896 ) ;
#6792 = CARTESIAN_POINT ( 'NONE',  ( -0.7339721874408826618, 0.6999999999999999556, -0.1839989472609520060 ) ) ;
#6793 = LINE ( 'NONE', #3473, #3193 ) ;
#6794 = CARTESIAN_POINT ( 'NONE',  ( 0.3163252637584519356, 0.8999999999999995781, 0.06833276793167442076 ) ) ;
#6795 = CARTESIAN_POINT ( 'NONE',  ( 0.1982406951294203856, 0.6999999999999998446, -0.1556026855024011668 ) ) ;
#6796 = CARTESIAN_POINT ( 'NONE',  ( 0.7944872477887541251, 0.8999999999999996891, -0.09712204233841074952 ) ) ;
#6797 = CARTESIAN_POINT ( 'NONE',  ( 0.6058014909441196139, 0.6999999999999999556, -0.2172870409041417206 ) ) ;
#6798 = EDGE_CURVE ( 'NONE', #8038, #6123, #544, .T. ) ;
#6799 = SURFACE_STYLE_FILL_AREA ( #3628 ) ;
#6800 = PLANE ( 'NONE',  #9174 ) ;
#6801 = VERTEX_POINT ( 'NONE', #2325 ) ;
#6802 = ORIENTED_EDGE ( 'NONE', *, *, #4489, .F. ) ;
#6803 = CARTESIAN_POINT ( 'NONE',  ( 0.5441120587608433423, 0.7000000000000001776, -0.07223184338299971918 ) ) ;
#6804 = ORIENTED_EDGE ( 'NONE', *, *, #2473, .T. ) ;
#6805 = SURFACE_STYLE_FILL_AREA ( #1072 ) ;
#6806 = VERTEX_POINT ( 'NONE', #1487 ) ;
#6807 = CARTESIAN_POINT ( 'NONE',  ( 0.7683156845839036464, 0.8999999999999996891, 0.02521840137787144734 ) ) ;
#6808 =( LENGTH_UNIT ( ) NAMED_UNIT ( * ) SI_UNIT ( .MILLI., .METRE. ) );
#6809 = CARTESIAN_POINT ( 'NONE',  ( -0.7866452025298015238, 0.8999999999999999112, -0.2016908055031140512 ) ) ;
#6810 = COLOUR_RGB ( '',1.000000000000000000, 0.9607843137254902244, 0.4549019607843137192 ) ;
#6811 = DIRECTION ( 'NONE',  ( 0.0000000000000000000, 0.0000000000000000000, 1.000000000000000000 ) ) ;
#6812 = CARTESIAN_POINT ( 'NONE',  ( 0.5147258745799309088, 0.7000000000000001776, -0.1545263873557253531 ) ) ;
#6813 = CARTESIAN_POINT ( 'NONE',  ( 0.2886886592396009643, 0.9000000000000003553, 0.02112300891631532437 ) ) ;
#6814 = CARTESIAN_POINT ( 'NONE',  ( -0.5061441378051735329, 0.6999999999999999556, 0.08611461417503804561 ) ) ;
#6815 = LINE ( 'NONE', #10024, #101 ) ;
#6816 = CARTESIAN_POINT ( 'NONE',  ( 0.5047419538172717157, 0.6999999999999999556, -0.01213239889768011164 ) ) ;
#6817 = COLOUR_RGB ( '',1.000000000000000000, 0.9607843137254902244, 0.4549019607843137192 ) ;
#6818 = ORIENTED_EDGE ( 'NONE', *, *, #7207, .T. ) ;
#6819 = CARTESIAN_POINT ( 'NONE',  ( 0.5405558301601336435, 0.9000000000000003553, -0.08116242306557371056 ) ) ;
#6820 = CARTESIAN_POINT ( 'NONE',  ( -0.9249999999999996003, -0.1000000000000000056, -4.011548038196366406E-16 ) ) ;
#6821 = CARTESIAN_POINT ( 'NONE',  ( 0.8448987251111784724, 0.6999999999999996225, -0.09493943077805887254 ) ) ;
#6822 = MECHANICAL_DESIGN_GEOMETRIC_PRESENTATION_REPRESENTATION (  '', ( #2025 ), #704 ) ;
#6823 = CARTESIAN_POINT ( 'NONE',  ( 0.6418862514853833634, 0.6999999999999996225, -0.07279017902696312270 ) ) ;
#6824 =( NAMED_UNIT ( * ) PLANE_ANGLE_UNIT ( ) SI_UNIT ( $, .RADIAN. ) );
#6825 = SURFACE_SIDE_STYLE ('',( #3652 ) ) ;
#6826 =( GEOMETRIC_REPRESENTATION_CONTEXT ( 3 ) GLOBAL_UNCERTAINTY_ASSIGNED_CONTEXT ( ( #3210 ) ) GLOBAL_UNIT_ASSIGNED_CONTEXT ( ( #8578, #1446, #2172 ) ) REPRESENTATION_CONTEXT ( 'NONE', 'WORKASPACE' ) );
#6827 = CARTESIAN_POINT ( 'NONE',  ( 0.6251263575580595644, 0.6999999999999999556, -0.09711692372561574194 ) ) ;
#6828 = CARTESIAN_POINT ( 'NONE',  ( 0.5196774264890352546, 0.6999999999999998446, 0.05879053918433069931 ) ) ;
#6829 = EDGE_CURVE ( 'NONE', #411, #5881, #3442, .T. ) ;
#6830 = CARTESIAN_POINT ( 'NONE',  ( 0.0000000000000000000, -0.1000000000000000056, -0.6700000000000000400 ) ) ;
#6831 = CARTESIAN_POINT ( 'NONE',  ( 1.107890949914124512, 0.8999999999999999112, -0.1226573156495233408 ) ) ;
#6832 = EDGE_LOOP ( 'NONE', ( #3131, #3520, #2754, #10190 ) ) ;
#6833 = MECHANICAL_DESIGN_GEOMETRIC_PRESENTATION_REPRESENTATION (  '', ( #3030 ), #7532 ) ;
#6834 = ORIENTED_EDGE ( 'NONE', *, *, #5730, .F. ) ;
#6835 = VERTEX_POINT ( 'NONE', #5458 ) ;
#6836 = PLANE ( 'NONE',  #9824 ) ;
#6837 = CARTESIAN_POINT ( 'NONE',  ( 0.8051240256358964675, 0.9000000000000000222, -0.2163921072683879787 ) ) ;
#6838 = VECTOR ( 'NONE', #9732, 1000.000000000000000 ) ;
#6839 = DIRECTION ( 'NONE',  ( 0.0000000000000000000, 0.0000000000000000000, 1.000000000000000000 ) ) ;
#6840 = CARTESIAN_POINT ( 'NONE',  ( 1.399999999999999689, -0.1000000000000000056, 0.8750000000000001110 ) ) ;
#6841 = CARTESIAN_POINT ( 'NONE',  ( 1.123776642647587920, 0.9000000000000000222, -0.1894188947965035619 ) ) ;
#6842 = CARTESIAN_POINT ( 'NONE',  ( 0.7410240076062940551, 0.9000000000000002442, -0.1626029412461153512 ) ) ;
#6843 = CARTESIAN_POINT ( 'NONE',  ( 0.8908914565343798442, 0.6999999999999999556, -0.1928287795181234388 ) ) ;
#6844 = STYLED_ITEM ( 'NONE', ( #9793 ), #20 ) ;
#6845 = SURFACE_STYLE_FILL_AREA ( #6737 ) ;
#6846 = EDGE_CURVE ( 'NONE', #7580, #8635, #5912, .T. ) ;
#6847 =( NAMED_UNIT ( * ) PLANE_ANGLE_UNIT ( ) SI_UNIT ( $, .RADIAN. ) );
#6848 = CARTESIAN_POINT ( 'NONE',  ( 0.8474985942040176301, 0.9000000000000000222, 0.08823581943322279797 ) ) ;
#6849 =( GEOMETRIC_REPRESENTATION_CONTEXT ( 3 ) GLOBAL_UNCERTAINTY_ASSIGNED_CONTEXT ( ( #9317 ) ) GLOBAL_UNIT_ASSIGNED_CONTEXT ( ( #5914, #2049, #4371 ) ) REPRESENTATION_CONTEXT ( 'NONE', 'WORKASPACE' ) );
#6850 = CARTESIAN_POINT ( 'NONE',  ( 0.1851616164981699508, 0.7000000000000000666, -0.09131191583142246604 ) ) ;
#6851 = VERTEX_POINT ( 'NONE', #1690 ) ;
#6852 = CARTESIAN_POINT ( 'NONE',  ( -0.7910746132380099827, 0.9000000000000002442, 0.006181411362502467650 ) ) ;
#6853 = VECTOR ( 'NONE', #2279, 1000.000000000000000 ) ;
#6854 = VECTOR ( 'NONE', #10254, 1000.000000000000000 ) ;
#6855 = CARTESIAN_POINT ( 'NONE',  ( 0.7692335350359735813, 0.6999999999999998446, -0.02267508584253368278 ) ) ;
#6856 =( LENGTH_UNIT ( ) NAMED_UNIT ( * ) SI_UNIT ( .MILLI., .METRE. ) );
#6857 = CARTESIAN_POINT ( 'NONE',  ( 0.5043821779843000730, 0.9000000000000000222, -0.001604684070575989382 ) ) ;
#6858 = CARTESIAN_POINT ( 'NONE',  ( 0.4345160892268601915, 0.7000000000000001776, 0.07772374261236110471 ) ) ;
#6859 = CARTESIAN_POINT ( 'NONE',  ( 0.1965917646614885328, 0.6999999999999998446, -0.1164635169614938320 ) ) ;
#6860 = CARTESIAN_POINT ( 'NONE',  ( 0.8156915270824329767, 0.8999999999999999112, -0.09125568563725121318 ) ) ;
#6861 = CARTESIAN_POINT ( 'NONE',  ( 0.6824505011127051102, 0.7000000000000000666, -0.1241746162478761378 ) ) ;
#6862 = ORIENTED_EDGE ( 'NONE', *, *, #1307, .F. ) ;
#6863 = LINE ( 'NONE', #8558, #320 ) ;
#6864 = ORIENTED_EDGE ( 'NONE', *, *, #5150, .T. ) ;
#6865 = DIRECTION ( 'NONE',  ( -1.000000000000000000, 0.0000000000000000000, -0.0000000000000000000 ) ) ;
#6866 = EDGE_LOOP ( 'NONE', ( #1781, #3683, #6181, #4103 ) ) ;
#6867 = COLOUR_RGB ( '',1.000000000000000000, 0.9607843137254902244, 0.4549019607843137192 ) ;
#6868 = CARTESIAN_POINT ( 'NONE',  ( 0.8115446596219272335, 0.6999999999999998446, 0.05542553893573529122 ) ) ;
#6869 = SURFACE_SIDE_STYLE ('',( #2050 ) ) ;
#6870 = UNCERTAINTY_MEASURE_WITH_UNIT (LENGTH_MEASURE( 1.000000000000000082E-05 ), #6304, 'distance_accuracy_value', 'NONE');
#6871 = CARTESIAN_POINT ( 'NONE',  ( 1.058815242178130722, 0.9000000000000000222, -0.03149824362605486289 ) ) ;
#6872 = SURFACE_SIDE_STYLE ('',( #3640 ) ) ;
#6873 = CARTESIAN_POINT ( 'NONE',  ( -0.6888779482918809816, 0.8999999999999994671, 0.001177562054787027615 ) ) ;
#6874 = CARTESIAN_POINT ( 'NONE',  ( 0.6216233593469234764, 0.9000000000000003553, -0.2155448196487805834 ) ) ;
#6875 =( NAMED_UNIT ( * ) SI_UNIT ( $, .STERADIAN. ) SOLID_ANGLE_UNIT ( ) );
#6876 = SURFACE_STYLE_USAGE ( .BOTH. , #1485 ) ;
#6877 = AXIS2_PLACEMENT_3D ( 'NONE', #4756, #9661, #7972 ) ;
#6878 = CARTESIAN_POINT ( 'NONE',  ( -0.7768488148940499993, 0.9000000000000002442, 0.08119771775508961842 ) ) ;
#6879 = CARTESIAN_POINT ( 'NONE',  ( 0.7817888194862648854, 0.9000000000000000222, -0.03972691110536059889 ) ) ;
#6880 = EDGE_CURVE ( 'NONE', #8609, #10304, #4167, .T. ) ;
#6881 = ORIENTED_EDGE ( 'NONE', *, *, #2507, .T. ) ;
#6882 =( NAMED_UNIT ( * ) PLANE_ANGLE_UNIT ( ) SI_UNIT ( $, .RADIAN. ) );
#6883 = DIRECTION ( 'NONE',  ( -0.0000000000000000000, 1.000000000000000000, -0.0000000000000000000 ) ) ;
#6884 = DIRECTION ( 'NONE',  ( -0.0000000000000000000, 0.0000000000000000000, -1.000000000000000000 ) ) ;
#6885 =( GEOMETRIC_REPRESENTATION_CONTEXT ( 3 ) GLOBAL_UNCERTAINTY_ASSIGNED_CONTEXT ( ( #10312 ) ) GLOBAL_UNIT_ASSIGNED_CONTEXT ( ( #4831, #3079, #8094 ) ) REPRESENTATION_CONTEXT ( 'NONE', 'WORKASPACE' ) );
#6886 = CARTESIAN_POINT ( 'NONE',  ( -0.007898523770085786114, 0.6999999999999999556, -0.01213099986004967552 ) ) ;
#6887 = DIRECTION ( 'NONE',  ( -0.0000000000000000000, 1.000000000000000000, -0.0000000000000000000 ) ) ;
#6888 = LINE ( 'NONE', #2936, #364 ) ;
#6889 = PRESENTATION_STYLE_ASSIGNMENT (( #7697 ) ) ;
#6890 = CARTESIAN_POINT ( 'NONE',  ( -0.9903546641209628465, 0.9000000000000000222, 0.08611461417503804561 ) ) ;
#6891 = CARTESIAN_POINT ( 'NONE',  ( 1.105833814659736181, 0.8999999999999996891, -0.1445450044893082930 ) ) ;
#6892 = ORIENTED_EDGE ( 'NONE', *, *, #9480, .F. ) ;
#6893 = MECHANICAL_DESIGN_GEOMETRIC_PRESENTATION_REPRESENTATION (  '', ( #2745 ), #4734 ) ;
#6894 = ORIENTED_EDGE ( 'NONE', *, *, #7449, .T. ) ;
#6895 = VERTEX_POINT ( 'NONE', #6392 ) ;
#6896 = LINE ( 'NONE', #2076, #2183 ) ;
#6897 = ADVANCED_FACE ( 'NONE', ( #4744 ), #4120, .T. ) ;
#6898 = CARTESIAN_POINT ( 'NONE',  ( -0.7144127778345452651, 0.8999999999999999112, -0.1793782803310899621 ) ) ;
#6899 = SURFACE_STYLE_FILL_AREA ( #3772 ) ;
#6900 = CARTESIAN_POINT ( 'NONE',  ( 0.5403146016360218518, 0.9000000000000000222, -0.003359070035488265563 ) ) ;
#6901 = CARTESIAN_POINT ( 'NONE',  ( 0.6432319930353324056, 0.6999999999999998446, 0.04075349424776250618 ) ) ;
#6902 = LINE ( 'NONE', #5317, #8874 ) ;
#6903 = DIRECTION ( 'NONE',  ( -0.5783038305812681079, 0.0000000000000000000, 0.8158214752842879447 ) ) ;
#6904 = CARTESIAN_POINT ( 'NONE',  ( 0.1907411563142525912, 0.6999999999999999556, -0.2139484641712921797 ) ) ;
#6905 = DIRECTION ( 'NONE',  ( 1.000000000000000000, 0.0000000000000000000, 0.0000000000000000000 ) ) ;
#6906 = CARTESIAN_POINT ( 'NONE',  ( 0.8930575009811880793, 0.8999999999999996891, 0.06688635824830384269 ) ) ;
#6907 = EDGE_CURVE ( 'NONE', #10308, #4313, #8002, .T. ) ;
#6908 = CARTESIAN_POINT ( 'NONE',  ( 0.1897825602062575279, 0.7000000000000001776, -0.1703537282356107074 ) ) ;
#6909 = ORIENTED_EDGE ( 'NONE', *, *, #2710, .T. ) ;
#6910 = CARTESIAN_POINT ( 'NONE',  ( -0.7765741021084132667, 0.9000000000000002442, 0.03680336306115151307 ) ) ;
#6911 = MECHANICAL_DESIGN_GEOMETRIC_PRESENTATION_REPRESENTATION (  '', ( #7931 ), #4080 ) ;
#6912 = EDGE_CURVE ( 'NONE', #4827, #8038, #8728, .T. ) ;
#6913 = CARTESIAN_POINT ( 'NONE',  ( 0.7652641906819904749, 0.6999999999999998446, -0.008451402390986939225 ) ) ;
#6914 = CARTESIAN_POINT ( 'NONE',  ( 0.0000000000000000000, -0.1000000000000000056, 0.8749999999999996669 ) ) ;
#6915 = CARTESIAN_POINT ( 'NONE',  ( 0.2249260878699179400, 0.9000000000000001332, -0.09223302764297915124 ) ) ;
#6916 = CARTESIAN_POINT ( 'NONE',  ( 0.4214098030359668678, 0.8999999999999999112, 0.08384671102415808264 ) ) ;
#6917 = CARTESIAN_POINT ( 'NONE',  ( 0.1240053165567367166, 0.6999999999999998446, -0.1773234790724849408 ) ) ;
#6918 = CARTESIAN_POINT ( 'NONE',  ( 0.8496877610668313041, 0.9000000000000001332, -0.09711692372561581132 ) ) ;
#6919 = CARTESIAN_POINT ( 'NONE',  ( 0.6838014780540556670, 0.6999999999999999556, -0.1308698035821563854 ) ) ;
#6920 = CARTESIAN_POINT ( 'NONE',  ( -0.4605301027174542594, 0.6999999999999999556, -0.1279204735442601715 ) ) ;
#6921 = LINE ( 'NONE', #2152, #9666 ) ;
#6922 = ORIENTED_EDGE ( 'NONE', *, *, #962, .F. ) ;
#6923 = VERTEX_POINT ( 'NONE', #1015 ) ;
#6924 =( LENGTH_UNIT ( ) NAMED_UNIT ( * ) SI_UNIT ( .MILLI., .METRE. ) );
#6925 = ORIENTED_EDGE ( 'NONE', *, *, #9784, .T. ) ;
#6926 = CARTESIAN_POINT ( 'NONE',  ( 0.4276310135655184141, 0.7000000000000000666, -0.06131941956544862543 ) ) ;
#6927 =( GEOMETRIC_REPRESENTATION_CONTEXT ( 3 ) GLOBAL_UNCERTAINTY_ASSIGNED_CONTEXT ( ( #7520 ) ) GLOBAL_UNIT_ASSIGNED_CONTEXT ( ( #6945, #5750, #1114 ) ) REPRESENTATION_CONTEXT ( 'NONE', 'WORKASPACE' ) );
#6928 = CARTESIAN_POINT ( 'NONE',  ( 0.8818903320382446287, 0.9000000000000000222, 0.01137137752731548664 ) ) ;
#6929 = PLANE ( 'NONE',  #9231 ) ;
#6930 = CARTESIAN_POINT ( 'NONE',  ( 1.148039551635142486, 0.6999999999999997335, -0.1125532004072401088 ) ) ;
#6931 = CARTESIAN_POINT ( 'NONE',  ( 0.7289847299233008782, 0.6999999999999998446, 0.001819326693621051887 ) ) ;
#6932 = CARTESIAN_POINT ( 'NONE',  ( -0.6868973366343904541, 0.9000000000000002442, -0.02898068631180208965 ) ) ;
#6933 = CARTESIAN_POINT ( 'NONE',  ( 0.6437139701323657537, 0.9000000000000000222, -0.2084846267975644096 ) ) ;
#6934 = CARTESIAN_POINT ( 'NONE',  ( 0.6491682060335389748, 0.7000000000000000666, -0.1408872306333315283 ) ) ;
#6935 = SURFACE_STYLE_FILL_AREA ( #1433 ) ;
#6936 = CARTESIAN_POINT ( 'NONE',  ( 0.08317210749411779735, 0.9000000000000000222, 0.03511975907407878517 ) ) ;
#6937 = CARTESIAN_POINT ( 'NONE',  ( 0.8989529646802616458, 0.6999999999999998446, -0.05508091743133417678 ) ) ;
#6938 = ORIENTED_EDGE ( 'NONE', *, *, #3858, .T. ) ;
#6939 = CARTESIAN_POINT ( 'NONE',  ( -0.5763195764016647571, 0.6999999999999999556, -0.1279204735442601715 ) ) ;
#6940 = STYLED_ITEM ( 'NONE', ( #1127 ), #6233 ) ;
#6941 = CARTESIAN_POINT ( 'NONE',  ( -0.8394027172676554738, 0.6999999999999999556, -0.04816849070027868357 ) ) ;
#6942 = DIRECTION ( 'NONE',  ( 0.9815701537842161928, 0.0000000000000000000, 0.1911021538340951786 ) ) ;
#6943 = CARTESIAN_POINT ( 'NONE',  ( 0.06442304981394826602, 0.9000000000000003553, -0.1588522662684429820 ) ) ;
#6944 = CARTESIAN_POINT ( 'NONE',  ( 1.270879639914568315, -0.1000000000000000056, 0.9760643809100244539 ) ) ;
#6945 =( LENGTH_UNIT ( ) NAMED_UNIT ( * ) SI_UNIT ( .MILLI., .METRE. ) );
#6946 = EDGE_CURVE ( 'NONE', #5542, #3949, #8878, .T. ) ;
#6947 = CARTESIAN_POINT ( 'NONE',  ( 1.055259370966756149, 0.6999999999999999556, -0.03142924547408474517 ) ) ;
#6948 = FACE_OUTER_BOUND ( 'NONE', #5496, .T. ) ;
#6949 = EDGE_LOOP ( 'NONE', ( #571, #6353, #9541, #989 ) ) ;
#6950 = ORIENTED_EDGE ( 'NONE', *, *, #1122, .T. ) ;
#6951 = ORIENTED_EDGE ( 'NONE', *, *, #4947, .T. ) ;
#6952 = DIRECTION ( 'NONE',  ( 0.0000000000000000000, 1.000000000000000000, 0.0000000000000000000 ) ) ;
#6953 = FACE_OUTER_BOUND ( 'NONE', #4731, .T. ) ;
#6954 = SURFACE_SIDE_STYLE ('',( #6899 ) ) ;
#6955 = LINE ( 'NONE', #8640, #4168 ) ;
#6956 = CARTESIAN_POINT ( 'NONE',  ( 0.5520628615816102203, 0.7000000000000000666, 0.04074234594443134488 ) ) ;
#6957 = CARTESIAN_POINT ( 'NONE',  ( 1.144966921568653095, 0.9000000000000003553, -0.1517010106398129776 ) ) ;
#6958 = CARTESIAN_POINT ( 'NONE',  ( 0.8718706799226584314, 0.8999999999999996891, -0.07749480513128052805 ) ) ;
#6959 = CARTESIAN_POINT ( 'NONE',  ( 0.1689755209055162910, 0.7000000000000000666, -0.2193756851533144314 ) ) ;
#6960 = CARTESIAN_POINT ( 'NONE',  ( 0.8825710567690119301, 0.6999999999999998446, 0.006483180057497016542 ) ) ;
#6961 = CARTESIAN_POINT ( 'NONE',  ( 0.9023462238034382077, 0.9000000000000000222, 0.05490956346547812977 ) ) ;
#6962 = CARTESIAN_POINT ( 'NONE',  ( 0.1009399011842584404, 0.6999999999999998446, 0.01775777397853152417 ) ) ;
#6963 = VERTEX_POINT ( 'NONE', #9701 ) ;
#6964 = CARTESIAN_POINT ( 'NONE',  ( -0.7669820523598196438, 0.6999999999999998446, 0.04638972661842321460 ) ) ;
#6965 = VECTOR ( 'NONE', #3483, 1000.000000000000000 ) ;
#6966 = CARTESIAN_POINT ( 'NONE',  ( -0.04123185710341913113, 0.9000000000000000222, 0.01769356154345909371 ) ) ;
#6967 = CARTESIAN_POINT ( 'NONE',  ( -0.6783237804274923066, 0.6999999999999998446, -0.1952697981987520925 ) ) ;
#6968 = CARTESIAN_POINT ( 'NONE',  ( 0.2317210592621934406, 0.7000000000000001776, -0.1084962546817011680 ) ) ;
#6969 = CARTESIAN_POINT ( 'NONE',  ( 0.9628790087141680942, -0.1000000000000000056, 0.0000000000000000000 ) ) ;
#6970 = CARTESIAN_POINT ( 'NONE',  ( 0.6486849798194735950, 0.9000000000000001332, -0.1339347267550654030 ) ) ;
#6971 = CARTESIAN_POINT ( 'NONE',  ( 0.6665042742482101268, 0.6999999999999998446, -0.09222156738872502868 ) ) ;
#6972 = EDGE_LOOP ( 'NONE', ( #2511, #505, #7301, #10203 ) ) ;
#6973 = EDGE_CURVE ( 'NONE', #7417, #7551, #2574, .T. ) ;
#6974 = ORIENTED_EDGE ( 'NONE', *, *, #3670, .T. ) ;
#6975 = VECTOR ( 'NONE', #1040, 1000.000000000000000 ) ;
#6976 = SURFACE_STYLE_FILL_AREA ( #9294 ) ;
#6977 = EDGE_LOOP ( 'NONE', ( #1080, #2042, #2561, #2015 ) ) ;
#6978 = ORIENTED_EDGE ( 'NONE', *, *, #5859, .F. ) ;
#6979 =( NAMED_UNIT ( * ) SI_UNIT ( $, .STERADIAN. ) SOLID_ANGLE_UNIT ( ) );
#6980 = CARTESIAN_POINT ( 'NONE',  ( 0.6426287107000455689, 0.8999999999999996891, -0.1675965103596913086 ) ) ;
#6981 = CARTESIAN_POINT ( 'NONE',  ( -0.8393954591227242856, 0.8999999999999999112, -0.06088795598491222177 ) ) ;
#6982 = CARTESIAN_POINT ( 'NONE',  ( 1.146817213773536626, 0.9000000000000000222, -0.1028212687259633801 ) ) ;
#6983 = VECTOR ( 'NONE', #4717, 1000.000000000000000 ) ;
#6984 = EDGE_CURVE ( 'NONE', #5832, #7927, #3182, .T. ) ;
#6985 = CARTESIAN_POINT ( 'NONE',  ( 0.6752566995230693259, 0.6999999999999999556, -0.1040516228456582065 ) ) ;
#6986 = CARTESIAN_POINT ( 'NONE',  ( 0.6491624797894113286, 0.6999999999999998446, -0.1445432502515862361 ) ) ;
#6987 = CARTESIAN_POINT ( 'NONE',  ( 0.8690993580062933432, 0.6999999999999998446, -0.03594058408081091810 ) ) ;
#6988 = CARTESIAN_POINT ( 'NONE',  ( 0.1299046474553570696, 0.6999999999999999556, -0.01512138450780956510 ) ) ;
#6989 = CARTESIAN_POINT ( 'NONE',  ( 0.8184440763860424406, 0.9000000000000003553, -0.05451370953157304994 ) ) ;
#6990 = PRESENTATION_LAYER_ASSIGNMENT (  '', '', ( #1348 ) ) ;
#6991 = DIRECTION ( 'NONE',  ( 0.0000000000000000000, 0.0000000000000000000, 1.000000000000000000 ) ) ;
#6992 = CARTESIAN_POINT ( 'NONE',  ( 0.8539998913623066956, 0.7000000000000001776, -0.09989736374326872725 ) ) ;
#6993 =( LENGTH_UNIT ( ) NAMED_UNIT ( * ) SI_UNIT ( .MILLI., .METRE. ) );
#6994 = CARTESIAN_POINT ( 'NONE',  ( -0.6250000000000000000, -0.1000000000000000056, 0.0000000000000000000 ) ) ;
#6995 = CARTESIAN_POINT ( 'NONE',  ( -0.6876971662648387884, 0.7000000000000001776, -0.009333320888674362381 ) ) ;
#6996 = LINE ( 'NONE', #2175, #7099 ) ;
#6997 = LINE ( 'NONE', #10188, #5806 ) ;
#6998 = VECTOR ( 'NONE', #3180, 1000.000000000000000 ) ;
#6999 = ORIENTED_EDGE ( 'NONE', *, *, #4239, .F. ) ;
#7000 = VERTEX_POINT ( 'NONE', #1117 ) ;
#7001 = VERTEX_POINT ( 'NONE', #7416 ) ;
#7002 = EDGE_CURVE ( 'NONE', #653, #7428, #3535, .T. ) ;
#7003 = PLANE ( 'NONE',  #3932 ) ;
#7004 = AXIS2_PLACEMENT_3D ( 'NONE', #2505, #7286, #8857 ) ;
#7005 = CARTESIAN_POINT ( 'NONE',  ( -0.3750000000000000000, -0.1000000000000000056, -0.6699999999999965983 ) ) ;
#7006 = CARTESIAN_POINT ( 'NONE',  ( 0.5713310578054900946, 0.6999999999999999556, 0.05249592656743325841 ) ) ;
#7007 = CARTESIAN_POINT ( 'NONE',  ( 0.7314406971190807738, 0.9000000000000000222, -0.02255059083800073361 ) ) ;
#7008 = CARTESIAN_POINT ( 'NONE',  ( 0.8461847628556948830, 0.8999999999999998002, -0.2155448196487803614 ) ) ;
#7009 =( NAMED_UNIT ( * ) PLANE_ANGLE_UNIT ( ) SI_UNIT ( $, .RADIAN. ) );
#7010 = DIRECTION ( 'NONE',  ( -0.0000000000000000000, 0.0000000000000000000, 1.000000000000000000 ) ) ;
#7011 = LINE ( 'NONE', #7118, #8935 ) ;
#7012 = PRESENTATION_STYLE_ASSIGNMENT (( #5532 ) ) ;
#7013 = VECTOR ( 'NONE', #8215, 1000.000000000000000 ) ;
#7014 = CARTESIAN_POINT ( 'NONE',  ( -0.3750000000000000000, -0.1000000000000000056, 0.6699999999999965983 ) ) ;
#7015 = AXIS2_PLACEMENT_3D ( 'NONE', #4261, #8927, #954 ) ;
#7016 = ORIENTED_EDGE ( 'NONE', *, *, #2816, .F. ) ;
#7017 = CARTESIAN_POINT ( 'NONE',  ( -0.7617434753162600769, 0.9000000000000001332, 0.05002613301229404813 ) ) ;
#7018 = EDGE_CURVE ( 'NONE', #2862, #653, #5911, .T. ) ;
#7019 = DIRECTION ( 'NONE',  ( -0.0000000000000000000, 1.000000000000000000, -0.0000000000000000000 ) ) ;
#7020 = MECHANICAL_DESIGN_GEOMETRIC_PRESENTATION_REPRESENTATION (  '', ( #1051 ), #1870 ) ;
#7021 = CARTESIAN_POINT ( 'NONE',  ( 0.2376522604876075417, 0.6999999999999997335, -0.1433314984228195588 ) ) ;
#7022 = CARTESIAN_POINT ( 'NONE',  ( 0.2886886592396009643, 0.7000000000000002887, 0.02112300891631532437 ) ) ;
#7023 = DIRECTION ( 'NONE',  ( -0.0000000000000000000, 1.000000000000000000, -0.0000000000000000000 ) ) ;
#7024 = CARTESIAN_POINT ( 'NONE',  ( -0.6868458921911384518, 0.9000000000000000222, -0.03318363143899703133 ) ) ;
#7025 = FACE_OUTER_BOUND ( 'NONE', #6977, .T. ) ;
#7026 = ORIENTED_EDGE ( 'NONE', *, *, #4773, .T. ) ;
#7027 = AXIS2_PLACEMENT_3D ( 'NONE', #4690, #906, #8777 ) ;
#7028 = ORIENTED_EDGE ( 'NONE', *, *, #2878, .F. ) ;
#7029 =( GEOMETRIC_REPRESENTATION_CONTEXT ( 3 ) GLOBAL_UNCERTAINTY_ASSIGNED_CONTEXT ( ( #8881 ) ) GLOBAL_UNIT_ASSIGNED_CONTEXT ( ( #6433, #5079, #6632 ) ) REPRESENTATION_CONTEXT ( 'NONE', 'WORKASPACE' ) );
#7030 =( NAMED_UNIT ( * ) PLANE_ANGLE_UNIT ( ) SI_UNIT ( $, .RADIAN. ) );
#7031 = ORIENTED_EDGE ( 'NONE', *, *, #3764, .F. ) ;
#7032 = ORIENTED_EDGE ( 'NONE', *, *, #10013, .F. ) ;
#7033 = EDGE_CURVE ( 'NONE', #6801, #1631, #2718, .T. ) ;
#7034 = EDGE_CURVE ( 'NONE', #5064, #7797, #5138, .T. ) ;
#7035 = CARTESIAN_POINT ( 'NONE',  ( 0.6426287107000455689, 0.6999999999999997335, -0.1675965103596913086 ) ) ;
#7036 = CARTESIAN_POINT ( 'NONE',  ( -1.399999999999999689, -0.1000000000000000056, 0.1250000000000000555 ) ) ;
#7037 = CARTESIAN_POINT ( 'NONE',  ( -0.9500037869279804870, 0.6999999999999999556, -0.2138853858249619433 ) ) ;
#7038 = CARTESIAN_POINT ( 'NONE',  ( 0.7718624257998166760, 0.8999999999999999112, 0.08032380882156076041 ) ) ;
#7039 = CARTESIAN_POINT ( 'NONE',  ( 0.4210606133704629661, 0.7000000000000003997, -0.06662467284415737878 ) ) ;
#7040 = CARTESIAN_POINT ( 'NONE',  ( 0.6778707484327820554, 0.6999999999999996225, -0.1764029346301911605 ) ) ;
#7041 = SURFACE_STYLE_FILL_AREA ( #6133 ) ;
#7042 = PRESENTATION_STYLE_ASSIGNMENT (( #6876 ) ) ;
#7043 = CARTESIAN_POINT ( 'NONE',  ( 0.07097237785611314187, 0.8999999999999995781, 0.05224179361785564329 ) ) ;
#7044 = CARTESIAN_POINT ( 'NONE',  ( 0.8757127718010434547, 0.9000000000000000222, -0.02819983222729270655 ) ) ;
#7045 = B_SPLINE_SURFACE_WITH_KNOTS ( 'NONE', 3, 1, ( 
 ( #7589, #10134 ),
 ( #5986, #9211 ),
 ( #7699, #2176 ),
 ( #2012, #3609 ),
 ( #6043, #6891 ),
 ( #9366, #9264 ),
 ( #6776, #9981 ),
 ( #2836, #5307 ),
 ( #6093, #5264 ),
 ( #8477, #8424 ),
 ( #9312, #557 ),
 ( #3708, #1394 ),
 ( #7754, #609 ),
 ( #2990, #1193 ),
 ( #4339, #7538 ),
 ( #3558, #393 ),
 ( #6726, #9929 ),
 ( #2784, #8634 ),
 ( #4652, #771 ) ),
 .UNSPECIFIED., .F., .F., .F.,
 ( 4, 1, 1, 1, 1, 1, 1, 1, 1, 1, 1, 1, 1, 1, 1, 1, 4 ),
 ( 2, 2 ),
 ( 0.0000000000000000000, 0.08020198071471169865, 0.1541926428583952902, 0.2224506758508645876, 0.2855617496297179203, 0.3440156478967577591, 0.3983382243803275102, 0.4503522145598930493, 0.5006348921861147883, 0.5517884752738344556, 0.6051526559950117790, 0.6607006352307768227, 0.7206892810595120213, 0.7839583050024641064, 0.8511470700523747768, 0.9230740667497447927, 0.9999999999999998890 ),
 ( 0.0000000000000000000, 1.000000000000000000 ),
 .UNSPECIFIED. ) ;
#7046 = VERTEX_POINT ( 'NONE', #6701 ) ;
#7047 = EDGE_CURVE ( 'NONE', #5449, #5389, #4988, .T. ) ;
#7048 = DIRECTION ( 'NONE',  ( 0.0000000000000000000, -0.0000000000000000000, -1.000000000000000000 ) ) ;
#7049 = CARTESIAN_POINT ( 'NONE',  ( -4.279745417705940015E-17, 0.0000000000000000000, -0.3750000000000000555 ) ) ;
#7050 = CARTESIAN_POINT ( 'NONE',  ( 0.08233486534975680005, 0.9000000000000000222, -0.1883299708531264438 ) ) ;
#7051 = PRESENTATION_LAYER_ASSIGNMENT (  '', '', ( #4043 ) ) ;
#7052 = CARTESIAN_POINT ( 'NONE',  ( -0.7973722079806121465, 0.7000000000000000666, -0.05774503494776896811 ) ) ;
#7053 = SURFACE_STYLE_FILL_AREA ( #10283 ) ;
#7054 = LINE ( 'NONE', #2286, #9357 ) ;
#7055 = ORIENTED_EDGE ( 'NONE', *, *, #8491, .F. ) ;
#7056 = VERTEX_POINT ( 'NONE', #374 ) ;
#7057 = CARTESIAN_POINT ( 'NONE',  ( -0.5219336114893839973, 0.9000000000000000222, -0.01563977178987422875 ) ) ;
#7058 = SURFACE_STYLE_FILL_AREA ( #8639 ) ;
#7059 = CARTESIAN_POINT ( 'NONE',  ( -0.7502925000023584756, 0.9000000000000002442, 0.05487466274688537066 ) ) ;
#7060 = CARTESIAN_POINT ( 'NONE',  ( 0.5780907503181398344, 0.6999999999999999556, 0.05420695099237279879 ) ) ;
#7061 = CARTESIAN_POINT ( 'NONE',  ( 0.1104977698891609628, 0.9000000000000002442, -0.2105161205335167318 ) ) ;
#7062 = CARTESIAN_POINT ( 'NONE',  ( 0.9093914603127137841, 0.8999999999999999112, -0.1496795249161752828 ) ) ;
#7063 = DIRECTION ( 'NONE',  ( -1.000000000000000000, 0.0000000000000000000, -0.0000000000000000000 ) ) ;
#7064 = CARTESIAN_POINT ( 'NONE',  ( 0.7330947111427704721, 0.8999999999999998002, 0.03608327600374142824 ) ) ;
#7065 = CARTESIAN_POINT ( 'NONE',  ( 0.6251263575580595644, 0.6999999999999999556, -0.09711692372561574194 ) ) ;
#7066 = CARTESIAN_POINT ( 'NONE',  ( -0.7669820523598196438, 0.9000000000000000222, 0.04638972661842321460 ) ) ;
#7067 = VECTOR ( 'NONE', #1264, 1000.000000000000000 ) ;
#7068 = CARTESIAN_POINT ( 'NONE',  ( 0.4038813033863780100, 0.8999999999999999112, -0.07466397334766607108 ) ) ;
#7069 = UNCERTAINTY_MEASURE_WITH_UNIT (LENGTH_MEASURE( 1.000000000000000082E-05 ), #527, 'distance_accuracy_value', 'NONE');
#7070 = CARTESIAN_POINT ( 'NONE',  ( 0.2027292189688763568, 0.7000000000000000666, -0.05538060964501925060 ) ) ;
#7071 = CARTESIAN_POINT ( 'NONE',  ( 0.0000000000000000000, -0.1000000000000000056, 1.149999999999999911 ) ) ;
#7072 = CARTESIAN_POINT ( 'NONE',  ( -0.7034164315381292720, 0.8999999999999996891, 0.08278553142574253398 ) ) ;
#7073 = CARTESIAN_POINT ( 'NONE',  ( 0.3750000000000000000, 0.0000000000000000000, -0.6700000000000000400 ) ) ;
#7074 = CARTESIAN_POINT ( 'NONE',  ( 0.9249999999999998224, 0.0000000000000000000, -0.8750000000000001110 ) ) ;
#7075 = LINE ( 'NONE', #7182, #2676 ) ;
#7076 = ADVANCED_FACE ( 'NONE', ( #8202 ), #4214, .T. ) ;
#7077 = ORIENTED_EDGE ( 'NONE', *, *, #8172, .T. ) ;
#7078 = EDGE_CURVE ( 'NONE', #10304, #2787, #7567, .T. ) ;
#7079 =( GEOMETRIC_REPRESENTATION_CONTEXT ( 3 ) GLOBAL_UNCERTAINTY_ASSIGNED_CONTEXT ( ( #4384 ) ) GLOBAL_UNIT_ASSIGNED_CONTEXT ( ( #5224, #6847, #2900 ) ) REPRESENTATION_CONTEXT ( 'NONE', 'WORKASPACE' ) );
#7080 = LINE ( 'NONE', #7988, #2027 ) ;
#7081 = CARTESIAN_POINT ( 'NONE',  ( -0.7718940053216010178, 0.7000000000000000666, -0.1677542189441442455 ) ) ;
#7082 = ORIENTED_EDGE ( 'NONE', *, *, #886, .T. ) ;
#7083 = CARTESIAN_POINT ( 'NONE',  ( -0.5605301027174541817, 0.9000000000000000222, -0.2138853858249619433 ) ) ;
#7084 = ORIENTED_EDGE ( 'NONE', *, *, #4947, .F. ) ;
#7085 = CARTESIAN_POINT ( 'NONE',  ( 0.2946070652426597825, 0.6999999999999999556, -0.06143108319164181097 ) ) ;
#7086 = CARTESIAN_POINT ( 'NONE',  ( 0.8824698094177662044, 0.9000000000000000222, 0.007297907900952817738 ) ) ;
#7087 = DIRECTION ( 'NONE',  ( 0.0000000000000000000, 1.000000000000000000, 0.0000000000000000000 ) ) ;
#7088 = COLOUR_RGB ( '',1.000000000000000000, 0.9607843137254902244, 0.4549019607843137192 ) ;
#7089 = UNCERTAINTY_MEASURE_WITH_UNIT (LENGTH_MEASURE( 1.000000000000000082E-05 ), #3890, 'distance_accuracy_value', 'NONE');
#7090 = CARTESIAN_POINT ( 'NONE',  ( -0.7973722079806121465, 0.7000000000000000666, -0.05774503494776896811 ) ) ;
#7091 = B_SPLINE_SURFACE_WITH_KNOTS ( 'NONE', 3, 1, ( 
 ( #8653, #6166 ),
 ( #27, #9385 ),
 ( #9434, #2308 ),
 ( #3209, #6366 ),
 ( #1521, #7880 ),
 ( #3892, #8800 ),
 ( #4815, #7068 ),
 ( #9481, #8704 ),
 ( #4721, #8027 ),
 ( #2250, #1468 ),
 ( #4622, #7826 ),
 ( #7334, #5678 ),
 ( #5840, #2498 ),
 ( #1865, #8079 ),
 ( #7278, #4094 ),
 ( #2556, #4245 ),
 ( #8226, #8966 ),
 ( #9730, #8911 ),
 ( #189, #2639 ),
 ( #5780, #8849 ),
 ( #6472, #3461 ),
 ( #993, #9016 ),
 ( #140, #3366 ),
 ( #9628, #6530 ),
 ( #1820, #2601 ),
 ( #8175, #5733 ),
 ( #4192, #5019 ),
 ( #1043, #6420 ),
 ( #3308, #1774 ),
 ( #9677, #7390 ),
 ( #1097, #3412 ),
 ( #7444, #9070 ),
 ( #239, #4910 ) ),
 .UNSPECIFIED., .F., .F., .F.,
 ( 4, 1, 1, 1, 1, 1, 1, 1, 1, 1, 1, 1, 1, 1, 1, 1, 1, 1, 1, 1, 1, 1, 1, 1, 1, 1, 1, 1, 1, 1, 4 ),
 ( 2, 2 ),
 ( 0.4999999999991511235, 0.5048917441987316179, 0.5204633798215130280, 0.5361737445479632935, 0.5515056842902307244, 0.5666444528663349134, 0.5818530785127233873, 0.5972231988936472780, 0.6128970075091784153, 0.6288484177296653765, 0.6451768796171204468, 0.6613788366660897644, 0.6768685706827626269, 0.6915922477349470965, 0.7061660962377974693, 0.7205712562714619018, 0.7349772819738292773, 0.7498257810670105883, 0.7652104987269514602, 0.7960952250218571447, 0.8262278482969580562, 0.8563790891971131414, 0.8868590029158237575, 0.9021020279963870570, 0.9167220099060908733, 0.9309748682434307865, 0.9449127660587833821, 0.9586895787138532965, 0.9724219660076108829, 0.9862277139797344105, 1.000000014792091552 ),
 ( 0.0000000000000000000, 1.000000000000000000 ),
 .UNSPECIFIED. ) ;
#7092 = FACE_OUTER_BOUND ( 'NONE', #260, .T. ) ;
#7093 = CARTESIAN_POINT ( 'NONE',  ( 0.3915517578561104606, 0.7000000000000000666, -0.07734627495512373663 ) ) ;
#7094 = CARTESIAN_POINT ( 'NONE',  ( 0.8801810587242085981, 0.7000000000000000666, -0.01968724215881657510 ) ) ;
#7095 = CARTESIAN_POINT ( 'NONE',  ( 0.7660680666655529381, 0.9000000000000000222, -0.01342908326495968578 ) ) ;
#7096 = ORIENTED_EDGE ( 'NONE', *, *, #9838, .T. ) ;
#7097 = CARTESIAN_POINT ( 'NONE',  ( 0.1146376553783668428, 0.9000000000000000222, 0.002798647590160981309 ) ) ;
#7098 = CARTESIAN_POINT ( 'NONE',  ( 0.7649659949565293937, 0.8999999999999998002, -0.005074628296310338543 ) ) ;
#7099 = VECTOR ( 'NONE', #554, 1000.000000000000000 ) ;
#7100 =( GEOMETRIC_REPRESENTATION_CONTEXT ( 3 ) GLOBAL_UNCERTAINTY_ASSIGNED_CONTEXT ( ( #5299 ) ) GLOBAL_UNIT_ASSIGNED_CONTEXT ( ( #8396, #4365, #6116 ) ) REPRESENTATION_CONTEXT ( 'NONE', 'WORKASPACE' ) );
#7101 = PRESENTATION_STYLE_ASSIGNMENT (( #3037 ) ) ;
#7102 = CARTESIAN_POINT ( 'NONE',  ( -0.7359686992086823532, 0.9000000000000000222, -0.1840608244214531619 ) ) ;
#7103 = EDGE_CURVE ( 'NONE', #5821, #5266, #2662, .T. ) ;
#7104 = CARTESIAN_POINT ( 'NONE',  ( 0.8644749971660647958, 0.6999999999999998446, -0.1711135476319333437 ) ) ;
#7105 = STYLED_ITEM ( 'NONE', ( #835 ), #6099 ) ;
#7106 = CARTESIAN_POINT ( 'NONE',  ( -0.04123185710341913113, 0.9000000000000000222, -0.01213099986004967552 ) ) ;
#7107 = VERTEX_POINT ( 'NONE', #7514 ) ;
#7108 = EDGE_CURVE ( 'NONE', #10305, #5137, #2719, .T. ) ;
#7109 = VERTEX_POINT ( 'NONE', #7083 ) ;
#7110 = ORIENTED_EDGE ( 'NONE', *, *, #9158, .F. ) ;
#7111 = SURFACE_STYLE_FILL_AREA ( #7156 ) ;
#7112 = CARTESIAN_POINT ( 'NONE',  ( -0.9903546641209628465, 0.9000000000000000222, -0.2138853858249619433 ) ) ;
#7113 = DIRECTION ( 'NONE',  ( 1.000000000000000000, 0.0000000000000000000, 0.0000000000000000000 ) ) ;
#7114 = CARTESIAN_POINT ( 'NONE',  ( 0.6353187335116521339, 0.9000000000000001332, 0.04698288242961545097 ) ) ;
#7115 = CARTESIAN_POINT ( 'NONE',  ( 0.6250000000000000000, -0.1000000000000000056, -0.0000000000000000000 ) ) ;
#7116 = FILL_AREA_STYLE ('',( #10097 ) ) ;
#7117 =( NAMED_UNIT ( * ) SI_UNIT ( $, .STERADIAN. ) SOLID_ANGLE_UNIT ( ) );
#7118 = CARTESIAN_POINT ( 'NONE',  ( -0.4605301027174542594, 0.6999999999999999556, -0.1279204735442601715 ) ) ;
#7119 = CARTESIAN_POINT ( 'NONE',  ( 0.2882169030703533585, 0.7000000000000001776, -0.04148117273833584057 ) ) ;
#7120 = ADVANCED_FACE ( 'NONE', ( #5242 ), #8453, .F. ) ;
#7121 = CARTESIAN_POINT ( 'NONE',  ( 0.6294384878535345118, 0.6999999999999999556, -0.09989736374326885215 ) ) ;
#7122 = DIRECTION ( 'NONE',  ( -0.0000000000000000000, 1.000000000000000000, -0.0000000000000000000 ) ) ;
#7123 = CARTESIAN_POINT ( 'NONE',  ( -0.03421431324376997263, 0.6999999999999999556, -0.2173941577547864601 ) ) ;
#7124 = CARTESIAN_POINT ( 'NONE',  ( 0.3483706046524867594, 0.6999999999999997335, -0.06886374000974734844 ) ) ;
#7125 = CARTESIAN_POINT ( 'NONE',  ( -0.6480636698997199741, 0.7000000000000000666, -0.1194216272665689915 ) ) ;
#7126 = CARTESIAN_POINT ( 'NONE',  ( 0.2367349714098769820, 0.6999999999999999556, -0.1555716300765016824 ) ) ;
#7127 = CARTESIAN_POINT ( 'NONE',  ( 0.6368690670691192768, 0.9000000000000001332, -0.1067965028822609186 ) ) ;
#7128 = CARTESIAN_POINT ( 'NONE',  ( -4.279745417705940015E-17, -0.1000000000000000056, -0.3750000000000000555 ) ) ;
#7129 = CARTESIAN_POINT ( 'NONE',  ( 0.2412242832474579823, 0.6999999999999999556, 0.05278128084170470580 ) ) ;
#7130 = ORIENTED_EDGE ( 'NONE', *, *, #5892, .F. ) ;
#7131 = FACE_OUTER_BOUND ( 'NONE', #9441, .T. ) ;
#7132 = CARTESIAN_POINT ( 'NONE',  ( -0.7377230851735946393, 0.9000000000000001332, 0.08962338610486260404 ) ) ;
#7133 = ORIENTED_EDGE ( 'NONE', *, *, #8897, .F. ) ;
#7134 = EDGE_LOOP ( 'NONE', ( #7592, #7837, #1367, #9108 ) ) ;
#7135 = CARTESIAN_POINT ( 'NONE',  ( 0.5888544585666312114, 0.9000000000000002442, -0.2172497489325814490 ) ) ;
#7136 = ADVANCED_FACE ( 'NONE', ( #6020, #2155, #5287, #9443, #2315, #5447, #1535, #1369, #7892, #4530, #9240, #2099 ), #7729, .T. ) ;
#7137 = FILL_AREA_STYLE_COLOUR ( '', #1744 ) ;
#7138 = CARTESIAN_POINT ( 'NONE',  ( -0.9249999999999998224, -0.1000000000000000056, -0.3749999999999999445 ) ) ;
#7139 = CARTESIAN_POINT ( 'NONE',  ( 0.8402535566907660680, 0.6999999999999999556, -0.1846041876227582645 ) ) ;
#7140 = CARTESIAN_POINT ( 'NONE',  ( -0.6250000000000000000, 0.0000000000000000000, -1.149999999999996581 ) ) ;
#7141 = VECTOR ( 'NONE', #8751, 1000.000000000000000 ) ;
#7142 = CARTESIAN_POINT ( 'NONE',  ( 0.6545222844238361981, 0.6999999999999998446, -0.08198834608482906405 ) ) ;
#7143 = CARTESIAN_POINT ( 'NONE',  ( 0.8509003046451260044, 0.7000000000000000666, -0.04865509161013197026 ) ) ;
#7144 = VERTEX_POINT ( 'NONE', #412 ) ;
#7145 = CARTESIAN_POINT ( 'NONE',  ( 0.06403130079131762187, 0.6999999999999999556, 0.08436022821012574557 ) ) ;
#7146 = VECTOR ( 'NONE', #8222, 1000.000000000000000 ) ;
#7147 = FILL_AREA_STYLE_COLOUR ( '', #10211 ) ;
#7148 = CARTESIAN_POINT ( 'NONE',  ( 1.004382177984299851, 0.9000000000000000222, -0.1805520524916285896 ) ) ;
#7149 = EDGE_CURVE ( 'NONE', #9736, #1244, #9026, .T. ) ;
#7150 = CARTESIAN_POINT ( 'NONE',  ( 0.8539928672218799477, 0.7000000000000003997, -0.1796168887522082147 ) ) ;
#7151 = CARTESIAN_POINT ( 'NONE',  ( 0.9157089709476897710, 0.6999999999999997335, -0.02585869272510704989 ) ) ;
#7152 = CARTESIAN_POINT ( 'NONE',  ( 0.6649052857953990925, 0.9000000000000001332, -0.06252780171503076467 ) ) ;
#7153 = PLANE ( 'NONE',  #9024 ) ;
#7154 = VERTEX_POINT ( 'NONE', #4254 ) ;
#7155 = ORIENTED_EDGE ( 'NONE', *, *, #3009, .F. ) ;
#7156 = FILL_AREA_STYLE ('',( #3973 ) ) ;
#7157 = LINE ( 'NONE', #4706, #741 ) ;
#7158 = EDGE_CURVE ( 'NONE', #10304, #5395, #1107, .T. ) ;
#7160 = EDGE_CURVE ( 'NONE', #3559, #2142, #201, .T. ) ;
#7159 = SURFACE_STYLE_FILL_AREA ( #9467 ) ;
#7161 = CARTESIAN_POINT ( 'NONE',  ( 1.107890949914124512, 0.9000000000000002442, -0.1226573156495233408 ) ) ;
#7162 = CARTESIAN_POINT ( 'NONE',  ( 0.6525846516626842009, 0.6999999999999996225, 0.02670807625952674805 ) ) ;
#7163 = VECTOR ( 'NONE', #3843, 1000.000000000000000 ) ;
#7164 = LINE ( 'NONE', #930, #9933 ) ;
#7165 = B_SPLINE_CURVE_WITH_KNOTS ( 'NONE', 3,
 ( #919, #5659, #4071, #8891, #6652, #5100, #3641, #3444, #8304, #9196, #6028, #323, #3543, #9861, #2725, #2055, #4433, #9811, #1996, #4279, #8256, #5866, #4324, #6710, #5145, #2670, #5199, #273, #9094, #1328, #9914, #3488, #8411, #1126, #2773, #6764, #1277, #1944, #5815, #10020, #7425, #5047, #7526, #5921, #6607, #9050, #9250, #484, #382, #9145, #8359, #3595, #1895, #1231, #6813, #2874, #2110, #5252, #4375 ),
 .UNSPECIFIED., .F., .F.,
 ( 4, 1, 1, 1, 1, 1, 1, 1, 1, 1, 1, 1, 1, 1, 1, 1, 1, 1, 1, 1, 1, 1, 1, 1, 1, 1, 1, 1, 1, 1, 1, 1, 1, 1, 1, 1, 1, 1, 1, 1, 1, 1, 1, 1, 1, 1, 1, 1, 1, 1, 1, 1, 1, 1, 1, 1, 4 ),
 ( 0.0000000000000000000, 0.02339060017219310450, 0.04517986543185938814, 0.06560851666955329342, 0.08481673395408259597, 0.1028215277340060324, 0.1199493035969553673, 0.1364306057304524311, 0.1524681571679053493, 0.1679728364055787515, 0.1825350919767174951, 0.1964170808566476356, 0.2095718663239099777, 0.2220688583914118275, 0.2340882851388991492, 0.2455968413222376634, 0.2567677404238422612, 0.2786946680820042710, 0.3008585057422885067, 0.3232618719071513880, 0.3462640184278400479, 0.3694422876909643771, 0.3926202032142966369, 0.4158504136314967736, 0.4393877743124520729, 0.4631470269356309788, 0.4873710522443753246, 0.5124727293572427511, 0.5387323911679382515, 0.5521933792517128570, 0.5657967515018456073, 0.5798302936873204194, 0.5942414356984750956, 0.6092675608163371503, 0.6248655584144788833, 0.6413095076961483620, 0.6586541958282371434, 0.6760738827576544541, 0.6927387256340344912, 0.7089592788270964174, 0.7246855322183991532, 0.7398728509457501712, 0.7548967933028343236, 0.7695253357635453151, 0.7841314417962345074, 0.7984117032029630634, 0.8123720238610163680, 0.8260595167059100463, 0.8395661096230383480, 0.8530890826305731478, 0.8666628895116406106, 0.8803509813584314836, 0.8944282736516604437, 0.9222586171127556964, 0.9489041680028120762, 0.9747702830266540275, 1.000000000000000000 ),
 .UNSPECIFIED. ) ;
#7166 = DIRECTION ( 'NONE',  ( -0.5368754921931597757, 0.0000000000000000000, 0.8436614877321071404 ) ) ;
#7167 = CARTESIAN_POINT ( 'NONE',  ( 0.4377214172810036663, 0.8999999999999999112, -0.04674200067713604051 ) ) ;
#7168 = CARTESIAN_POINT ( 'NONE',  ( 0.5796716840942858218, 0.6999999999999998446, -0.09316699479757109548 ) ) ;
#7169 = LINE ( 'NONE', #9528, #502 ) ;
#7170 = CARTESIAN_POINT ( 'NONE',  ( -0.7502925000023584756, 0.7000000000000001776, 0.05487466274688537066 ) ) ;
#7171 =( GEOMETRIC_REPRESENTATION_CONTEXT ( 3 ) GLOBAL_UNCERTAINTY_ASSIGNED_CONTEXT ( ( #3119 ) ) GLOBAL_UNIT_ASSIGNED_CONTEXT ( ( #3900, #800, #3261 ) ) REPRESENTATION_CONTEXT ( 'NONE', 'WORKASPACE' ) );
#7172 = CARTESIAN_POINT ( 'NONE',  ( 0.3535996509148732203, 0.6999999999999999556, -0.07183904946086906718 ) ) ;
#7173 = EDGE_CURVE ( 'NONE', #7463, #6851, #8389, .T. ) ;
#7174 = CARTESIAN_POINT ( 'NONE',  ( 0.0000000000000000000, 0.0000000000000000000, -1.149999999999999911 ) ) ;
#7175 = VECTOR ( 'NONE', #4191, 1000.000000000000000 ) ;
#7176 = CARTESIAN_POINT ( 'NONE',  ( -0.6531010152838210292, 0.6999999999999999556, -0.1534711790645527096 ) ) ;
#7177 = CARTESIAN_POINT ( 'NONE',  ( 0.2860166613052498308, 0.6999999999999997335, 0.007787528307629958992 ) ) ;
#7178 = CARTESIAN_POINT ( 'NONE',  ( 0.6333920254656214555, 0.8999999999999998002, -0.1030944160399636239 ) ) ;
#7179 = FACE_OUTER_BOUND ( 'NONE', #9420, .T. ) ;
#7180 = DIRECTION ( 'NONE',  ( 0.0000000000000000000, 0.0000000000000000000, 1.000000000000000000 ) ) ;
#7181 = LINE ( 'NONE', #33, #1946 ) ;
#7182 = CARTESIAN_POINT ( 'NONE',  ( -1.500000000000000222, 0.9000000000000000222, -1.250000000000000000 ) ) ;
#7183 = VECTOR ( 'NONE', #2008, 1000.000000000000000 ) ;
#7184 = ORIENTED_EDGE ( 'NONE', *, *, #6130, .F. ) ;
#7185 = ORIENTED_EDGE ( 'NONE', *, *, #7281, .F. ) ;
#7186 = DIRECTION ( 'NONE',  ( 0.0000000000000000000, 0.0000000000000000000, 1.000000000000000000 ) ) ;
#7187 = CARTESIAN_POINT ( 'NONE',  ( -0.7882686479043765626, 0.9000000000000003553, -0.1378899832890048693 ) ) ;
#7188 = EDGE_LOOP ( 'NONE', ( #7728, #395, #3806, #8597 ) ) ;
#7189 = ORIENTED_EDGE ( 'NONE', *, *, #2753, .T. ) ;
#7190 = CARTESIAN_POINT ( 'NONE',  ( 0.6726374818835633151, 0.9000000000000002442, -0.1852002767618871892 ) ) ;
#7191 = AXIS2_PLACEMENT_3D ( 'NONE', #6207, #9425, #2951 ) ;
#7192 = UNCERTAINTY_MEASURE_WITH_UNIT (LENGTH_MEASURE( 1.000000000000000082E-05 ), #6856, 'distance_accuracy_value', 'NONE');
#7193 = CARTESIAN_POINT ( 'NONE',  ( 0.1250000000000000000, -0.1000000000000000056, -1.149999999999999911 ) ) ;
#7194 = CARTESIAN_POINT ( 'NONE',  ( -0.8378675972610961642, 0.9000000000000003553, -0.09245257611852367163 ) ) ;
#7195 = CARTESIAN_POINT ( 'NONE',  ( 1.500000000000000444, 0.9000000000000000222, 1.250000000000000000 ) ) ;
#7196 = CARTESIAN_POINT ( 'NONE',  ( 0.6580096532602401904, 0.9000000000000001332, 0.006483180057496948021 ) ) ;
#7197 = CARTESIAN_POINT ( 'NONE',  ( 0.8690993580062933432, 0.6999999999999998446, -0.03594058408081091810 ) ) ;
#7198 = CARTESIAN_POINT ( 'NONE',  ( 0.8076352868407050689, 0.6999999999999997335, -0.05293438414718564661 ) ) ;
#7199 = COLOUR_RGB ( '',1.000000000000000000, 0.9607843137254902244, 0.4549019607843137192 ) ;
#7200 = CARTESIAN_POINT ( 'NONE',  ( -0.5798283483314893294, 0.6999999999999999556, 0.08611461417503804561 ) ) ;
#7201 = CARTESIAN_POINT ( 'NONE',  ( -0.7933949724822050298, 0.9000000000000002442, -0.1159381716938503032 ) ) ;
#7202 = UNCERTAINTY_MEASURE_WITH_UNIT (LENGTH_MEASURE( 1.000000000000000082E-05 ), #8675, 'distance_accuracy_value', 'NONE');
#7203 = CARTESIAN_POINT ( 'NONE',  ( 0.8724500199343846463, 0.6999999999999996225, -0.1547683944831418357 ) ) ;
#7204 = LINE ( 'NONE', #7256, #7255 ) ;
#7205 = CARTESIAN_POINT ( 'NONE',  ( 0.6353187335116521339, 0.9000000000000002442, 0.04698288242961545097 ) ) ;
#7206 = DIRECTION ( 'NONE',  ( 0.0000000000000000000, 0.0000000000000000000, 1.000000000000000000 ) ) ;
#7207 = EDGE_CURVE ( 'NONE', #721, #3658, #7500, .T. ) ;
#7208 = ORIENTED_EDGE ( 'NONE', *, *, #67, .F. ) ;
#7209 = VERTEX_POINT ( 'NONE', #1829 ) ;
#7210 = SURFACE_STYLE_USAGE ( .BOTH. , #10 ) ;
#7211 = UNCERTAINTY_MEASURE_WITH_UNIT (LENGTH_MEASURE( 1.000000000000000082E-05 ), #1018, 'distance_accuracy_value', 'NONE');
#7212 = SURFACE_SIDE_STYLE ('',( #4802 ) ) ;
#7213 = PRESENTATION_LAYER_ASSIGNMENT (  '', '', ( #8729 ) ) ;
#7214 = B_SPLINE_SURFACE_WITH_KNOTS ( 'NONE', 3, 1, ( 
 ( #4709, #2239 ),
 ( #6152, #7869 ),
 ( #2999, #10290 ),
 ( #5366, #7814 ),
 ( #1457, #6101 ),
 ( #4658, #3825 ),
 ( #1350, #10244 ),
 ( #6956, #2295 ),
 ( #668, #7920 ),
 ( #5269, #10141 ),
 ( #779, #2186 ),
 ( #726, #3049 ),
 ( #7006, #3880 ),
 ( #7060, #2346 ),
 ( #10195, #6205 ),
 ( #4506, #3104 ),
 ( #9423, #3157 ),
 ( #9322, #5474 ),
 ( #8694, #3934 ),
 ( #2949, #7707 ),
 ( #2135, #7114 ),
 ( #564, #3719 ),
 ( #6901, #8537 ),
 ( #1403, #9717 ),
 ( #6358, #9571 ),
 ( #7162, #3295 ),
 ( #2589, #7216 ),
 ( #3241, #2435 ),
 ( #5568, #128 ),
 ( #3977, #876 ) ),
 .UNSPECIFIED., .F., .F., .F.,
 ( 4, 1, 1, 1, 1, 1, 1, 1, 1, 1, 1, 1, 1, 1, 1, 1, 1, 1, 1, 1, 1, 1, 1, 1, 1, 1, 1, 4 ),
 ( 2, 2 ),
 ( 0.0000000000000000000, 0.02788876596514769032, 0.05421625487123228615, 0.07915984011312073021, 0.1035353754894377670, 0.1154770059438783580, 0.1272710965375091208, 0.1389522967014684973, 0.1508542318755856093, 0.1629793888097273435, 0.1759311175533758986, 0.1893011571992724573, 0.2036037875023512522, 0.2330439056720950419, 0.2627257580548830185, 0.2930094943604956148, 0.3244022232009520779, 0.3399194315283891599, 0.3547632804434118770, 0.3689840606704871684, 0.3827791677666831371, 0.3963645650445776769, 0.4099499623224719946, 0.4237450694186676303, 0.4379658496457429773, 0.4663018339518759103, 0.4932745115574747041, 0.5000000000199270600 ),
 ( 0.0000000000000000000, 1.000000000000000000 ),
 .UNSPECIFIED. ) ;
#7215 = FACE_OUTER_BOUND ( 'NONE', #3953, .T. ) ;
#7216 = CARTESIAN_POINT ( 'NONE',  ( 0.6556349470091893394, 0.9000000000000000222, 0.01876640561800684351 ) ) ;
#7217 = DIRECTION ( 'NONE',  ( 0.0000000000000000000, 0.0000000000000000000, 1.000000000000000000 ) ) ;
#7218 = CARTESIAN_POINT ( 'NONE',  ( 0.6329645725632953024, 0.7000000000000000666, 0.08643298857021688986 ) ) ;
#7219 = FILL_AREA_STYLE_COLOUR ( '', #3918 ) ;
#7220 = CARTESIAN_POINT ( 'NONE',  ( 0.4286892871811839867, 0.6999999999999999556, -0.06029225667190420135 ) ) ;
#7221 = CARTESIAN_POINT ( 'NONE',  ( 0.6203373216024066217, 0.8999999999999998002, -0.09493943077805883091 ) ) ;
#7222 = VECTOR ( 'NONE', #4747, 1000.000000000000000 ) ;
#7223 = EDGE_CURVE ( 'NONE', #7580, #8660, #9889, .T. ) ;
#7224 = VERTEX_POINT ( 'NONE', #359 ) ;
#7225 = VERTEX_POINT ( 'NONE', #9122 ) ;
#7226 = CARTESIAN_POINT ( 'NONE',  ( 0.2412242832474579823, 0.6999999999999999556, 0.05278128084170470580 ) ) ;
#7227 = CARTESIAN_POINT ( 'NONE',  ( 0.7738954034358227485, 0.6999999999999998446, -0.1229090932127586272 ) ) ;
#7228 = EDGE_CURVE ( 'NONE', #10042, #7398, #1971, .T. ) ;
#7229 = CARTESIAN_POINT ( 'NONE',  ( -0.6853476189333476132, 0.7000000000000000666, -0.2011811679382112250 ) ) ;
#7230 = CARTESIAN_POINT ( 'NONE',  ( 0.5929574832063564394, 0.8999999999999998002, -0.1858596272063474941 ) ) ;
#7231 = CARTESIAN_POINT ( 'NONE',  ( 0.8006370516123789693, 0.8999999999999998002, -0.1829897909783367305 ) ) ;
#7232 = CARTESIAN_POINT ( 'NONE',  ( 0.7745576165807911417, 0.9000000000000000222, -0.07528889459689178110 ) ) ;
#7233 = ORIENTED_EDGE ( 'NONE', *, *, #1496, .F. ) ;
#7234 = VERTEX_POINT ( 'NONE', #9792 ) ;
#7235 = CARTESIAN_POINT ( 'NONE',  ( 1.123776642647587920, 0.9000000000000000222, -0.1894188947965035619 ) ) ;
#7236 = CARTESIAN_POINT ( 'NONE',  ( -0.7933949724822050298, 0.7000000000000001776, -0.1159381716938503032 ) ) ;
#7237 = ORIENTED_EDGE ( 'NONE', *, *, #7680, .T. ) ;
#7238 = DIRECTION ( 'NONE',  ( 0.0000000000000000000, 1.000000000000000000, -0.0000000000000000000 ) ) ;
#7239 = AXIS2_PLACEMENT_3D ( 'NONE', #6603, #1991, #7362 ) ;
#7240 = CARTESIAN_POINT ( 'NONE',  ( 0.6752566995230693259, 0.9000000000000000222, -0.1040516228456582065 ) ) ;
#7241 = LINE ( 'NONE', #3910, #9410 ) ;
#7242 = CARTESIAN_POINT ( 'NONE',  ( 0.6229371906952458904, 0.8999999999999998002, 0.08823581943322282573 ) ) ;
#7243 = CARTESIAN_POINT ( 'NONE',  ( 0.8294749225027299167, 0.6999999999999997335, -0.1860197224330941979 ) ) ;
#7244 = EDGE_LOOP ( 'NONE', ( #1255, #8296, #3998, #2980 ) ) ;
#7245 = CARTESIAN_POINT ( 'NONE',  ( 0.7740702764143727599, 0.8999999999999999112, -0.03102923392518783241 ) ) ;
#7246 = ORIENTED_EDGE ( 'NONE', *, *, #9229, .F. ) ;
#7247 = EDGE_CURVE ( 'NONE', #4150, #411, #1210, .T. ) ;
#7248 = CARTESIAN_POINT ( 'NONE',  ( 0.7394988312979093870, 0.6999999999999996225, 0.05179795047569909355 ) ) ;
#7249 = FILL_AREA_STYLE_COLOUR ( '', #6867 ) ;
#7250 = CARTESIAN_POINT ( 'NONE',  ( 1.107839107813725077, 0.7000000000000001776, -0.1199916250560109643 ) ) ;
#7251 = CARTESIAN_POINT ( 'NONE',  ( 0.0000000000000000000, -0.1000000000000000056, 0.6249999999999996669 ) ) ;
#7252 = FACE_OUTER_BOUND ( 'NONE', #8274, .T. ) ;
#7253 = SURFACE_STYLE_FILL_AREA ( #8644 ) ;
#7254 = CARTESIAN_POINT ( 'NONE',  ( 0.8718706799226584314, 0.8999999999999998002, -0.07749480513128052805 ) ) ;
#7255 = VECTOR ( 'NONE', #8997, 1000.000000000000000 ) ;
#7256 = CARTESIAN_POINT ( 'NONE',  ( -0.03421431324376997263, 0.6999999999999999556, -0.2173941577547864601 ) ) ;
#7257 = PRESENTATION_LAYER_ASSIGNMENT (  '', '', ( #4427 ) ) ;
#7258 = FACE_OUTER_BOUND ( 'NONE', #40, .T. ) ;
#7259 = B_SPLINE_SURFACE_WITH_KNOTS ( 'NONE', 3, 1, ( 
 ( #6505, #7421 ),
 ( #5097, #7524 ),
 ( #5919, #270 ),
 ( #1176, #8254 ),
 ( #321, #6708 ),
 ( #9911, #8150 ),
 ( #3441, #217 ),
 ( #8357, #6605 ),
 ( #2771, #5758 ),
 ( #9141, #5143 ),
 ( #1229, #3392 ),
 ( #3341, #9707 ),
 ( #9809, #8939 ),
 ( #6557, #9759 ),
 ( #5812, #6873 ),
 ( #6026, #5197 ),
 ( #482, #5292 ),
 ( #10018, #6932 ),
 ( #9248, #2108 ) ),
 .UNSPECIFIED., .F., .F., .F.,
 ( 4, 1, 1, 1, 1, 1, 1, 1, 1, 1, 1, 1, 1, 1, 1, 1, 4 ),
 ( 2, 2 ),
 ( 0.0000000000000000000, 0.04130801225550240208, 0.08275104989364163999, 0.1242094910029070270, 0.1669494763721316999, 0.2105546265911127091, 0.2562091461336836740, 0.3045930921495219601, 0.3557574312479606649, 0.4107993479360809719, 0.4716979659362697808, 0.5392829021373534149, 0.6146590333054852140, 0.6974391222753427710, 0.7895990390856014729, 0.8903636755465397234, 1.000000000000000000 ),
 ( 0.0000000000000000000, 1.000000000000000000 ),
 .UNSPECIFIED. ) ;
#7260 = ORIENTED_EDGE ( 'NONE', *, *, #8625, .F. ) ;
#7261 = FACE_OUTER_BOUND ( 'NONE', #1742, .T. ) ;
#7262 = MECHANICAL_DESIGN_GEOMETRIC_PRESENTATION_REPRESENTATION (  '', ( #8949 ), #3930 ) ;
#7263 = FILL_AREA_STYLE ('',( #175 ) ) ;
#7264 = EDGE_CURVE ( 'NONE', #3949, #7428, #9947, .T. ) ;
#7265 = CARTESIAN_POINT ( 'NONE',  ( 1.104067423802918890, 0.6999999999999997335, -0.09470488521911271662 ) ) ;
#7266 = CARTESIAN_POINT ( 'NONE',  ( 0.5729795805460869973, 0.7000000000000000666, -0.04977362794843824545 ) ) ;
#7267 = CARTESIAN_POINT ( 'NONE',  ( 0.9249999999999998224, -0.1000000000000000056, 0.0000000000000000000 ) ) ;
#7268 = CARTESIAN_POINT ( 'NONE',  ( 0.6631661955768126671, 0.6999999999999998446, 0.07201701681004762934 ) ) ;
#7269 = CARTESIAN_POINT ( 'NONE',  ( -0.04123185710341913113, 0.6999999999999999556, 0.08436022821012574557 ) ) ;
#7270 = CARTESIAN_POINT ( 'NONE',  ( 0.4296674923602198937, 0.8999999999999999112, 0.03546007788936871019 ) ) ;
#7271 = CARTESIAN_POINT ( 'NONE',  ( 0.4795210483643950194, 0.7000000000000001776, 0.005250784392804057170 ) ) ;
#7272 = VECTOR ( 'NONE', #4858, 1000.000000000000000 ) ;
#7273 = ORIENTED_EDGE ( 'NONE', *, *, #5098, .F. ) ;
#7274 = LINE ( 'NONE', #5621, #1183 ) ;
#7275 = CARTESIAN_POINT ( 'NONE',  ( 0.9628790087141680942, -0.1000000000000000056, 0.9760643809100244539 ) ) ;
#7276 = CARTESIAN_POINT ( 'NONE',  ( 0.7715800471502924918, 0.8999999999999999112, -0.1314927984018289253 ) ) ;
#7277 = FILL_AREA_STYLE ('',( #5677 ) ) ;
#7278 = CARTESIAN_POINT ( 'NONE',  ( 0.3535996509148732203, 0.6999999999999999556, -0.07183904946086906718 ) ) ;
#7279 = COLOUR_RGB ( '',1.000000000000000000, 0.9607843137254902244, 0.4549019607843137192 ) ;
#7281 = EDGE_CURVE ( 'NONE', #3406, #5241, #1058, .T. ) ;
#7280 = CARTESIAN_POINT ( 'NONE',  ( 0.1149084937737737538, 0.9000000000000001332, 0.05278128084170470580 ) ) ;
#7282 = DIRECTION ( 'NONE',  ( -0.0000000000000000000, 0.0000000000000000000, -1.000000000000000000 ) ) ;
#7283 = CARTESIAN_POINT ( 'NONE',  ( 0.8402535566907660680, 0.9000000000000001332, -0.1846041876227582645 ) ) ;
#7284 = CARTESIAN_POINT ( 'NONE',  ( 0.3394698972825455074, 0.8999999999999998002, 0.03965587473384245970 ) ) ;
#7285 = CARTESIAN_POINT ( 'NONE',  ( -0.6250000000000000000, -0.1000000000000000056, -0.0000000000000000000 ) ) ;
#7286 = DIRECTION ( 'NONE',  ( 1.000000000000000000, 0.0000000000000000000, -4.336808689942017736E-16 ) ) ;
#7287 = VERTEX_POINT ( 'NONE', #3420 ) ;
#7288 = CARTESIAN_POINT ( 'NONE',  ( 1.144966921568653095, 0.9000000000000003553, -0.1517010106398129776 ) ) ;
#7289 = CARTESIAN_POINT ( 'NONE',  ( -0.7766119835041030983, 0.6999999999999999556, -0.1618181738115452573 ) ) ;
#7290 = VERTEX_POINT ( 'NONE', #6585 ) ;
#7291 = CARTESIAN_POINT ( 'NONE',  ( 0.5468696979989233764, 0.8999999999999999112, -0.1486365113446471986 ) ) ;
#7292 = CARTESIAN_POINT ( 'NONE',  ( -0.7115604712220993111, 0.7000000000000000666, 0.08578648716709628974 ) ) ;
#7294 = EDGE_CURVE ( 'NONE', #9431, #7225, #8236, .T. ) ;
#7293 = CARTESIAN_POINT ( 'NONE',  ( 0.5318347114397838915, 0.9000000000000002442, 0.07105688290369374660 ) ) ;
#7295 = CARTESIAN_POINT ( 'NONE',  ( 0.3608575004915505202, 0.9000000000000001332, -0.1025466908020650630 ) ) ;
#7296 = CARTESIAN_POINT ( 'NONE',  ( -0.8108623355194231053, 0.6999999999999997335, -0.1770299391302923298 ) ) ;
#7297 = CARTESIAN_POINT ( 'NONE',  ( 0.8732740465188725265, 0.9000000000000002442, -0.1497791909825888779 ) ) ;
#7298 = EDGE_CURVE ( 'NONE', #9171, #8822, #3008, .T. ) ;
#7299 = FILL_AREA_STYLE_COLOUR ( '', #3110 ) ;
#7300 = DIRECTION ( 'NONE',  ( -1.000000000000000000, 0.0000000000000000000, 0.0000000000000000000 ) ) ;
#7301 = ORIENTED_EDGE ( 'NONE', *, *, #3532, .T. ) ;
#7302 = CARTESIAN_POINT ( 'NONE',  ( 0.7674593983987862966, 0.8999999999999998002, -0.01816036597924370818 ) ) ;
#7303 = CARTESIAN_POINT ( 'NONE',  ( 0.9167717790600019567, 0.6999999999999998446, 0.02173709294237782114 ) ) ;
#7304 = EDGE_CURVE ( 'NONE', #10267, #6389, #2087, .T. ) ;
#7305 = FILL_AREA_STYLE_COLOUR ( '', #7569 ) ;
#7306 = CARTESIAN_POINT ( 'NONE',  ( 0.8614260058045755120, 0.7000000000000003997, -0.1743505195400710805 ) ) ;
#7307 = AXIS2_PLACEMENT_3D ( 'NONE', #5076, #8920, #4200 ) ;
#7308 = CARTESIAN_POINT ( 'NONE',  ( 0.8989529646802616458, 0.6999999999999998446, -0.05508091743133417678 ) ) ;
#7309 =( NAMED_UNIT ( * ) PLANE_ANGLE_UNIT ( ) SI_UNIT ( $, .RADIAN. ) );
#7310 = CARTESIAN_POINT ( 'NONE',  ( 0.8958062414731862155, 0.6999999999999998446, -0.09796417017802437621 ) ) ;
#7311 =( NAMED_UNIT ( * ) SI_UNIT ( $, .STERADIAN. ) SOLID_ANGLE_UNIT ( ) );
#7312 = CARTESIAN_POINT ( 'NONE',  ( 0.6532101598777617646, 0.9000000000000002442, -0.06865698566720361551 ) ) ;
#7313 = LINE ( 'NONE', #9052, #4002 ) ;
#7314 = ORIENTED_EDGE ( 'NONE', *, *, #4536, .T. ) ;
#7315 = VECTOR ( 'NONE', #4202, 1000.000000000000000 ) ;
#7316 = ORIENTED_EDGE ( 'NONE', *, *, #3259, .T. ) ;
#7317 = DIRECTION ( 'NONE',  ( 0.0000000000000000000, 0.0000000000000000000, 1.000000000000000000 ) ) ;
#7318 =( NAMED_UNIT ( * ) SI_UNIT ( $, .STERADIAN. ) SOLID_ANGLE_UNIT ( ) );
#7319 = SURFACE_STYLE_USAGE ( .BOTH. , #4133 ) ;
#7320 = CARTESIAN_POINT ( 'NONE',  ( 0.6344682907704156660, 0.8999999999999996891, -0.04399283944731292167 ) ) ;
#7321 = FILL_AREA_STYLE ('',( #4135 ) ) ;
#7322 = CARTESIAN_POINT ( 'NONE',  ( 0.6419349870541621872, 0.7000000000000000666, 0.08374278087073180887 ) ) ;
#7323 = MECHANICAL_DESIGN_GEOMETRIC_PRESENTATION_REPRESENTATION (  '', ( #4972 ), #2010 ) ;
#7324 = FACE_OUTER_BOUND ( 'NONE', #3226, .T. ) ;
#7325 = CARTESIAN_POINT ( 'NONE',  ( 0.4377214172810036663, 0.6999999999999999556, -0.04674200067713604051 ) ) ;
#7326 = CARTESIAN_POINT ( 'NONE',  ( 0.4808223221819901694, 0.7000000000000000666, -0.01821556951366404276 ) ) ;
#7327 = VERTEX_POINT ( 'NONE', #5377 ) ;
#7328 = ORIENTED_EDGE ( 'NONE', *, *, #7371, .T. ) ;
#7329 = CARTESIAN_POINT ( 'NONE',  ( -0.9249999999999998224, -0.1000000000000000056, 0.0000000000000000000 ) ) ;
#7330 = CARTESIAN_POINT ( 'NONE',  ( 0.6525846516626842009, 0.6999999999999996225, 0.02670807625952674805 ) ) ;
#7331 = PRESENTATION_LAYER_ASSIGNMENT (  '', '', ( #3832 ) ) ;
#7332 = PLANE ( 'NONE',  #727 ) ;
#7333 =( GEOMETRIC_REPRESENTATION_CONTEXT ( 3 ) GLOBAL_UNCERTAINTY_ASSIGNED_CONTEXT ( ( #7069 ) ) GLOBAL_UNIT_ASSIGNED_CONTEXT ( ( #527, #2093, #1314 ) ) REPRESENTATION_CONTEXT ( 'NONE', 'WORKASPACE' ) );
#7334 = CARTESIAN_POINT ( 'NONE',  ( 0.3719002554797309901, 0.7000000000000000666, -0.07713772131381307906 ) ) ;
#7335 = CARTESIAN_POINT ( 'NONE',  ( -0.6783237804274923066, 0.6999999999999998446, -0.1952697981987520925 ) ) ;
#7336 = LINE ( 'NONE', #2451, #3189 ) ;
#7337 = CARTESIAN_POINT ( 'NONE',  ( 0.8539928672218799477, 0.9000000000000003553, -0.1796168887522082147 ) ) ;
#7338 = CARTESIAN_POINT ( 'NONE',  ( 0.6587118288567281876, 0.9000000000000000222, -0.001550926232035562853 ) ) ;
#7339 = CARTESIAN_POINT ( 'NONE',  ( 0.1374379312219170812, 0.7000000000000000666, -0.2185611131177085664 ) ) ;
#7340 = ORIENTED_EDGE ( 'NONE', *, *, #2816, .T. ) ;
#7341 = ORIENTED_EDGE ( 'NONE', *, *, #5355, .T. ) ;
#7342 = CARTESIAN_POINT ( 'NONE',  ( 0.2367349714098769820, 0.9000000000000000222, -0.1555716300765016824 ) ) ;
#7343 = MECHANICAL_DESIGN_GEOMETRIC_PRESENTATION_REPRESENTATION (  '', ( #2844 ), #528 ) ;
#7344 = EDGE_CURVE ( 'NONE', #2075, #8377, #7714, .T. ) ;
#7345 = ORIENTED_EDGE ( 'NONE', *, *, #6417, .T. ) ;
#7346 = CARTESIAN_POINT ( 'NONE',  ( 0.06466533232501527062, 0.9000000000000003553, 0.07085041871514978495 ) ) ;
#7347 = CARTESIAN_POINT ( 'NONE',  ( 0.6849890944250826008, 0.9000000000000000222, -0.1436387183427899616 ) ) ;
#7348 = CARTESIAN_POINT ( 'NONE',  ( -0.6464950149981558702, 0.6999999999999999556, -0.03318363143899703133 ) ) ;
#7349 = CARTESIAN_POINT ( 'NONE',  ( -0.7199930162164186465, 0.6999999999999999556, 0.08803776082093357769 ) ) ;
#7350 = COLOUR_RGB ( '',1.000000000000000000, 0.9607843137254902244, 0.4549019607843137192 ) ;
#7351 = CARTESIAN_POINT ( 'NONE',  ( 0.6498796893983066481, 0.7000000000000001776, 0.08034611070217456685 ) ) ;
#7352 = CARTESIAN_POINT ( 'NONE',  ( 0.5938826728772702568, 0.7000000000000000666, -0.05451370953157304300 ) ) ;
#7353 = CARTESIAN_POINT ( 'NONE',  ( 0.8818903320376834110, 0.9000000000000000222, 0.01137137752976529088 ) ) ;
#7354 = ORIENTED_EDGE ( 'NONE', *, *, #4719, .T. ) ;
#7355 = MECHANICAL_DESIGN_GEOMETRIC_PRESENTATION_REPRESENTATION (  '', ( #710 ), #5499 ) ;
#7356 = ORIENTED_EDGE ( 'NONE', *, *, #4630, .F. ) ;
#7357 = DIRECTION ( 'NONE',  ( 0.0000000000000000000, 1.000000000000000000, 0.0000000000000000000 ) ) ;
#7358 = AXIS2_PLACEMENT_3D ( 'NONE', #2229, #552, #6141 ) ;
#7359 = ADVANCED_FACE ( 'NONE', ( #2305 ), #5433, .T. ) ;
#7360 = CARTESIAN_POINT ( 'NONE',  ( 1.104067423802918890, 0.6999999999999997335, -0.09470488521911271662 ) ) ;
#7361 = DIRECTION ( 'NONE',  ( -0.0000000000000000000, 0.0000000000000000000, 1.000000000000000000 ) ) ;
#7362 = DIRECTION ( 'NONE',  ( 0.0000000000000000000, 0.0000000000000000000, 1.000000000000000000 ) ) ;
#7363 = CARTESIAN_POINT ( 'NONE',  ( 0.8245032806308049134, 0.7000000000000000666, 0.08973780313695599309 ) ) ;
#7364 = CARTESIAN_POINT ( 'NONE',  ( -0.6875356752887249456, 0.6999999999999998446, -0.1247795321179272082 ) ) ;
#7365 = CARTESIAN_POINT ( 'NONE',  ( 0.9057552568614810617, 0.6999999999999998446, -0.1681884475305137627 ) ) ;
#7366 = PLANE ( 'NONE',  #2768 ) ;
#7367 = CARTESIAN_POINT ( 'NONE',  ( -0.7768488148940499993, 0.9000000000000003553, 0.08119771775508961842 ) ) ;
#7368 = LINE ( 'NONE', #2674, #8942 ) ;
#7369 = AXIS2_PLACEMENT_3D ( 'NONE', #3363, #1819, #9205 ) ;
#7370 = STYLED_ITEM ( 'NONE', ( #5676 ), #151 ) ;
#7371 = EDGE_CURVE ( 'NONE', #8398, #3044, #8703, .T. ) ;
#7372 = EDGE_LOOP ( 'NONE', ( #4293, #341, #7246, #9649 ) ) ;
#7373 = LINE ( 'NONE', #226, #1802 ) ;
#7374 = CARTESIAN_POINT ( 'NONE',  ( 0.8281819565217191093, 0.7000000000000003997, -0.09125856083493659454 ) ) ;
#7375 =( NAMED_UNIT ( * ) PLANE_ANGLE_UNIT ( ) SI_UNIT ( $, .RADIAN. ) );
#7376 = CARTESIAN_POINT ( 'NONE',  ( 1.004382177984299851, 0.6999999999999999556, 0.08611461417503804561 ) ) ;
#7377 = CARTESIAN_POINT ( 'NONE',  ( 0.6536246954497711981, 0.8999999999999996891, -0.02403330742360535247 ) ) ;
#7378 = CARTESIAN_POINT ( 'NONE',  ( 0.0000000000000000000, -0.1000000000000000056, 1.057063338531172292 ) ) ;
#7379 = DIRECTION ( 'NONE',  ( 0.0000000000000000000, 0.0000000000000000000, 1.000000000000000000 ) ) ;
#7380 = DIRECTION ( 'NONE',  ( -0.0000000000000000000, 1.000000000000000000, -0.0000000000000000000 ) ) ;
#7381 = LINE ( 'NONE', #1088, #6317 ) ;
#7382 = ORIENTED_EDGE ( 'NONE', *, *, #2299, .T. ) ;
#7383 = EDGE_CURVE ( 'NONE', #3480, #4046, #7169, .T. ) ;
#7384 = ORIENTED_EDGE ( 'NONE', *, *, #5151, .T. ) ;
#7385 = PLANE ( 'NONE',  #9332 ) ;
#7386 = CARTESIAN_POINT ( 'NONE',  ( 0.7745576165807912528, 0.9000000000000002442, -0.07528889459689179497 ) ) ;
#7387 = VECTOR ( 'NONE', #6486, 1000.000000000000000 ) ;
#7388 =( NAMED_UNIT ( * ) PLANE_ANGLE_UNIT ( ) SI_UNIT ( $, .RADIAN. ) );
#7389 = CARTESIAN_POINT ( 'NONE',  ( -4.279745417705940015E-17, 0.0000000000000000000, 0.3750000000000000555 ) ) ;
#7390 = CARTESIAN_POINT ( 'NONE',  ( 0.3323831476044441513, 0.9000000000000000222, 0.03081122185197218352 ) ) ;
#7391 = LINE ( 'NONE', #2641, #6838 ) ;
#7392 = CARTESIAN_POINT ( 'NONE',  ( 0.9249999999999998224, -0.1000000000000000056, 0.3750000000000001665 ) ) ;
#7393 = CARTESIAN_POINT ( 'NONE',  ( 1.099115773067611324, 0.8999999999999999112, -0.08452427161856636284 ) ) ;
#7394 = AXIS2_PLACEMENT_3D ( 'NONE', #2679, #1852, #9154 ) ;
#7395 = CARTESIAN_POINT ( 'NONE',  ( 1.107739438573630109, 0.8999999999999996891, -0.1304479404902150474 ) ) ;
#7396 = ORIENTED_EDGE ( 'NONE', *, *, #4550, .T. ) ;
#7397 = CARTESIAN_POINT ( 'NONE',  ( 0.2191533984309424476, 0.9000000000000002442, -0.1939610664803026185 ) ) ;
#7398 = VERTEX_POINT ( 'NONE', #2398 ) ;
#7399 = DIRECTION ( 'NONE',  ( 0.0000000000000000000, 1.000000000000000000, 0.0000000000000000000 ) ) ;
#7400 = FACE_OUTER_BOUND ( 'NONE', #5664, .T. ) ;
#7401 = CARTESIAN_POINT ( 'NONE',  ( 0.3394698972825455074, 0.8999999999999998002, 0.03965587473384245970 ) ) ;
#7402 = VECTOR ( 'NONE', #3010, 1000.000000000000000 ) ;
#7403 =( NAMED_UNIT ( * ) PLANE_ANGLE_UNIT ( ) SI_UNIT ( $, .RADIAN. ) );
#7404 = CARTESIAN_POINT ( 'NONE',  ( -0.6626314313353526275, 0.8999999999999999112, 0.04500252103580738156 ) ) ;
#7405 = CARTESIAN_POINT ( 'NONE',  ( 0.5067454807285272089, 0.6999999999999999556, 0.02738035923233493943 ) ) ;
#7406 = CARTESIAN_POINT ( 'NONE',  ( 0.4710157624235215001, 0.7000000000000000666, -0.06049702207994256398 ) ) ;
#7407 = CARTESIAN_POINT ( 'NONE',  ( -0.7866452025298015238, 0.9000000000000000222, -0.2016908055031140512 ) ) ;
#7408 = CARTESIAN_POINT ( 'NONE',  ( 0.8501370033053710085, 0.8999999999999999112, 0.05132234542843823466 ) ) ;
#7409 = EDGE_CURVE ( 'NONE', #3215, #9442, #734, .T. ) ;
#7410 = CARTESIAN_POINT ( 'NONE',  ( 0.4097680510030307088, 0.9000000000000000222, -0.07250009550081042142 ) ) ;
#7411 = CARTESIAN_POINT ( 'NONE',  ( 0.4255574294854388984, 0.9000000000000000222, 0.04055564901788705906 ) ) ;
#7412 = ORIENTED_EDGE ( 'NONE', *, *, #3518, .F. ) ;
#7413 = DIRECTION ( 'NONE',  ( 1.000000000000000000, 0.0000000000000000000, 0.0000000000000000000 ) ) ;
#7414 = VECTOR ( 'NONE', #7693, 1000.000000000000000 ) ;
#7415 = VERTEX_POINT ( 'NONE', #7929 ) ;
#7416 = CARTESIAN_POINT ( 'NONE',  ( -0.4605301027174542594, 0.9000000000000000222, -0.1279204735442601715 ) ) ;
#7417 = VERTEX_POINT ( 'NONE', #789 ) ;
#7418 = CARTESIAN_POINT ( 'NONE',  ( 1.072269338387594084, 0.6999999999999999556, -0.06768559719211952874 ) ) ;
#7419 = CARTESIAN_POINT ( 'NONE',  ( -0.7359686992086823532, 0.9000000000000000222, -0.2173941577547864601 ) ) ;
#7420 = CARTESIAN_POINT ( 'NONE',  ( 0.9180634569450665250, 0.6999999999999998446, 0.01047452221563135305 ) ) ;
#7421 = CARTESIAN_POINT ( 'NONE',  ( -0.7377230851735945283, 0.9000000000000000222, 0.05629005277152926423 ) ) ;
#7422 = EDGE_CURVE ( 'NONE', #3021, #4799, #6468, .T. ) ;
#7423 = EDGE_CURVE ( 'NONE', #7927, #5800, #3114, .T. ) ;
#7424 = CARTESIAN_POINT ( 'NONE',  ( 0.8908914565343798442, 0.6999999999999998446, -0.1928287795181234388 ) ) ;
#7425 = CARTESIAN_POINT ( 'NONE',  ( 0.3640363228164114062, 0.9000000000000000222, 0.08869338857927029640 ) ) ;
#7426 = CARTESIAN_POINT ( 'NONE',  ( -0.7676293026280023302, 0.7000000000000000666, 0.08500399660217825004 ) ) ;
#7427 = DIRECTION ( 'NONE',  ( -1.000000000000000000, 0.0000000000000000000, 0.0000000000000000000 ) ) ;
#7428 = VERTEX_POINT ( 'NONE', #23 ) ;
#7429 = PLANE ( 'NONE',  #2462 ) ;
#7430 = CARTESIAN_POINT ( 'NONE',  ( 1.092153710913561948, 0.7000000000000000666, -0.1683922742291475427 ) ) ;
#7431 = CARTESIAN_POINT ( 'NONE',  ( 0.2412242832474579823, 0.9000000000000000222, 0.08436022821012574557 ) ) ;
#7432 = PRESENTATION_STYLE_ASSIGNMENT (( #5876 ) ) ;
#7433 =( GEOMETRIC_REPRESENTATION_CONTEXT ( 3 ) GLOBAL_UNCERTAINTY_ASSIGNED_CONTEXT ( ( #6346 ) ) GLOBAL_UNIT_ASSIGNED_CONTEXT ( ( #3735, #4418, #3787 ) ) REPRESENTATION_CONTEXT ( 'NONE', 'WORKASPACE' ) );
#7434 = SURFACE_SIDE_STYLE ('',( #392 ) ) ;
#7435 =( NAMED_UNIT ( * ) SI_UNIT ( $, .STERADIAN. ) SOLID_ANGLE_UNIT ( ) );
#7436 = CARTESIAN_POINT ( 'NONE',  ( 0.5666498100701458096, 0.9000000000000000222, 0.05085808285939464463 ) ) ;
#7437 = VERTEX_POINT ( 'NONE', #7978 ) ;
#7438 = ORIENTED_EDGE ( 'NONE', *, *, #6742, .F. ) ;
#7439 = FILL_AREA_STYLE_COLOUR ( '', #3979 ) ;
#7440 = PLANE ( 'NONE',  #10039 ) ;
#7441 = AXIS2_PLACEMENT_3D ( 'NONE', #6324, #7985, #740 ) ;
#7442 = CARTESIAN_POINT ( 'NONE',  ( 0.8341686268108265967, 0.8999999999999999112, -0.09193149816508758287 ) ) ;
#7443 = DIRECTION ( 'NONE',  ( -0.5368754921931597757, 0.0000000000000000000, 0.8436614877321072514 ) ) ;
#7444 = CARTESIAN_POINT ( 'NONE',  ( 0.3381678223984406206, 0.6999999999999998446, 0.03828687453563792142 ) ) ;
#7445 = CARTESIAN_POINT ( 'NONE',  ( -0.6481862572434217151, 0.7000000000000000666, -0.1111358016984619612 ) ) ;
#7446 = CARTESIAN_POINT ( 'NONE',  ( 0.7710488446509666804, 0.7000000000000000666, -0.1402011752986461468 ) ) ;
#7447 = CARTESIAN_POINT ( 'NONE',  ( 0.7408736675949301187, 0.7000000000000003997, -0.1185802113258998397 ) ) ;
#7448 = CARTESIAN_POINT ( 'NONE',  ( 0.6583083389117677653, 0.9000000000000000222, 0.004079684918803130021 ) ) ;
#7449 = EDGE_CURVE ( 'NONE', #7927, #6429, #6266, .T. ) ;
#7450 =( GEOMETRIC_REPRESENTATION_CONTEXT ( 3 ) GLOBAL_UNCERTAINTY_ASSIGNED_CONTEXT ( ( #6870 ) ) GLOBAL_UNIT_ASSIGNED_CONTEXT ( ( #6304, #3929, #6406 ) ) REPRESENTATION_CONTEXT ( 'NONE', 'WORKASPACE' ) );
#7451 = CARTESIAN_POINT ( 'NONE',  ( 0.7314406971190807738, 0.6999999999999999556, -0.02255059083800073361 ) ) ;
#7452 = CARTESIAN_POINT ( 'NONE',  ( 0.1763386995959458914, 0.8999999999999999112, -0.2183662028914507836 ) ) ;
#7453 = CARTESIAN_POINT ( 'NONE',  ( -0.1250000000000000000, -0.1000000000000000056, 0.6700000000000000400 ) ) ;
#7454 = CARTESIAN_POINT ( 'NONE',  ( 0.1692035781474996448, 0.9000000000000002442, -0.06622697596792595509 ) ) ;
#7455 = CARTESIAN_POINT ( 'NONE',  ( 0.4210182143145457800, 0.7000000000000005107, 0.04498722318875492815 ) ) ;
#7456 =( GEOMETRIC_REPRESENTATION_CONTEXT ( 3 ) GLOBAL_UNCERTAINTY_ASSIGNED_CONTEXT ( ( #6438 ) ) GLOBAL_UNIT_ASSIGNED_CONTEXT ( ( #5771, #8069, #3404 ) ) REPRESENTATION_CONTEXT ( 'NONE', 'WORKASPACE' ) );
#7457 = CARTESIAN_POINT ( 'NONE',  ( -0.6869486018616739464, 0.7000000000000000666, -0.1160164390153436698 ) ) ;
#7458 = CARTESIAN_POINT ( 'NONE',  ( -0.7287583707508290543, 0.8999999999999996891, 0.08935177473559580141 ) ) ;
#7459 = CARTESIAN_POINT ( 'NONE',  ( 0.9249999999999997113, -0.1000000000000000056, 0.1250000000000001665 ) ) ;
#7460 = CARTESIAN_POINT ( 'NONE',  ( 0.3993755561869924420, 0.6999999999999997335, -0.1070189019077570497 ) ) ;
#7461 = CARTESIAN_POINT ( 'NONE',  ( 0.8677933965441041453, 0.9000000000000000222, 0.04075349424776242985 ) ) ;
#7462 =( NAMED_UNIT ( * ) SI_UNIT ( $, .STERADIAN. ) SOLID_ANGLE_UNIT ( ) );
#7463 = VERTEX_POINT ( 'NONE', #3983 ) ;
#7464 = VERTEX_POINT ( 'NONE', #3206 ) ;
#7465 = CARTESIAN_POINT ( 'NONE',  ( 0.5631731199896009565, 0.6999999999999998446, -0.1769114175854476501 ) ) ;
#7466 = CARTESIAN_POINT ( 'NONE',  ( 0.1447330551772826601, 0.7000000000000000666, -0.2191485437196987740 ) ) ;
#7467 = ORIENTED_EDGE ( 'NONE', *, *, #3574, .F. ) ;
#7468 = DIRECTION ( 'NONE',  ( -0.0000000000000000000, 1.000000000000000000, -0.0000000000000000000 ) ) ;
#7469 = EDGE_CURVE ( 'NONE', #1039, #6765, #9477, .T. ) ;
#7470 = CARTESIAN_POINT ( 'NONE',  ( 0.8224598189183341956, 0.6999999999999998446, 0.05586581114603456077 ) ) ;
#7471 = CARTESIAN_POINT ( 'NONE',  ( 0.7581409953604311136, 0.6999999999999999556, -0.06505859029947427818 ) ) ;
#7472 = CARTESIAN_POINT ( 'NONE',  ( 0.5467394025658773860, 0.9000000000000000222, -0.07731518626360403545 ) ) ;
#7473 = CARTESIAN_POINT ( 'NONE',  ( 0.5085333076339983993, 0.9000000000000003553, 0.03608327600374149763 ) ) ;
#7474 = CARTESIAN_POINT ( 'NONE',  ( -0.7857488084596150335, 0.6999999999999999556, 0.07641800433812752369 ) ) ;
#7475 = ORIENTED_EDGE ( 'NONE', *, *, #3643, .T. ) ;
#7476 = DIRECTION ( 'NONE',  ( 1.000000000000000000, 0.0000000000000000000, -1.141265444721583757E-16 ) ) ;
#7477 = PLANE ( 'NONE',  #8995 ) ;
#7478 = EDGE_CURVE ( 'NONE', #7863, #2702, #2444, .T. ) ;
#7479 = EDGE_LOOP ( 'NONE', ( #1104, #3151, #1702, #7328 ) ) ;
#7480 = SURFACE_SIDE_STYLE ('',( #1757 ) ) ;
#7481 = CARTESIAN_POINT ( 'NONE',  ( 1.047289849739204248, 0.7000000000000000666, -0.1805164936233128459 ) ) ;
#7482 = DIRECTION ( 'NONE',  ( 1.000000000000000000, -0.0000000000000000000, 0.0000000000000000000 ) ) ;
#7483 = SURFACE_STYLE_FILL_AREA ( #2633 ) ;
#7484 = CARTESIAN_POINT ( 'NONE',  ( 0.4508632940070209094, 0.6999999999999999556, -0.08576209605798169877 ) ) ;
#7485 = ORIENTED_EDGE ( 'NONE', *, *, #7773, .F. ) ;
#7486 = CARTESIAN_POINT ( 'NONE',  ( 1.399999999999999689, 0.0000000000000000000, -0.1250000000000001665 ) ) ;
#7487 = CARTESIAN_POINT ( 'NONE',  ( 0.7750377806821813209, 0.6999999999999994005, -0.2067788082763747093 ) ) ;
#7488 = EDGE_CURVE ( 'NONE', #6753, #6668, #8074, .T. ) ;
#7489 = FILL_AREA_STYLE ('',( #2843 ) ) ;
#7490 = VECTOR ( 'NONE', #396, 1000.000000000000000 ) ;
#7491 = CARTESIAN_POINT ( 'NONE',  ( -0.5798283483314893294, 0.6999999999999999556, -0.1279204735442601715 ) ) ;
#7492 = CARTESIAN_POINT ( 'NONE',  ( -0.9500037869279804870, 0.9000000000000000222, -0.2138853858249619433 ) ) ;
#7493 = CARTESIAN_POINT ( 'NONE',  ( 1.148172972064894770, 0.6999999999999998446, -0.1260832657079198615 ) ) ;
#7494 = CARTESIAN_POINT ( 'NONE',  ( 0.5560636927234122728, 0.9000000000000002442, -0.1699235208540227360 ) ) ;
#7495 = CARTESIAN_POINT ( 'NONE',  ( 0.8958062414731862155, 0.6999999999999999556, -0.09796417017802437621 ) ) ;
#7496 = CARTESIAN_POINT ( 'NONE',  ( 1.092153710913561726, 0.9000000000000000222, -0.07692235706989913879 ) ) ;
#7497 = CARTESIAN_POINT ( 'NONE',  ( 0.1531462770538901952, 0.8999999999999998002, -0.2198233150283630255 ) ) ;
#7498 = ORIENTED_EDGE ( 'NONE', *, *, #9429, .T. ) ;
#7499 = VECTOR ( 'NONE', #6952, 1000.000000000000000 ) ;
#7500 = LINE ( 'NONE', #2610, #2992 ) ;
#7501 = FACE_OUTER_BOUND ( 'NONE', #4787, .T. ) ;
#7502 = EDGE_CURVE ( 'NONE', #424, #961, #8798, .T. ) ;
#7503 = CARTESIAN_POINT ( 'NONE',  ( -0.7144127778345452651, 0.8999999999999999112, -0.1793782803310899621 ) ) ;
#7504 = CARTESIAN_POINT ( 'NONE',  ( -0.6743350051625934816, 0.6999999999999998446, 0.06159971658794875793 ) ) ;
#7505 = CARTESIAN_POINT ( 'NONE',  ( 1.044733055177282433, 0.8999999999999999112, -0.1805520524916285896 ) ) ;
#7506 = CARTESIAN_POINT ( 'NONE',  ( 0.4808223221819901694, 0.7000000000000000666, -0.01821556951366404276 ) ) ;
#7507 = CARTESIAN_POINT ( 'NONE',  ( -0.9249999999999998224, 0.0000000000000000000, -0.0000000000000000000 ) ) ;
#7508 = CARTESIAN_POINT ( 'NONE',  ( 0.6511513682922721591, 0.7000000000000001776, -0.02819983222729283492 ) ) ;
#7509 = AXIS2_PLACEMENT_3D ( 'NONE', #1697, #10280, #3149 ) ;
#7510 = CARTESIAN_POINT ( 'NONE',  ( 0.7843924153259251852, 0.9000000000000001332, -0.1740799189414416470 ) ) ;
#7511 = ORIENTED_EDGE ( 'NONE', *, *, #10204, .T. ) ;
#7512 = EDGE_LOOP ( 'NONE', ( #3874, #8323, #6768, #9841 ) ) ;
#7513 = ORIENTED_EDGE ( 'NONE', *, *, #735, .T. ) ;
#7514 = CARTESIAN_POINT ( 'NONE',  ( -0.6250000000000000000, -0.1000000000000000056, 0.6699999999999965983 ) ) ;
#7515 = VERTEX_POINT ( 'NONE', #8023 ) ;
#7516 = VECTOR ( 'NONE', #3516, 1000.000000000000000 ) ;
#7517 = CARTESIAN_POINT ( 'NONE',  ( 0.7683156845839036464, 0.6999999999999995115, 0.02521840137787144734 ) ) ;
#7518 = CARTESIAN_POINT ( 'NONE',  ( 0.3394698972825455074, 0.6999999999999998446, 0.03965587473384245970 ) ) ;
#7519 = CARTESIAN_POINT ( 'NONE',  ( -0.7088841589663568143, 0.8999999999999999112, -0.2134630585525770508 ) ) ;
#7520 = UNCERTAINTY_MEASURE_WITH_UNIT (LENGTH_MEASURE( 1.000000000000000082E-05 ), #6945, 'distance_accuracy_value', 'NONE');
#7521 = DIRECTION ( 'NONE',  ( -0.0000000000000000000, 1.000000000000000000, -0.0000000000000000000 ) ) ;
#7522 = CARTESIAN_POINT ( 'NONE',  ( 0.8815169973047843888, 0.8999999999999999112, 0.07645579815884676056 ) ) ;
#7523 = AXIS2_PLACEMENT_3D ( 'NONE', #390, #9772, #5766 ) ;
#7524 = CARTESIAN_POINT ( 'NONE',  ( -0.7361370772373790894, 0.9000000000000000222, 0.05625129041798418439 ) ) ;
#7525 = CARTESIAN_POINT ( 'NONE',  ( 0.5164626040975222043, 0.9000000000000003553, -0.1626029412461153512 ) ) ;
#7526 = CARTESIAN_POINT ( 'NONE',  ( 0.3486259907513036826, 0.9000000000000000222, 0.08545122001923140254 ) ) ;
#7527 = CARTESIAN_POINT ( 'NONE',  ( 0.5149374277891378693, 0.9000000000000002442, 0.05179795047569915600 ) ) ;
#7528 = CARTESIAN_POINT ( 'NONE',  ( 0.0000000000000000000, 0.0000000000000000000, 0.6699999999999965983 ) ) ;
#7529 = LINE ( 'NONE', #9864, #2810 ) ;
#7530 = ORIENTED_EDGE ( 'NONE', *, *, #9109, .F. ) ;
#7531 = CARTESIAN_POINT ( 'NONE',  ( 0.5138287442134685801, 0.8999999999999999112, -0.1458124477128922292 ) ) ;
#7532 =( GEOMETRIC_REPRESENTATION_CONTEXT ( 3 ) GLOBAL_UNCERTAINTY_ASSIGNED_CONTEXT ( ( #966 ) ) GLOBAL_UNIT_ASSIGNED_CONTEXT ( ( #5732, #4451, #8536 ) ) REPRESENTATION_CONTEXT ( 'NONE', 'WORKASPACE' ) );
#7533 = DIRECTION ( 'NONE',  ( 0.0000000000000000000, 0.0000000000000000000, -1.000000000000000000 ) ) ;
#7534 = FILL_AREA_STYLE ('',( #2006 ) ) ;
#7535 = LINE ( 'NONE', #6614, #6135 ) ;
#7536 = EDGE_CURVE ( 'NONE', #3480, #677, #7274, .T. ) ;
#7537 = CARTESIAN_POINT ( 'NONE',  ( 0.5044233264145291384, 0.6999999999999998446, 0.001819326693621051453 ) ) ;
#7538 = CARTESIAN_POINT ( 'NONE',  ( 1.066055317472413000, 0.9000000000000000222, -0.1788727100540595805 ) ) ;
#7539 = ORIENTED_EDGE ( 'NONE', *, *, #7667, .F. ) ;
#7540 = ORIENTED_EDGE ( 'NONE', *, *, #3600, .T. ) ;
#7541 = DIRECTION ( 'NONE',  ( 1.000000000000000000, -0.0000000000000000000, 0.0000000000000000000 ) ) ;
#7542 = CARTESIAN_POINT ( 'NONE',  ( 0.7621889112281218237, 0.6999999999999998446, -0.1964123158144566172 ) ) ;
#7543 = CARTESIAN_POINT ( 'NONE',  ( 0.8156915270824329767, 0.6999999999999997335, -0.09125568563725121318 ) ) ;
#7544 =( LENGTH_UNIT ( ) NAMED_UNIT ( * ) SI_UNIT ( .MILLI., .METRE. ) );
#7545 = CARTESIAN_POINT ( 'NONE',  ( 0.3750000000000000000, -0.1000000000000000056, 1.149999999999999911 ) ) ;
#7546 = DIRECTION ( 'NONE',  ( -1.000000000000000000, 0.0000000000000000000, 0.0000000000000000000 ) ) ;
#7547 = CARTESIAN_POINT ( 'NONE',  ( 0.8461847628556948830, 0.6999999999999997335, -0.2155448196487803614 ) ) ;
#7548 = LINE ( 'NONE', #356, #7516 ) ;
#7549 =( NAMED_UNIT ( * ) SI_UNIT ( $, .STERADIAN. ) SOLID_ANGLE_UNIT ( ) );
#7550 = AXIS2_PLACEMENT_3D ( 'NONE', #3184, #1489, #4644 ) ;
#7551 = VERTEX_POINT ( 'NONE', #5675 ) ;
#7552 = CARTESIAN_POINT ( 'NONE',  ( 0.1326844567878494863, 0.9000000000000000222, -0.1816477752873975893 ) ) ;
#7553 = CARTESIAN_POINT ( 'NONE',  ( 0.3879350058792955802, 0.8999999999999999112, 0.05832160545142371644 ) ) ;
#7554 = EDGE_CURVE ( 'NONE', #8198, #424, #1517, .T. ) ;
#7555 =( NAMED_UNIT ( * ) SI_UNIT ( $, .STERADIAN. ) SOLID_ANGLE_UNIT ( ) );
#7556 = CARTESIAN_POINT ( 'NONE',  ( -0.007898523770085786114, 0.6999999999999999556, -0.2173941577547864601 ) ) ;
#7557 = DIRECTION ( 'NONE',  ( -1.000000000000000000, 1.248662187429127730E-12, 0.0000000000000000000 ) ) ;
#7558 = CARTESIAN_POINT ( 'NONE',  ( 0.3894287103645609482, 0.7000000000000001776, 0.08969775790305527241 ) ) ;
#7559 = CARTESIAN_POINT ( 'NONE',  ( 0.1076246631937065740, 0.9000000000000002442, -0.1649787261663503146 ) ) ;
#7560 = LINE ( 'NONE', #6749, #1269 ) ;
#7561 = DIRECTION ( 'NONE',  ( -1.000000000000000000, 0.0000000000000000000, 0.0000000000000000000 ) ) ;
#7562 = EDGE_CURVE ( 'NONE', #6728, #8808, #1912, .T. ) ;
#7563 = ORIENTED_EDGE ( 'NONE', *, *, #5044, .T. ) ;
#7564 = ORIENTED_EDGE ( 'NONE', *, *, #6674, .F. ) ;
#7565 = FILL_AREA_STYLE_COLOUR ( '', #7279 ) ;
#7566 = EDGE_LOOP ( 'NONE', ( #9725, #2549, #1398, #3056 ) ) ;
#7567 = LINE ( 'NONE', #6600, #1169 ) ;
#7568 = ORIENTED_EDGE ( 'NONE', *, *, #866, .F. ) ;
#7569 = COLOUR_RGB ( '',1.000000000000000000, 0.9607843137254902244, 0.4549019607843137192 ) ;
#7570 = CARTESIAN_POINT ( 'NONE',  ( 0.0000000000000000000, 0.0000000000000000000, 0.0000000000000000000 ) ) ;
#7571 = CARTESIAN_POINT ( 'NONE',  ( -0.9903546641209628465, 0.6999999999999999556, -0.2138853858249619433 ) ) ;
#7572 = DIRECTION ( 'NONE',  ( 1.000000000000000000, -0.0000000000000000000, 0.0000000000000000000 ) ) ;
#7573 = CARTESIAN_POINT ( 'NONE',  ( -0.6885192061363138993, 0.6999999999999997335, -0.1329278906075493372 ) ) ;
#7574 = EDGE_CURVE ( 'NONE', #663, #2809, #5065, .T. ) ;
#7575 = CARTESIAN_POINT ( 'NONE',  ( 0.5191001160119617097, 0.6999999999999999556, -0.1700630549731481089 ) ) ;
#7576 = FACE_OUTER_BOUND ( 'NONE', #8986, .T. ) ;
#7577 = CARTESIAN_POINT ( 'NONE',  ( 0.5053771236830513214, 0.8999999999999998002, 0.01820488221624569011 ) ) ;
#7578 = SURFACE_STYLE_USAGE ( .BOTH. , #4326 ) ;
#7579 = CARTESIAN_POINT ( 'NONE',  ( 0.5499962130720192910, 0.6999999999999999556, -0.07528889459689178110 ) ) ;
#7580 = VERTEX_POINT ( 'NONE', #3560 ) ;
#7581 = CARTESIAN_POINT ( 'NONE',  ( 0.5499962130720192910, 0.9000000000000000222, -0.07528889459689178110 ) ) ;
#7582 = VECTOR ( 'NONE', #10272, 1000.000000000000000 ) ;
#7583 = CARTESIAN_POINT ( 'NONE',  ( -0.6149160676297349415, 0.6999999999999999556, -0.2138853858249619433 ) ) ;
#7584 = CARTESIAN_POINT ( 'NONE',  ( 0.7822424165730558210, 0.6999999999999998446, -0.1079953606916305431 ) ) ;
#7585 = CARTESIAN_POINT ( 'NONE',  ( -0.5798283483314893294, 0.6999999999999999556, -0.1279204735442601715 ) ) ;
#7586 = LINE ( 'NONE', #9103, #1686 ) ;
#7587 = CARTESIAN_POINT ( 'NONE',  ( -0.7282793445112604180, 0.6999999999999997335, 0.05519195565477232057 ) ) ;
#7588 = VECTOR ( 'NONE', #9326, 1000.000000000000000 ) ;
#7589 = CARTESIAN_POINT ( 'NONE',  ( 1.107890949914124512, 0.6999999999999998446, -0.1226573156495233408 ) ) ;
#7590 = VERTEX_POINT ( 'NONE', #4189 ) ;
#7591 = EDGE_LOOP ( 'NONE', ( #4826, #6381, #4285, #6697 ) ) ;
#7592 = ORIENTED_EDGE ( 'NONE', *, *, #3067, .F. ) ;
#7593 =( NAMED_UNIT ( * ) SI_UNIT ( $, .STERADIAN. ) SOLID_ANGLE_UNIT ( ) );
#7594 = CARTESIAN_POINT ( 'NONE',  ( 0.7436615195207337825, 0.9000000000000002442, -0.1700630549731481644 ) ) ;
#7595 = EDGE_CURVE ( 'NONE', #5266, #2864, #990, .T. ) ;
#7596 = CARTESIAN_POINT ( 'NONE',  ( 0.8448987251111784724, 0.8999999999999998002, -0.09493943077805887254 ) ) ;
#7597 = PLANE ( 'NONE',  #7701 ) ;
#7598 = CARTESIAN_POINT ( 'NONE',  ( -0.6482494009630682674, 0.6999999999999999556, -0.1068678419653128070 ) ) ;
#7599 = CARTESIAN_POINT ( 'NONE',  ( 0.7515250060849288927, 0.9000000000000000222, -0.1837136004031731384 ) ) ;
#7600 = CARTESIAN_POINT ( 'NONE',  ( 0.9095504979338548956, 0.7000000000000001776, -0.1436387183427900449 ) ) ;
#7601 = CARTESIAN_POINT ( 'NONE',  ( 0.1988042118388245738, 0.7000000000000001776, -0.04980644460835309539 ) ) ;
#7602 = CARTESIAN_POINT ( 'NONE',  ( -0.3973722079806121243, 0.9000000000000000222, -0.05423626301794440968 ) ) ;
#7603 = CARTESIAN_POINT ( 'NONE',  ( 1.095964756694027820, 0.8999999999999999112, -0.1649584851248640516 ) ) ;
#7604 = COLOUR_RGB ( '',1.000000000000000000, 0.9607843137254902244, 0.4549019607843137192 ) ;
#7605 = CARTESIAN_POINT ( 'NONE',  ( 0.09034709026500181706, 0.7000000000000000666, -0.1349380174039093161 ) ) ;
#7606 = EDGE_LOOP ( 'NONE', ( #8663, #9827, #77, #2605, #3098, #10236, #7568, #4932 ) ) ;
#7607 = CARTESIAN_POINT ( 'NONE',  ( -0.7973260621935025494, 0.9000000000000001332, -0.05267577070165154612 ) ) ;
#7608 = CARTESIAN_POINT ( 'NONE',  ( -0.7301089744013413707, 0.9000000000000002442, -0.1838792161092738242 ) ) ;
#7609 = CARTESIAN_POINT ( 'NONE',  ( -0.7266315142928404525, 0.6999999999999999556, -0.2171432480292601885 ) ) ;
#7610 = VECTOR ( 'NONE', #4083, 1000.000000000000227 ) ;
#7611 = FACE_OUTER_BOUND ( 'NONE', #7606, .T. ) ;
#7612 = CARTESIAN_POINT ( 'NONE',  ( 0.4772776240744267540, 0.6999999999999997335, 0.01688292468170371485 ) ) ;
#7613 = CARTESIAN_POINT ( 'NONE',  ( -0.007898523770085786114, 0.6999999999999999556, 0.08436022821012574557 ) ) ;
#7614 = CARTESIAN_POINT ( 'NONE',  ( 0.5138287442134685801, 0.6999999999999998446, -0.1458124477128922292 ) ) ;
#7615 = CARTESIAN_POINT ( 'NONE',  ( 0.0000000000000000000, 0.0000000000000000000, 0.1250000000000000555 ) ) ;
#7616 = ORIENTED_EDGE ( 'NONE', *, *, #2409, .F. ) ;
#7617 = ORIENTED_EDGE ( 'NONE', *, *, #875, .F. ) ;
#7618 = CARTESIAN_POINT ( 'NONE',  ( 0.5335795918516592629, 0.7000000000000000666, -0.06505859029947419492 ) ) ;
#7619 = ORIENTED_EDGE ( 'NONE', *, *, #5967, .F. ) ;
#7620 = DIRECTION ( 'NONE',  ( -1.000000000000000000, 0.0000000000000000000, 0.0000000000000000000 ) ) ;
#7621 = PRESENTATION_LAYER_ASSIGNMENT (  '', '', ( #10276 ) ) ;
#7622 = ORIENTED_EDGE ( 'NONE', *, *, #5335, .T. ) ;
#7623 = EDGE_CURVE ( 'NONE', #1631, #851, #236, .T. ) ;
#7624 = ADVANCED_FACE ( 'NONE', ( #291 ), #7385, .T. ) ;
#7625 = CARTESIAN_POINT ( 'NONE',  ( 0.7646978481376512926, 0.8999999999999998002, 3.730028055597146548E-05 ) ) ;
#7626 = DIRECTION ( 'NONE',  ( 0.0000000000000000000, 1.000000000000000000, 0.0000000000000000000 ) ) ;
#7627 = CARTESIAN_POINT ( 'NONE',  ( 1.075830014573646576, 0.8999999999999996891, -0.03284702881822879755 ) ) ;
#7628 = CARTESIAN_POINT ( 'NONE',  ( 4.279745417705937550E-17, 0.0000000000000000000, -0.3749999999999998335 ) ) ;
#7629 = CARTESIAN_POINT ( 'NONE',  ( 0.5262740858589701753, 0.9000000000000002442, -0.09480968791772782789 ) ) ;
#7630 = DIRECTION ( 'NONE',  ( -1.000000000000000000, 0.0000000000000000000, 0.0000000000000000000 ) ) ;
#7631 = CARTESIAN_POINT ( 'NONE',  ( -0.7579825367081661769, 0.9000000000000003553, 0.08765171969269303087 ) ) ;
#7632 = LINE ( 'NONE', #3448, #8652 ) ;
#7633 = ORIENTED_EDGE ( 'NONE', *, *, #5063, .F. ) ;
#7634 = LINE ( 'NONE', #3601, #3199 ) ;
#7635 = CARTESIAN_POINT ( 'NONE',  ( -0.7579825367081661769, 0.7000000000000002887, 0.08765171969269303087 ) ) ;
#7636 = DIRECTION ( 'NONE',  ( 0.0000000000000000000, 0.0000000000000000000, 1.000000000000000000 ) ) ;
#7637 = LINE ( 'NONE', #605, #8337 ) ;
#7638 = CARTESIAN_POINT ( 'NONE',  ( 0.5446721315272016195, 0.6999999999999998446, -0.02267508584253378687 ) ) ;
#7639 = CARTESIAN_POINT ( 'NONE',  ( 0.5403146016360218518, 0.9000000000000000222, -0.003359070035488265563 ) ) ;
#7640 = CARTESIAN_POINT ( 'NONE',  ( 0.3722233145407058408, 0.6999999999999998446, 0.08949984518150903845 ) ) ;
#7641 = ORIENTED_EDGE ( 'NONE', *, *, #1075, .F. ) ;
#7642 = VERTEX_POINT ( 'NONE', #4345 ) ;
#7643 = ORIENTED_EDGE ( 'NONE', *, *, #3457, .T. ) ;
#7644 = FACE_OUTER_BOUND ( 'NONE', #827, .T. ) ;
#7645 = CARTESIAN_POINT ( 'NONE',  ( 0.8682753736411373824, 0.6999999999999998446, -0.2084846267975642431 ) ) ;
#7646 = CARTESIAN_POINT ( 'NONE',  ( -0.7245058631758631851, 0.8999999999999999112, -0.1829387492261359549 ) ) ;
#7647 = PRESENTATION_STYLE_ASSIGNMENT (( #3878 ) ) ;
#7648 = CARTESIAN_POINT ( 'NONE',  ( 0.1234618661766542225, 0.9000000000000001332, -0.2156198609445330872 ) ) ;
#7649 = CARTESIAN_POINT ( 'NONE',  ( 0.7713008060746493477, 0.9000000000000002442, -0.07731518626360404933 ) ) ;
#7650 = CARTESIAN_POINT ( 'NONE',  ( 0.1835321423746523184, 0.7000000000000000666, -0.2165816722341075973 ) ) ;
#7651 = AXIS2_PLACEMENT_3D ( 'NONE', #7145, #9604, #2620 ) ;
#7652 =( NAMED_UNIT ( * ) PLANE_ANGLE_UNIT ( ) SI_UNIT ( $, .RADIAN. ) );
#7653 = CARTESIAN_POINT ( 'NONE',  ( 0.8245032806308049134, 0.9000000000000001332, 0.08973780313695599309 ) ) ;
#7654 = CARTESIAN_POINT ( 'NONE',  ( 0.1380973383090499385, 0.7000000000000001776, -0.02518886229888707765 ) ) ;
#7655 = VERTEX_POINT ( 'NONE', #5728 ) ;
#7656 = CARTESIAN_POINT ( 'NONE',  ( 0.1240053165567367166, 0.8999999999999999112, -0.1773234790724849408 ) ) ;
#7657 = VECTOR ( 'NONE', #8845, 1000.000000000000000 ) ;
#7658 = B_SPLINE_CURVE_WITH_KNOTS ( 'NONE', 3,
 ( #5782, #9018, #5020, #1867, #192, #2558, #3463, #3310, #1100, #5581, #9680, #2500, #8802, #1672, #996, #5680, #8914, #2602, #4040, #7230, #3256, #1776, #85, #4912, #3368, #6531, #5735, #7494, #3513, #6678, #9882, #8434, #1964 ),
 .UNSPECIFIED., .F., .F.,
 ( 4, 1, 1, 1, 1, 1, 1, 1, 1, 1, 1, 1, 1, 1, 1, 1, 1, 1, 1, 1, 1, 1, 1, 1, 1, 1, 1, 1, 1, 1, 4 ),
 ( 0.5000000000000027756, 0.5006658768179803598, 0.5176992088370960809, 0.5345885246772016375, 0.5504118387734341367, 0.5655495732241394569, 0.5799939736924616396, 0.5941467760718645019, 0.6080609930483465986, 0.6219948703596929196, 0.6361610574130701634, 0.6507360740270519139, 0.6655148265164351207, 0.6808392061421467689, 0.6967686291496256734, 0.7134357983016839100, 0.7309566613366283994, 0.7496362701015553132, 0.7691495266376311424, 0.7885285061174638344, 0.8066461500531909579, 0.8236200373703477240, 0.8395229995239972265, 0.8543017520133804332, 0.8685937316529253049, 0.8822836710319470477, 0.8956466857834164408, 0.9216587849400303956, 0.9472052799627518338, 0.9730378515329665134, 1.000000000000000000 ),
 .UNSPECIFIED. ) ;
#7659 = CARTESIAN_POINT ( 'NONE',  ( 0.7649659949565293937, 0.6999999999999996225, -0.005074628296310338543 ) ) ;
#7660 = LINE ( 'NONE', #4361, #926 ) ;
#7661 = LINE ( 'NONE', #465, #8538 ) ;
#7662 = CARTESIAN_POINT ( 'NONE',  ( 0.4795210483643950194, 0.9000000000000002442, 0.005250784392804057170 ) ) ;
#7663 = CARTESIAN_POINT ( 'NONE',  ( 0.1076246631937065740, 0.7000000000000001776, -0.1649787261663503146 ) ) ;
#7664 = CARTESIAN_POINT ( 'NONE',  ( 0.7738954034358227485, 0.9000000000000000222, -0.1229090932127586272 ) ) ;
#7665 = CARTESIAN_POINT ( 'NONE',  ( 0.6842829535455845491, 0.7000000000000000666, -0.1555126056336625373 ) ) ;
#7666 = SURFACE_SIDE_STYLE ('',( #5334 ) ) ;
#7667 = EDGE_CURVE ( 'NONE', #9919, #3113, #5834, .T. ) ;
#7668 = VERTEX_POINT ( 'NONE', #7486 ) ;
#7669 = EDGE_LOOP ( 'NONE', ( #6700, #4392, #5589, #10311 ) ) ;
#7670 = CARTESIAN_POINT ( 'NONE',  ( 0.5101372791548065555, 0.9000000000000001332, -0.03287577982225470957 ) ) ;
#7671 = EDGE_LOOP ( 'NONE', ( #109, #4543, #9025, #9639 ) ) ;
#7672 = SURFACE_SIDE_STYLE ('',( #6976 ) ) ;
#7673 = VERTEX_POINT ( 'NONE', #1860 ) ;
#7674 = DIRECTION ( 'NONE',  ( -0.0000000000000000000, 0.0000000000000000000, 1.000000000000000000 ) ) ;
#7675 = CARTESIAN_POINT ( 'NONE',  ( 1.102569208367712550, 0.9000000000000000222, -0.04084609361989458703 ) ) ;
#7676 = CARTESIAN_POINT ( 'NONE',  ( 0.7289435814930719237, 0.6999999999999999556, -0.001604684070575989382 ) ) ;
#7677 = CARTESIAN_POINT ( 'NONE',  ( 0.5888544585666312114, 0.9000000000000002442, -0.2172497489325814490 ) ) ;
#7678 = CARTESIAN_POINT ( 'NONE',  ( 0.6205919826954976459, 0.6999999999999998446, -0.1833162086894176701 ) ) ;
#7679 = CARTESIAN_POINT ( 'NONE',  ( 0.8832732323654995943, 0.9000000000000000222, -0.001550926232035576514 ) ) ;
#7680 = EDGE_CURVE ( 'NONE', #9134, #7990, #1769, .T. ) ;
#7681 = ORIENTED_EDGE ( 'NONE', *, *, #2211, .T. ) ;
#7682 = STYLED_ITEM ( 'NONE', ( #4125 ), #8582 ) ;
#7683 = EDGE_CURVE ( 'NONE', #6252, #4531, #6729, .T. ) ;
#7684 = CARTESIAN_POINT ( 'NONE',  ( -0.7377230851735946393, 0.9000000000000001332, 0.08962338610486260404 ) ) ;
#7685 = CARTESIAN_POINT ( 'NONE',  ( 0.7652641906819904749, 0.8999999999999999112, -0.008451402390986939225 ) ) ;
#7686 = VECTOR ( 'NONE', #4601, 1000.000000000000000 ) ;
#7687 = ORIENTED_EDGE ( 'NONE', *, *, #2834, .T. ) ;
#7688 =( NAMED_UNIT ( * ) SI_UNIT ( $, .STERADIAN. ) SOLID_ANGLE_UNIT ( ) );
#7689 = CARTESIAN_POINT ( 'NONE',  ( 0.9628790087141680942, -0.1000000000000000056, 0.9760643809100244539 ) ) ;
#7690 = CARTESIAN_POINT ( 'NONE',  ( -0.8322599970489269472, 0.6999999999999999556, 0.01063007290813040850 ) ) ;
#7691 = EDGE_CURVE ( 'NONE', #2223, #5789, #6670, .T. ) ;
#7692 = PRESENTATION_LAYER_ASSIGNMENT (  '', '', ( #2025 ) ) ;
#7693 = DIRECTION ( 'NONE',  ( 1.000000000000000000, 0.0000000000000000000, 0.0000000000000000000 ) ) ;
#7694 =( LENGTH_UNIT ( ) NAMED_UNIT ( * ) SI_UNIT ( .MILLI., .METRE. ) );
#7695 = DIRECTION ( 'NONE',  ( 0.0000000000000000000, 1.000000000000000000, 0.0000000000000000000 ) ) ;
#7696 = B_SPLINE_CURVE_WITH_KNOTS ( 'NONE', 3,
 ( #9156, #6721, #5769, #336, #9008, #6664, #9926, #5931, #4951, #2736, #9978, #5007, #5110, #5159, #8163, #8370, #8320, #1240, #6827, #2939, #6090, #2174, #10034, #5304, #1447, #2885, #2122, #8475, #8579, #769 ),
 .UNSPECIFIED., .F., .F.,
 ( 4, 1, 1, 1, 1, 1, 1, 1, 1, 1, 1, 1, 1, 1, 1, 1, 1, 1, 1, 1, 1, 1, 1, 1, 1, 1, 1, 4 ),
 ( 0.0000000000000000000, 0.02740524723032099555, 0.05503395209103765368, 0.08377220195114434831, 0.1142238255655483731, 0.1299202037005441623, 0.1453459343363630862, 0.1610557224508529228, 0.1772109197982088824, 0.1941500347021352935, 0.2118240675998738498, 0.2306351098182590487, 0.2507635006051837090, 0.2708918913921077309, 0.2899066873408585598, 0.3077809418997912716, 0.3249141191778431303, 0.3414404525715341032, 0.3574949690632402421, 0.3733926337609954627, 0.3895060661075424036, 0.4054724606372513973, 0.4212437877979879342, 0.4368459733576778303, 0.4526266441179073730, 0.4681598439945418577, 0.4841854783496179482, 0.5000000000000027756 ),
 .UNSPECIFIED. ) ;
#7697 = SURFACE_STYLE_USAGE ( .BOTH. , #4495 ) ;
#7698 = FILL_AREA_STYLE ('',( #8321 ) ) ;
#7699 = CARTESIAN_POINT ( 'NONE',  ( 1.107739438573630109, 0.6999999999999995115, -0.1304479404902150474 ) ) ;
#7700 = VERTEX_POINT ( 'NONE', #9932 ) ;
#7701 = AXIS2_PLACEMENT_3D ( 'NONE', #9937, #6675, #9879 ) ;
#7702 = ORIENTED_EDGE ( 'NONE', *, *, #6312, .F. ) ;
#7703 = ORIENTED_EDGE ( 'NONE', *, *, #5112, .T. ) ;
#7704 = DIRECTION ( 'NONE',  ( -0.0000000000000000000, 1.000000000000000000, -0.0000000000000000000 ) ) ;
#7705 = VECTOR ( 'NONE', #8969, 1000.000000000000000 ) ;
#7706 = CARTESIAN_POINT ( 'NONE',  ( 0.0000000000000000000, 0.0000000000000000000, -0.6250000000000001110 ) ) ;
#7707 = CARTESIAN_POINT ( 'NONE',  ( 0.6306711857971823987, 0.8999999999999996891, 0.04940003752621859728 ) ) ;
#7708 = CARTESIAN_POINT ( 'NONE',  ( 0.0000000000000000000, -0.1000000000000000056, -0.6699999999999965983 ) ) ;
#7709 = CARTESIAN_POINT ( 'NONE',  ( 0.7384316748862482793, 0.9000000000000002442, -0.1366515634528985834 ) ) ;
#7710 = FILL_AREA_STYLE ('',( #9274 ) ) ;
#7711 = EDGE_CURVE ( 'NONE', #4046, #3888, #5883, .T. ) ;
#7712 = CARTESIAN_POINT ( 'NONE',  ( 0.2007679308973661925, 0.6999999999999996225, -0.1376799718627219338 ) ) ;
#7713 = ORIENTED_EDGE ( 'NONE', *, *, #91, .T. ) ;
#7714 = LINE ( 'NONE', #10106, #8825 ) ;
#7715 = CARTESIAN_POINT ( 'NONE',  ( -0.7849079715694989856, 0.9000000000000002442, 0.02375501924015976929 ) ) ;
#7716 = VECTOR ( 'NONE', #4382, 1000.000000000000000 ) ;
#7717 = CARTESIAN_POINT ( 'NONE',  ( 0.8590296942791876278, 0.6999999999999997335, -0.04399283944731290780 ) ) ;
#7718 = CARTESIAN_POINT ( 'NONE',  ( 1.270879639914568315, -0.1000000000000000056, -0.0000000000000000000 ) ) ;
#7719 = CARTESIAN_POINT ( 'NONE',  ( 0.2371482358366309717, 0.9000000000000003553, -0.1325348837895402032 ) ) ;
#7720 = CARTESIAN_POINT ( 'NONE',  ( 0.3218975355758117995, 0.7000000000000002887, 0.07273216131514148586 ) ) ;
#7721 = CARTESIAN_POINT ( 'NONE',  ( 0.1326844567878494863, 0.9000000000000000222, -0.1816477752873975893 ) ) ;
#7722 = CARTESIAN_POINT ( 'NONE',  ( 0.8097475163284283406, 0.9000000000000001332, -0.09193065823550433668 ) ) ;
#7723 = DIRECTION ( 'NONE',  ( 0.0000000000000000000, 0.0000000000000000000, 1.000000000000000000 ) ) ;
#7724 = CARTESIAN_POINT ( 'NONE',  ( 0.4419932843881950180, 0.9000000000000003553, 0.001554448616185126518 ) ) ;
#7725 = ORIENTED_EDGE ( 'NONE', *, *, #8129, .T. ) ;
#7726 = ORIENTED_EDGE ( 'NONE', *, *, #2831, .T. ) ;
#7727 = CARTESIAN_POINT ( 'NONE',  ( 0.5047419538172717157, 0.9000000000000000222, -0.01213239889768011164 ) ) ;
#7728 = ORIENTED_EDGE ( 'NONE', *, *, #1498, .F. ) ;
#7729 = PLANE ( 'NONE',  #6791 ) ;
#7730 = ORIENTED_EDGE ( 'NONE', *, *, #7683, .T. ) ;
#7731 = EDGE_LOOP ( 'NONE', ( #9266, #7616, #9150, #1826 ) ) ;
#7732 = EDGE_CURVE ( 'NONE', #7797, #8035, #5116, .T. ) ;
#7733 = CARTESIAN_POINT ( 'NONE',  ( 0.6448255035165630922, 0.9000000000000002442, -0.1636676406171666265 ) ) ;
#7734 = LINE ( 'NONE', #2157, #10192 ) ;
#7735 = CARTESIAN_POINT ( 'NONE',  ( -0.8176490827418646523, 0.9000000000000000222, -0.1662060439421389202 ) ) ;
#7736 = LINE ( 'NONE', #10173, #6555 ) ;
#7737 = CARTESIAN_POINT ( 'NONE',  ( 0.7299385271918233942, 0.6999999999999997335, 0.01820488221624567970 ) ) ;
#7738 = CARTESIAN_POINT ( 'NONE',  ( 0.5405558301601336435, 0.7000000000000002887, -0.08116242306557371056 ) ) ;
#7739 = CARTESIAN_POINT ( 'NONE',  ( 0.5812854540637113487, 0.6999999999999997335, -0.1843623592287816360 ) ) ;
#7740 = ORIENTED_EDGE ( 'NONE', *, *, #3523, .T. ) ;
#7741 = CARTESIAN_POINT ( 'NONE',  ( 0.06823054394044088256, 0.9000000000000001332, 0.05829256982807059367 ) ) ;
#7742 = CARTESIAN_POINT ( 'NONE',  ( 0.7884917395532010653, 0.9000000000000000222, -0.04490989065077129194 ) ) ;
#7743 = ORIENTED_EDGE ( 'NONE', *, *, #4521, .F. ) ;
#7744 = SURFACE_SIDE_STYLE ('',( #3907 ) ) ;
#7745 = DIRECTION ( 'NONE',  ( 1.000000000000000000, 0.0000000000000000000, 0.0000000000000000000 ) ) ;
#7746 = CARTESIAN_POINT ( 'NONE',  ( 0.8736379836602401472, 0.6999999999999997335, -0.1389509197478257518 ) ) ;
#7747 = MECHANICAL_DESIGN_GEOMETRIC_PRESENTATION_REPRESENTATION (  '', ( #590 ), #8409 ) ;
#7748 = DIRECTION ( 'NONE',  ( -0.0000000000000000000, 1.000000000000000000, -0.0000000000000000000 ) ) ;
#7750 = EDGE_CURVE ( 'NONE', #422, #1155, #7759, .T. ) ;
#7749 = CARTESIAN_POINT ( 'NONE',  ( 0.6940729884800482807, 0.8999999999999998002, -0.001671787047768864918 ) ) ;
#7751 = PRESENTATION_STYLE_ASSIGNMENT (( #712 ) ) ;
#7752 = FACE_OUTER_BOUND ( 'NONE', #3712, .T. ) ;
#7753 = DIRECTION ( 'NONE',  ( 1.000000000000000000, 0.0000000000000000000, 0.0000000000000000000 ) ) ;
#7754 = CARTESIAN_POINT ( 'NONE',  ( 1.077949468971568514, 0.6999999999999998446, -0.1758585520502410626 ) ) ;
#7755 = ORIENTED_EDGE ( 'NONE', *, *, #8363, .T. ) ;
#7756 =( GEOMETRIC_REPRESENTATION_CONTEXT ( 3 ) GLOBAL_UNCERTAINTY_ASSIGNED_CONTEXT ( ( #5081 ) ) GLOBAL_UNIT_ASSIGNED_CONTEXT ( ( #5070, #82, #657 ) ) REPRESENTATION_CONTEXT ( 'NONE', 'WORKASPACE' ) );
#7757 = ORIENTED_EDGE ( 'NONE', *, *, #6674, .T. ) ;
#7758 = ORIENTED_EDGE ( 'NONE', *, *, #10079, .F. ) ;
#7759 = LINE ( 'NONE', #2128, #6630 ) ;
#7760 = PLANE ( 'NONE',  #6073 ) ;
#7761 = ADVANCED_FACE ( 'NONE', ( #3713 ), #1346, .T. ) ;
#7762 = FACE_OUTER_BOUND ( 'NONE', #6949, .T. ) ;
#7763 = DIRECTION ( 'NONE',  ( 0.0000000000000000000, 0.0000000000000000000, 1.000000000000000000 ) ) ;
#7764 = CARTESIAN_POINT ( 'NONE',  ( 0.7581409953604311136, 0.9000000000000000222, -0.06505859029947427818 ) ) ;
#7765 = PRESENTATION_STYLE_ASSIGNMENT (( #4662 ) ) ;
#7766 = CARTESIAN_POINT ( 'NONE',  ( 0.7683156845839036464, 0.6999999999999995115, 0.02521840137787144734 ) ) ;
#7767 = CARTESIAN_POINT ( 'NONE',  ( 0.9179341345734082225, 0.9000000000000003553, -0.01404739084849768692 ) ) ;
#7768 = CARTESIAN_POINT ( 'NONE',  ( 0.1177655490032506191, 0.9000000000000001332, 0.04946576584958733980 ) ) ;
#7769 = ORIENTED_EDGE ( 'NONE', *, *, #2540, .T. ) ;
#7770 = MECHANICAL_DESIGN_GEOMETRIC_PRESENTATION_REPRESENTATION (  '', ( #1929 ), #6398 ) ;
#7771 = FACE_OUTER_BOUND ( 'NONE', #9546, .T. ) ;
#7773 = EDGE_CURVE ( 'NONE', #8246, #1608, #4501, .T. ) ;
#7772 = CARTESIAN_POINT ( 'NONE',  ( 0.8509003046451260044, 0.7000000000000000666, -0.04865509161013197026 ) ) ;
#7774 = CARTESIAN_POINT ( 'NONE',  ( -0.6927676280481902538, 0.6999999999999997335, -0.2062021983103295153 ) ) ;
#7775 = PRESENTATION_STYLE_ASSIGNMENT (( #3947 ) ) ;
#7776 = CARTESIAN_POINT ( 'NONE',  ( 0.6465432484995263795, 0.8999999999999999112, -0.1241710342058428979 ) ) ;
#7777 = CARTESIAN_POINT ( 'NONE',  ( 0.8671496592900975742, 0.9000000000000000222, -0.1150618645473976270 ) ) ;
#7778 = CARTESIAN_POINT ( 'NONE',  ( 0.6726374818835633151, 0.7000000000000001776, -0.1852002767618871892 ) ) ;
#7779 = VECTOR ( 'NONE', #7427, 1000.000000000000000 ) ;
#7780 = SURFACE_STYLE_FILL_AREA ( #6751 ) ;
#7781 = STYLED_ITEM ( 'NONE', ( #9371 ), #4069 ) ;
#7782 = VERTEX_POINT ( 'NONE', #5311 ) ;
#7783 = ORIENTED_EDGE ( 'NONE', *, *, #1812, .F. ) ;
#7784 = CARTESIAN_POINT ( 'NONE',  ( -0.8394774711385069033, 0.9000000000000002442, -0.05423626301794441662 ) ) ;
#7785 = CARTESIAN_POINT ( 'NONE',  ( 0.5210295594020738497, 0.6999999999999999556, -0.05247184290646548371 ) ) ;
#7786 = ORIENTED_EDGE ( 'NONE', *, *, #1123, .T. ) ;
#7787 = FILL_AREA_STYLE_COLOUR ( '', #2489 ) ;
#7788 = CARTESIAN_POINT ( 'NONE',  ( 0.6491624797894113286, 0.8999999999999998002, -0.1445432502515862361 ) ) ;
#7789 = DIRECTION ( 'NONE',  ( -0.0000000000000000000, 1.000000000000000000, -0.0000000000000000000 ) ) ;
#7790 = PLANE ( 'NONE',  #2427 ) ;
#7791 = VECTOR ( 'NONE', #8188, 1000.000000000000000 ) ;
#7792 = CARTESIAN_POINT ( 'NONE',  ( 0.6294314637131074308, 0.6999999999999998446, -0.1796168887522079372 ) ) ;
#7793 =( LENGTH_UNIT ( ) NAMED_UNIT ( * ) SI_UNIT ( .MILLI., .METRE. ) );
#7794 = EDGE_CURVE ( 'NONE', #6801, #806, #10043, .T. ) ;
#7795 = CARTESIAN_POINT ( 'NONE',  ( 0.1380973383090499385, 0.7000000000000001776, -0.02518886229888707765 ) ) ;
#7796 = LINE ( 'NONE', #4641, #4140 ) ;
#7797 = VERTEX_POINT ( 'NONE', #561 ) ;
#7798 = CARTESIAN_POINT ( 'NONE',  ( 1.187634982997886501, 0.6999999999999999556, 0.9780523389394325529 ) ) ;
#7799 = VECTOR ( 'NONE', #3697, 1000.000000000000000 ) ;
#7800 = CARTESIAN_POINT ( 'NONE',  ( 0.1250000000000000000, -0.1000000000000000056, -1.149999999999999911 ) ) ;
#7801 = PLANE ( 'NONE',  #1430 ) ;
#7802 = CARTESIAN_POINT ( 'NONE',  ( 0.6922103755512303280, 0.9000000000000000222, 0.02173709294237781420 ) ) ;
#7803 = CARTESIAN_POINT ( 'NONE',  ( 0.09283484986428548746, 0.9000000000000001332, -0.1989781478853135388 ) ) ;
#7804 = CARTESIAN_POINT ( 'NONE',  ( 0.0000000000000000000, 0.0000000000000000000, -0.8750000000000001110 ) ) ;
#7805 = CARTESIAN_POINT ( 'NONE',  ( -0.1250000000000000000, 0.0000000000000000000, -1.149999999999999911 ) ) ;
#7806 = CARTESIAN_POINT ( 'NONE',  ( 0.0000000000000000000, -0.1000000000000000056, -0.1250000000000000555 ) ) ;
#7807 = EDGE_CURVE ( 'NONE', #5135, #586, #6896, .T. ) ;
#7808 = ORIENTED_EDGE ( 'NONE', *, *, #7488, .T. ) ;
#7809 = EDGE_CURVE ( 'NONE', #1558, #7515, #8533, .T. ) ;
#7810 = ORIENTED_EDGE ( 'NONE', *, *, #7488, .F. ) ;
#7811 = B_SPLINE_CURVE_WITH_KNOTS ( 'NONE', 3,
 ( #753, #10318, #4785, #2468, #5596, #7953, #158, #5553, #6387, #6443, #9601, #4007, #8819, #2523, #8099, #107, #6288, #907, #1643 ),
 .UNSPECIFIED., .F., .F.,
 ( 4, 1, 1, 1, 1, 1, 1, 1, 1, 1, 1, 1, 1, 1, 1, 1, 4 ),
 ( 0.0000000000000000000, 0.06959912212071175941, 0.1356633186100079380, 0.1990283409144482096, 0.2598708728040728388, 0.3198086087804382638, 0.3779561657745340586, 0.4357276297007842691, 0.4943266187334065531, 0.5529256077660291702, 0.6114170346366848419, 0.6703325990144382018, 0.7309086298701833462, 0.7939840222659074742, 0.8590746454106361618, 0.9277616096444858407, 1.000000000000000000 ),
 .UNSPECIFIED. ) ;
#7812 = EDGE_LOOP ( 'NONE', ( #10238, #2060, #9184, #6925 ) ) ;
#7813 = CARTESIAN_POINT ( 'NONE',  ( -0.7964618074536528036, 0.9000000000000001332, -0.02889311791512303232 ) ) ;
#7814 = CARTESIAN_POINT ( 'NONE',  ( 0.5414504229454667472, 0.8999999999999999112, 0.01626577587549255313 ) ) ;
#7815 = CARTESIAN_POINT ( 'NONE',  ( 1.117376291589158743, 0.9000000000000000222, -0.1952603211970942720 ) ) ;
#7816 = CARTESIAN_POINT ( 'NONE',  ( 0.8608515144147662612, 0.9000000000000001332, -0.2116679104145388901 ) ) ;
#7817 = CARTESIAN_POINT ( 'NONE',  ( 0.06403130079131763575, 0.7000000000000000666, 0.07734268435047664259 ) ) ;
#7818 = CARTESIAN_POINT ( 'NONE',  ( 0.1541706102787261390, 0.6999999999999998446, 0.006642594362090291707 ) ) ;
#7819 = LINE ( 'NONE', #3108, #945 ) ;
#7820 = CARTESIAN_POINT ( 'NONE',  ( 1.066055317472413000, 0.9000000000000001332, -0.1788727100540595805 ) ) ;
#7821 = ADVANCED_FACE ( 'NONE', ( #7644 ), #6836, .F. ) ;
#7822 = B_SPLINE_CURVE_WITH_KNOTS ( 'NONE', 3,
 ( #9257, #4015, #1603, #4066, #2381, #7203, #915, #116, #5516, #7104, #7306, #2578, #7150, #1553, #8054, #5653, #5706, #1650, #4748, #8733, #7961, #820, #3284, #3148, #2476, #6453, #9657, #167, #2533, #9607, #4792, #9705, #5559 ),
 .UNSPECIFIED., .F., .F.,
 ( 4, 1, 1, 1, 1, 1, 1, 1, 1, 1, 1, 1, 1, 1, 1, 1, 1, 1, 1, 1, 1, 1, 1, 1, 1, 1, 1, 1, 1, 1, 4 ),
 ( 0.5000000000000026645, 0.5006658768179803598, 0.5176992088370960809, 0.5345885246772016375, 0.5504118387734342477, 0.5655495732241393458, 0.5799939736924618616, 0.5941467760718646129, 0.6080609930483468206, 0.6219948703596925865, 0.6361610574130704965, 0.6507360740270515809, 0.6655148265164354537, 0.6808392061421464359, 0.6967686291496260065, 0.7134357983016842431, 0.7309566613366287324, 0.7496362701015555352, 0.7691495266376306983, 0.7885285061174635013, 0.8066461500531906248, 0.8236200373703472799, 0.8395229995239967824, 0.8543017520133806553, 0.8685937316529249719, 0.8822836710319471587, 0.8956466857834166628, 0.9216587849400305066, 0.9472052799627519448, 0.9730378515329664024, 1.000000000000000000 ),
 .UNSPECIFIED. ) ;
#7823 = EDGE_CURVE ( 'NONE', #8808, #747, #3156, .T. ) ;
#7824 = CARTESIAN_POINT ( 'NONE',  ( -0.7561670509831552867, 0.6999999999999998446, 0.05284469477732808840 ) ) ;
#7825 = VECTOR ( 'NONE', #6033, 1000.000000000000000 ) ;
#7826 = CARTESIAN_POINT ( 'NONE',  ( 0.3785304246042514587, 0.8999999999999998002, -0.07770905958397308910 ) ) ;
#7827 = CARTESIAN_POINT ( 'NONE',  ( 0.2376522604876075417, 0.8999999999999999112, -0.1433314984228195588 ) ) ;
#7828 = SURFACE_STYLE_USAGE ( .BOTH. , #29 ) ;
#7829 = CARTESIAN_POINT ( 'NONE',  ( 0.6151875586005524088, 0.9000000000000002442, -0.09316472472550185735 ) ) ;
#7830 = DIRECTION ( 'NONE',  ( 1.000000000000000000, 0.0000000000000000000, 0.0000000000000000000 ) ) ;
#7831 = ORIENTED_EDGE ( 'NONE', *, *, #3335, .T. ) ;
#7832 = VERTEX_POINT ( 'NONE', #177 ) ;
#7833 = EDGE_LOOP ( 'NONE', ( #9394, #2930, #4448, #2397 ) ) ;
#7834 = VECTOR ( 'NONE', #3250, 1000.000000000000114 ) ;
#7835 = ADVANCED_FACE ( 'NONE', ( #9570 ), #6191, .T. ) ;
#7836 = CARTESIAN_POINT ( 'NONE',  ( 0.4210182143145457800, 0.7000000000000005107, 0.04498722318875492815 ) ) ;
#7837 = ORIENTED_EDGE ( 'NONE', *, *, #1091, .F. ) ;
#7838 = ORIENTED_EDGE ( 'NONE', *, *, #8976, .F. ) ;
#7839 = SURFACE_STYLE_USAGE ( .BOTH. , #4908 ) ;
#7840 = LINE ( 'NONE', #8617, #1247 ) ;
#7841 = LINE ( 'NONE', #2465, #8741 ) ;
#7842 = UNCERTAINTY_MEASURE_WITH_UNIT (LENGTH_MEASURE( 1.000000000000000082E-05 ), #9828, 'distance_accuracy_value', 'NONE');
#7843 = CARTESIAN_POINT ( 'NONE',  ( 1.142298983332442841, 0.6999999999999997335, -0.08495726109205088694 ) ) ;
#7844 = VECTOR ( 'NONE', #8121, 1000.000000000000000 ) ;
#7845 = CARTESIAN_POINT ( 'NONE',  ( 0.4276310135655184141, 0.7000000000000000666, -0.06131941956544862543 ) ) ;
#7846 = CARTESIAN_POINT ( 'NONE',  ( 0.6807402726685816141, 0.7000000000000000666, -0.1173389452988362058 ) ) ;
#7847 = DIRECTION ( 'NONE',  ( 0.0000000000000000000, 0.0000000000000000000, 1.000000000000000000 ) ) ;
#7848 = LINE ( 'NONE', #6814, #7799 ) ;
#7849 = VERTEX_POINT ( 'NONE', #4854 ) ;
#7850 = CARTESIAN_POINT ( 'NONE',  ( 0.1221465182933141463, 0.6999999999999999556, -0.005732356088013886193 ) ) ;
#7851 = DIRECTION ( 'NONE',  ( -0.0000000000000000000, 1.000000000000000000, -0.0000000000000000000 ) ) ;
#7852 = VECTOR ( 'NONE', #6235, 1000.000000000000000 ) ;
#7853 = ORIENTED_EDGE ( 'NONE', *, *, #8668, .F. ) ;
#7854 = DIRECTION ( 'NONE',  ( 0.0000000000000000000, 0.0000000000000000000, 1.000000000000000000 ) ) ;
#7855 = LINE ( 'NONE', #3810, #7414 ) ;
#7856 = CARTESIAN_POINT ( 'NONE',  ( 0.1043748405510689092, 0.8999999999999996891, -0.2071860935441334206 ) ) ;
#7857 = CARTESIAN_POINT ( 'NONE',  ( -0.6869960626756717037, 0.7000000000000000666, -0.02091489518061831129 ) ) ;
#7858 = CARTESIAN_POINT ( 'NONE',  ( -0.4798283483314892406, 0.6999999999999999556, -0.2138853858249619433 ) ) ;
#7859 = FILL_AREA_STYLE_COLOUR ( '', #9597 ) ;
#7860 = MECHANICAL_DESIGN_GEOMETRIC_PRESENTATION_REPRESENTATION (  '', ( #4669 ), #7333 ) ;
#7861 = ORIENTED_EDGE ( 'NONE', *, *, #8880, .F. ) ;
#7862 = ORIENTED_EDGE ( 'NONE', *, *, #6056, .T. ) ;
#7863 = VERTEX_POINT ( 'NONE', #1610 ) ;
#7864 = DIRECTION ( 'NONE',  ( 0.0000000000000000000, 0.0000000000000000000, 1.000000000000000000 ) ) ;
#7865 = CARTESIAN_POINT ( 'NONE',  ( -1.399999999999999689, 0.0000000000000000000, 0.0000000000000000000 ) ) ;
#7866 = VECTOR ( 'NONE', #5673, 1000.000000000000000 ) ;
#7867 = ADVANCED_FACE ( 'NONE', ( #7215 ), #4757, .T. ) ;
#7868 = PRESENTATION_STYLE_ASSIGNMENT (( #1504 ) ) ;
#7869 = CARTESIAN_POINT ( 'NONE',  ( 0.5401364446288797749, 0.9000000000000000222, 3.730028055596405903E-05 ) ) ;
#7870 = CARTESIAN_POINT ( 'NONE',  ( 0.08745275682058027689, 0.8999999999999999112, -0.1939917160131480744 ) ) ;
#7871 = FACE_OUTER_BOUND ( 'NONE', #6449, .T. ) ;
#7872 = SURFACE_SIDE_STYLE ('',( #3776 ) ) ;
#7873 = CARTESIAN_POINT ( 'NONE',  ( 0.7766242650903819600, 0.7000000000000001776, 0.04074234594443133101 ) ) ;
#7874 = CARTESIAN_POINT ( 'NONE',  ( 0.6151875586005524088, 0.7000000000000001776, -0.09316472472550185735 ) ) ;
#7875 = MECHANICAL_DESIGN_GEOMETRIC_PRESENTATION_REPRESENTATION (  '', ( #8362 ), #4511 ) ;
#7876 = VERTEX_POINT ( 'NONE', #5108 ) ;
#7877 = DIRECTION ( 'NONE',  ( 0.5692099788303084384, 0.0000000000000000000, -0.8221921916437784361 ) ) ;
#7878 = CARTESIAN_POINT ( 'NONE',  ( 0.5465025748003905504, 0.6999999999999996225, 0.03220283864309930744 ) ) ;
#7879 = FACE_OUTER_BOUND ( 'NONE', #7671, .T. ) ;
#7880 = CARTESIAN_POINT ( 'NONE',  ( 0.4155177994651816920, 0.8999999999999999112, -0.06982523802092543974 ) ) ;
#7882 = EDGE_CURVE ( 'NONE', #5389, #3503, #7535, .T. ) ;
#7881 = CARTESIAN_POINT ( 'NONE',  ( 0.2106116303978625703, 0.8999999999999999112, -0.06700190136883846237 ) ) ;
#7883 = CARTESIAN_POINT ( 'NONE',  ( 0.5619781793719337282, 0.8999999999999995781, -0.1031005013175879670 ) ) ;
#7884 = DIRECTION ( 'NONE',  ( -1.000000000000000000, 0.0000000000000000000, 0.0000000000000000000 ) ) ;
#7885 = SURFACE_SIDE_STYLE ('',( #8658 ) ) ;
#7886 = EDGE_CURVE ( 'NONE', #3168, #1244, #9006, .T. ) ;
#7887 = ORIENTED_EDGE ( 'NONE', *, *, #9958, .F. ) ;
#7888 = VERTEX_POINT ( 'NONE', #1955 ) ;
#7889 = CARTESIAN_POINT ( 'NONE',  ( 1.399999999999999689, -0.1000000000000000056, 0.1250000000000001665 ) ) ;
#7890 = CARTESIAN_POINT ( 'NONE',  ( -0.7492988924491774672, 0.9000000000000000222, -0.1824092285516123180 ) ) ;
#7891 = ORIENTED_EDGE ( 'NONE', *, *, #9624, .T. ) ;
#7892 = FACE_BOUND ( 'NONE', #5481, .T. ) ;
#7893 = VERTEX_POINT ( 'NONE', #2681 ) ;
#7894 = VERTEX_POINT ( 'NONE', #9868 ) ;
#7895 = CARTESIAN_POINT ( 'NONE',  ( 0.6368646022958032171, 0.6999999999999997335, -0.1743505195400708030 ) ) ;
#7896 = CARTESIAN_POINT ( 'NONE',  ( -0.8394774711385067922, 0.9000000000000001332, -0.05423626301794440968 ) ) ;
#7897 = CARTESIAN_POINT ( 'NONE',  ( 0.8451533862042696077, 0.8999999999999999112, -0.1833162086894177534 ) ) ;
#7898 = EDGE_CURVE ( 'NONE', #3656, #6389, #7586, .T. ) ;
#7899 = CARTESIAN_POINT ( 'NONE',  ( 0.4038813033863780100, 0.6999999999999998446, -0.07466397334766607108 ) ) ;
#7900 = CARTESIAN_POINT ( 'NONE',  ( 0.3407688866768064373, 0.8999999999999999112, 0.04102163085118840091 ) ) ;
#7901 = CARTESIAN_POINT ( 'NONE',  ( 0.6784933862081518052, 0.8999999999999999112, -0.1105164985942328620 ) ) ;
#7902 = CARTESIAN_POINT ( 'NONE',  ( 0.8828697424205396160, 0.6999999999999998446, 0.004079684918803173389 ) ) ;
#7903 = CARTESIAN_POINT ( 'NONE',  ( 0.1806048038309508164, 0.8999999999999999112, -0.08358142037433353988 ) ) ;
#7904 = COLOUR_RGB ( '',1.000000000000000000, 0.9607843137254902244, 0.4549019607843137192 ) ;
#7905 = CARTESIAN_POINT ( 'NONE',  ( -0.6956905784378641933, 0.7000000000000000666, 0.07871804312170990747 ) ) ;
#7906 = PLANE ( 'NONE',  #240 ) ;
#7907 =( NAMED_UNIT ( * ) PLANE_ANGLE_UNIT ( ) SI_UNIT ( $, .RADIAN. ) );
#7908 = CARTESIAN_POINT ( 'NONE',  ( 0.4799051138979105180, 0.9000000000000002442, -0.02979514170430172873 ) ) ;
#7909 = EDGE_CURVE ( 'NONE', #9789, #3372, #5826, .T. ) ;
#7910 = CARTESIAN_POINT ( 'NONE',  ( -0.7809842737169228055, 0.6999999999999997335, -0.1549585678156302493 ) ) ;
#7911 =( NAMED_UNIT ( * ) PLANE_ANGLE_UNIT ( ) SI_UNIT ( $, .RADIAN. ) );
#7912 = EDGE_LOOP ( 'NONE', ( #5032, #2716, #3235, #3819 ) ) ;
#7913 = ORIENTED_EDGE ( 'NONE', *, *, #1564, .T. ) ;
#7914 = ORIENTED_EDGE ( 'NONE', *, *, #4797, .F. ) ;
#7915 = CARTESIAN_POINT ( 'NONE',  ( 0.8736379836602401472, 0.9000000000000000222, -0.1389509197478257518 ) ) ;
#7916 = MANIFOLD_SOLID_BREP ( '??-??2', #1868 ) ;
#7917 = PRESENTATION_LAYER_ASSIGNMENT (  '', '', ( #9892 ) ) ;
#7918 = CARTESIAN_POINT ( 'NONE',  ( -0.04123185710341913113, 0.9000000000000000222, -0.01213099986004967552 ) ) ;
#7919 = CARTESIAN_POINT ( 'NONE',  ( -0.7669820523598196438, 0.8999999999999999112, 0.04638972661842321460 ) ) ;
#7920 = CARTESIAN_POINT ( 'NONE',  ( 0.5550764747189403936, 0.8999999999999999112, 0.04385138482649052205 ) ) ;
#7921 = SURFACE_STYLE_USAGE ( .BOTH. , #4710 ) ;
#7922 = DIRECTION ( 'NONE',  ( 0.0000000000000000000, 1.000000000000000000, 0.0000000000000000000 ) ) ;
#7923 = CARTESIAN_POINT ( 'NONE',  ( 0.8711519721556796325, 0.7000000000000000666, 0.03704231484631621829 ) ) ;
#7924 = AXIS2_PLACEMENT_3D ( 'NONE', #5195, #8408, #6811 ) ;
#7925 = CARTESIAN_POINT ( 'NONE',  ( 0.0000000000000000000, -0.1000000000000000056, 1.149999999999996581 ) ) ;
#7926 = CARTESIAN_POINT ( 'NONE',  ( 0.6036205530129471475, 0.9000000000000001332, -0.09125856083493658066 ) ) ;
#7927 = VERTEX_POINT ( 'NONE', #8419 ) ;
#7928 = ADVANCED_FACE ( 'NONE', ( #3605 ), #441, .T. ) ;
#7929 = CARTESIAN_POINT ( 'NONE',  ( -1.399999999999999689, -0.1000000000000000056, 0.6249999999999996669 ) ) ;
#7930 = DIRECTION ( 'NONE',  ( 1.000000000000000000, 0.0000000000000000000, 0.0000000000000000000 ) ) ;
#7931 = STYLED_ITEM ( 'NONE', ( #9936 ), #4036 ) ;
#7932 = FACE_OUTER_BOUND ( 'NONE', #1501, .T. ) ;
#7933 = DIRECTION ( 'NONE',  ( -1.000000000000000000, 0.0000000000000000000, 0.0000000000000000000 ) ) ;
#7934 =( LENGTH_UNIT ( ) NAMED_UNIT ( * ) SI_UNIT ( .MILLI., .METRE. ) );
#7935 = CARTESIAN_POINT ( 'NONE',  ( 0.6096072233020546349, 0.9000000000000001332, -0.09193149816508756900 ) ) ;
#7936 = CARTESIAN_POINT ( 'NONE',  ( 1.047289849739204248, 0.9000000000000000222, -0.06479813767573384953 ) ) ;
#7937 =( LENGTH_UNIT ( ) NAMED_UNIT ( * ) SI_UNIT ( .MILLI., .METRE. ) );
#7938 = PRESENTATION_STYLE_ASSIGNMENT (( #4726 ) ) ;
#7939 = ORIENTED_EDGE ( 'NONE', *, *, #5588, .F. ) ;
#7940 = ORIENTED_EDGE ( 'NONE', *, *, #2019, .F. ) ;
#7941 = CARTESIAN_POINT ( 'NONE',  ( 1.148172972064894770, 0.8999999999999999112, -0.1260832657079198615 ) ) ;
#7942 = FACE_OUTER_BOUND ( 'NONE', #4919, .T. ) ;
#7943 = COLOUR_RGB ( '',1.000000000000000000, 0.9607843137254902244, 0.4549019607843137192 ) ;
#7944 = EDGE_LOOP ( 'NONE', ( #2492, #7939, #4871, #1305 ) ) ;
#7945 = ORIENTED_EDGE ( 'NONE', *, *, #3335, .F. ) ;
#7946 = CARTESIAN_POINT ( 'NONE',  ( 0.5973644583056022528, 0.9000000000000000222, -0.2174582174730951278 ) ) ;
#7947 = CARTESIAN_POINT ( 'NONE',  ( 0.8552325893059548045, 0.9000000000000003553, 0.04940003752621865279 ) ) ;
#7948 = CARTESIAN_POINT ( 'NONE',  ( 0.3750000000000000000, 0.0000000000000000000, 1.149999999999999911 ) ) ;
#7949 = STYLED_ITEM ( 'NONE', ( #975 ), #4666 ) ;
#7950 = CARTESIAN_POINT ( 'NONE',  ( -0.8392365929013065884, 0.9000000000000000222, -0.07377301090776901271 ) ) ;
#7951 = CARTESIAN_POINT ( 'NONE',  ( 0.8671901142088176417, 0.9000000000000000222, -0.1675965103596914474 ) ) ;
#7952 =( LENGTH_UNIT ( ) NAMED_UNIT ( * ) SI_UNIT ( .MILLI., .METRE. ) );
#7953 = CARTESIAN_POINT ( 'NONE',  ( 1.142298983332442841, 0.8999999999999998002, -0.08495726109205088694 ) ) ;
#7954 = CARTESIAN_POINT ( 'NONE',  ( 0.6663300530256082155, 0.9000000000000000222, -0.1928287795181234943 ) ) ;
#7955 = CARTESIAN_POINT ( 'NONE',  ( 0.8815169973047843888, 0.6999999999999997335, 0.07645579815884676056 ) ) ;
#7956 = MECHANICAL_DESIGN_GEOMETRIC_PRESENTATION_REPRESENTATION (  '', ( #7781 ), #2292 ) ;
#7957 = EDGE_CURVE ( 'NONE', #7327, #3656, #2829, .T. ) ;
#7958 = UNCERTAINTY_MEASURE_WITH_UNIT (LENGTH_MEASURE( 1.000000000000000082E-05 ), #137, 'distance_accuracy_value', 'NONE');
#7959 = PLANE ( 'NONE',  #4549 ) ;
#7960 = CARTESIAN_POINT ( 'NONE',  ( -0.7910825917853512301, 0.8999999999999999112, -0.1275336613611066372 ) ) ;
#7961 = CARTESIAN_POINT ( 'NONE',  ( 0.8115225401076195944, 0.7000000000000002887, -0.1853254838409339467 ) ) ;
#7962 = CARTESIAN_POINT ( 'NONE',  ( 0.8894666893041704991, 0.9000000000000001332, -0.06252780171503065365 ) ) ;
#7963 = VECTOR ( 'NONE', #9622, 1000.000000000000000 ) ;
#7964 = CARTESIAN_POINT ( 'NONE',  ( 0.4271491737659702803, 0.8999999999999999112, -0.06178709442334003044 ) ) ;
#7965 = DIRECTION ( 'NONE',  ( -1.000000000000000000, 0.0000000000000000000, 0.0000000000000000000 ) ) ;
#7966 = CARTESIAN_POINT ( 'NONE',  ( -1.399999999999999689, -0.1000000000000000056, 0.0000000000000000000 ) ) ;
#7967 = ORIENTED_EDGE ( 'NONE', *, *, #5213, .F. ) ;
#7968 = EDGE_CURVE ( 'NONE', #3656, #4421, #1854, .T. ) ;
#7969 = ORIENTED_EDGE ( 'NONE', *, *, #5098, .T. ) ;
#7970 = FACE_OUTER_BOUND ( 'NONE', #6066, .T. ) ;
#7971 = MECHANICAL_DESIGN_GEOMETRIC_PRESENTATION_REPRESENTATION (  '', ( #6940 ), #5258 ) ;
#7972 = DIRECTION ( 'NONE',  ( -1.000000000000000000, 0.0000000000000000000, -0.0000000000000000000 ) ) ;
#7973 = CARTESIAN_POINT ( 'NONE',  ( 0.5525662815547820461, 0.9000000000000000222, -0.03490043798231574901 ) ) ;
#7974 = SURFACE_STYLE_USAGE ( .BOTH. , #4759 ) ;
#7975 = CARTESIAN_POINT ( 'NONE',  ( 0.9030547897169235450, 0.8999999999999999112, -0.1105164985942328620 ) ) ;
#7976 = DIRECTION ( 'NONE',  ( -4.336808689942017736E-16, 0.0000000000000000000, -1.000000000000000000 ) ) ;
#7977 = CARTESIAN_POINT ( 'NONE',  ( 0.7958924613142623894, 0.7000000000000001776, 0.05249592656743325841 ) ) ;
#7978 = CARTESIAN_POINT ( 'NONE',  ( -0.9249999999999998224, 0.0000000000000000000, -0.3749999999999999445 ) ) ;
#7979 = CARTESIAN_POINT ( 'NONE',  ( 0.5713310578054900946, 0.6999999999999999556, 0.05249592656743325841 ) ) ;
#7980 = FACE_OUTER_BOUND ( 'NONE', #5090, .T. ) ;
#7981 = CARTESIAN_POINT ( 'NONE',  ( -0.7328231410485460673, 0.7000000000000000666, -0.2173096300152482507 ) ) ;
#7982 = CARTESIAN_POINT ( 'NONE',  ( 0.8732740465188725265, 0.9000000000000002442, -0.1497791909825888779 ) ) ;
#7983 = LINE ( 'NONE', #8804, #773 ) ;
#7984 = DIRECTION ( 'NONE',  ( 0.0000000000000000000, 1.000000000000000000, 0.0000000000000000000 ) ) ;
#7985 = DIRECTION ( 'NONE',  ( -1.000000000000000000, 0.0000000000000000000, 0.0000000000000000000 ) ) ;
#7986 = ORIENTED_EDGE ( 'NONE', *, *, #6695, .F. ) ;
#7987 = ORIENTED_EDGE ( 'NONE', *, *, #7158, .F. ) ;
#7988 = CARTESIAN_POINT ( 'NONE',  ( -0.6250000000000000000, -0.1000000000000000056, 0.6699999999999965983 ) ) ;
#7989 = CARTESIAN_POINT ( 'NONE',  ( -0.4798283483314892406, 0.6999999999999999556, -0.2138853858249619433 ) ) ;
#7990 = VERTEX_POINT ( 'NONE', #5006 ) ;
#7991 = ORIENTED_EDGE ( 'NONE', *, *, #2640, .F. ) ;
#7992 = CARTESIAN_POINT ( 'NONE',  ( 0.6058014909441196139, 0.9000000000000000222, -0.2172870409041417206 ) ) ;
#7993 = LINE ( 'NONE', #5638, #7387 ) ;
#7994 = DIRECTION ( 'NONE',  ( -1.000000000000000000, 0.0000000000000000000, -0.0000000000000000000 ) ) ;
#7995 = EDGE_CURVE ( 'NONE', #7107, #6120, #2987, .T. ) ;
#7996 = LINE ( 'NONE', #9496, #7582 ) ;
#7997 = DIRECTION ( 'NONE',  ( 1.000000000000000000, -0.0000000000000000000, 0.0000000000000000000 ) ) ;
#7998 = FACE_OUTER_BOUND ( 'NONE', #6213, .T. ) ;
#7999 = CARTESIAN_POINT ( 'NONE',  ( -0.6250000000000000000, 0.0000000000000000000, -0.6699999999999965983 ) ) ;
#8000 = PRESENTATION_LAYER_ASSIGNMENT (  '', '', ( #5604 ) ) ;
#8001 = CARTESIAN_POINT ( 'NONE',  ( 0.6842829535455845491, 0.9000000000000001332, -0.1555126056336625373 ) ) ;
#8002 = LINE ( 'NONE', #2528, #8487 ) ;
#8003 = LINE ( 'NONE', #3283, #5036 ) ;
#8004 = CARTESIAN_POINT ( 'NONE',  ( -0.7973722079806121465, 0.7000000000000000666, -0.05774503494776896811 ) ) ;
#8005 = PRESENTATION_STYLE_ASSIGNMENT (( #3233 ) ) ;
#8006 = EDGE_CURVE ( 'NONE', #6389, #9, #7637, .T. ) ;
#8007 = CARTESIAN_POINT ( 'NONE',  ( -0.1973722079806121410, 0.9000000000000000222, -0.08230643845654088409 ) ) ;
#8008 = CARTESIAN_POINT ( 'NONE',  ( 0.6525846516626842009, 0.8999999999999996891, 0.02670807625952674805 ) ) ;
#8009 = LINE ( 'NONE', #716, #4336 ) ;
#8010 = PRESENTATION_LAYER_ASSIGNMENT (  '', '', ( #9988 ) ) ;
#8011 = ORIENTED_EDGE ( 'NONE', *, *, #7957, .F. ) ;
#8012 = CARTESIAN_POINT ( 'NONE',  ( 0.3224800264620938384, 0.8999999999999999112, 0.003715066218319647458 ) ) ;
#8013 = ADVANCED_FACE ( 'NONE', ( #659 ), #3870, .T. ) ;
#8014 = FACE_OUTER_BOUND ( 'NONE', #3386, .T. ) ;
#8015 = VECTOR ( 'NONE', #7561, 1000.000000000000000 ) ;
#8016 = SURFACE_STYLE_USAGE ( .BOTH. , #4803 ) ;
#8017 = FILL_AREA_STYLE_COLOUR ( '', #1016 ) ;
#8018 =( NAMED_UNIT ( * ) PLANE_ANGLE_UNIT ( ) SI_UNIT ( $, .RADIAN. ) );
#8019 = CARTESIAN_POINT ( 'NONE',  ( 0.5765387762895753943, 0.6999999999999998446, 0.08822479956790063582 ) ) ;
#8020 = CARTESIAN_POINT ( 'NONE',  ( 0.4363035508179343713, 0.9000000000000001332, 0.02351377578799650550 ) ) ;
#8021 = CARTESIAN_POINT ( 'NONE',  ( 0.7358410326346203068, 0.9000000000000002442, 0.04420882317578798265 ) ) ;
#8022 = CARTESIAN_POINT ( 'NONE',  ( 0.5973646592230803520, 0.8999999999999998002, -0.09098620907987550743 ) ) ;
#8023 = CARTESIAN_POINT ( 'NONE',  ( 1.399999999999999689, 0.0000000000000000000, -0.3750000000000002220 ) ) ;
#8024 = B_SPLINE_SURFACE_WITH_KNOTS ( 'NONE', 3, 1, ( 
 ( #994, #3367 ),
 ( #7981, #141 ),
 ( #841, #3309 ),
 ( #888, #9583 ),
 ( #8801, #6473 ),
 ( #4961, #4816 ),
 ( #8029, #4039 ),
 ( #7229, #2557 ),
 ( #7335, #191 ),
 ( #9731, #8177 ),
 ( #5734, #8968 ),
 ( #1821, #1045 ),
 ( #2403, #3987 ),
 ( #7176, #9785 ),
 ( #4246, #3413 ),
 ( #6677, #5781 ),
 ( #1099, #8331 ),
 ( #7445, #1298 ),
 ( #7598, #1202 ) ),
 .UNSPECIFIED., .F., .F., .F.,
 ( 4, 1, 1, 1, 1, 1, 1, 1, 1, 1, 1, 1, 1, 1, 1, 1, 4 ),
 ( 2, 2 ),
 ( 0.0000000000000000000, 0.05912225842692454825, 0.1163745632724285939, 0.1723850336532517791, 0.2272979446814678006, 0.2824955560826822865, 0.3385223113746870793, 0.3954652401766620140, 0.4548003304608911335, 0.5151663522353935321, 0.5764256228436294149, 0.6392884606248495638, 0.7043299071627687757, 0.7725878817225226847, 0.8442388206641384674, 0.9197687139405764656, 1.000000000000000000 ),
 ( 0.0000000000000000000, 1.000000000000000000 ),
 .UNSPECIFIED. ) ;
#8025 = FACE_OUTER_BOUND ( 'NONE', #899, .T. ) ;
#8026 = SURFACE_STYLE_USAGE ( .BOTH. , #2400 ) ;
#8027 = CARTESIAN_POINT ( 'NONE',  ( 0.3915517578561104606, 0.9000000000000001332, -0.07734627495512373663 ) ) ;
#8028 = PRESENTATION_LAYER_ASSIGNMENT (  '', '', ( #9518 ) ) ;
#8029 = CARTESIAN_POINT ( 'NONE',  ( -0.6927676280481902538, 0.6999999999999997335, -0.2062021983103295153 ) ) ;
#8030 = DIRECTION ( 'NONE',  ( -1.000000000000000000, 0.0000000000000000000, 0.0000000000000000000 ) ) ;
#8031 = DIRECTION ( 'NONE',  ( 0.0000000000000000000, 1.000000000000000000, 0.0000000000000000000 ) ) ;
#8032 = EDGE_CURVE ( 'NONE', #6569, #2970, #10032, .T. ) ;
#8033 = VECTOR ( 'NONE', #7695, 1000.000000000000000 ) ;
#8034 = ORIENTED_EDGE ( 'NONE', *, *, #8910, .T. ) ;
#8035 = VERTEX_POINT ( 'NONE', #2884 ) ;
#8036 = CARTESIAN_POINT ( 'NONE',  ( 1.055259370966756149, 0.6999999999999999556, -0.2138853858249619433 ) ) ;
#8037 = CARTESIAN_POINT ( 'NONE',  ( -0.7613454220292419361, 0.6999999999999998446, -0.1769513947865563874 ) ) ;
#8038 = VERTEX_POINT ( 'NONE', #2935 ) ;
#8039 = ORIENTED_EDGE ( 'NONE', *, *, #3416, .T. ) ;
#8040 = PRESENTATION_LAYER_ASSIGNMENT (  '', '', ( #710 ) ) ;
#8041 = CARTESIAN_POINT ( 'NONE',  ( 0.6665042742482101268, 0.8999999999999999112, -0.09222156738872502868 ) ) ;
#8042 = PRESENTATION_LAYER_ASSIGNMENT (  '', '', ( #2218 ) ) ;
#8043 = CARTESIAN_POINT ( 'NONE',  ( 0.5464441826965322768, 0.6999999999999999556, -0.1427336692305481713 ) ) ;
#8044 = UNCERTAINTY_MEASURE_WITH_UNIT (LENGTH_MEASURE( 1.000000000000000082E-05 ), #5964, 'distance_accuracy_value', 'NONE');
#8045 = CARTESIAN_POINT ( 'NONE',  ( 0.5562344025129311031, 0.7000000000000000666, 0.08372307155064830086 ) ) ;
#8046 = DIRECTION ( 'NONE',  ( -0.0000000000000000000, 1.000000000000000000, -0.0000000000000000000 ) ) ;
#8047 = CARTESIAN_POINT ( 'NONE',  ( 0.8644749971660647958, 0.6999999999999997335, -0.1711135476319333437 ) ) ;
#8048 = PLANE ( 'NONE',  #7027 ) ;
#8049 = CARTESIAN_POINT ( 'NONE',  ( 0.8404787620965757933, 0.7000000000000000666, -0.05263561285479319979 ) ) ;
#8050 = CARTESIAN_POINT ( 'NONE',  ( 0.8877275990855847398, 0.7000000000000003997, 0.07201701681004753219 ) ) ;
#8051 = ADVANCED_FACE ( 'NONE', ( #6197 ), #229, .T. ) ;
#8052 =( NAMED_UNIT ( * ) PLANE_ANGLE_UNIT ( ) SI_UNIT ( $, .RADIAN. ) );
#8053 = SURFACE_SIDE_STYLE ('',( #913 ) ) ;
#8054 = CARTESIAN_POINT ( 'NONE',  ( 0.8451533862042696077, 0.6999999999999998446, -0.1833162086894177534 ) ) ;
#8055 = CARTESIAN_POINT ( 'NONE',  ( 0.8777715633865335043, 0.9000000000000001332, -0.06865698566720368490 ) ) ;
#8056 = DIRECTION ( 'NONE',  ( -0.0000000000000000000, 0.0000000000000000000, 1.000000000000000000 ) ) ;
#8057 = CARTESIAN_POINT ( 'NONE',  ( 0.8790836879326082709, 0.9000000000000003553, -0.08198834608482927222 ) ) ;
#8058 = CARTESIAN_POINT ( 'NONE',  ( 0.09034709026500180318, 0.6999999999999999556, -0.1349380174039092883 ) ) ;
#8059 = CARTESIAN_POINT ( 'NONE',  ( -0.007898523770085786114, 0.9000000000000000222, 0.08436022821012574557 ) ) ;
#8060 = VERTEX_POINT ( 'NONE', #3921 ) ;
#8061 = CARTESIAN_POINT ( 'NONE',  ( 0.0000000000000000000, 0.0000000000000000000, 0.8749999999999996669 ) ) ;
#8062 = ORIENTED_EDGE ( 'NONE', *, *, #9128, .F. ) ;
#8063 = ADVANCED_FACE ( 'NONE', ( #7252 ), #2382, .F. ) ;
#8064 = FACE_OUTER_BOUND ( 'NONE', #4733, .T. ) ;
#8065 = VECTOR ( 'NONE', #213, 1000.000000000000000 ) ;
#8066 = CARTESIAN_POINT ( 'NONE',  ( 0.6587118288567281876, 0.7000000000000000666, -0.001550926232035562853 ) ) ;
#8067 = LINE ( 'NONE', #1660, #5344 ) ;
#8068 = CARTESIAN_POINT ( 'NONE',  ( 0.6732753868810235076, 0.7000000000000001776, 0.06119393409309479420 ) ) ;
#8069 =( NAMED_UNIT ( * ) PLANE_ANGLE_UNIT ( ) SI_UNIT ( $, .RADIAN. ) );
#8070 = CARTESIAN_POINT ( 'NONE',  ( 0.4063341242550415067, 0.6999999999999999556, 0.08777669742956523136 ) ) ;
#8071 =( GEOMETRIC_REPRESENTATION_CONTEXT ( 3 ) GLOBAL_UNCERTAINTY_ASSIGNED_CONTEXT ( ( #4270 ) ) GLOBAL_UNIT_ASSIGNED_CONTEXT ( ( #1656, #3152, #829 ) ) REPRESENTATION_CONTEXT ( 'NONE', 'WORKASPACE' ) );
#8072 = ORIENTED_EDGE ( 'NONE', *, *, #8988, .T. ) ;
#8073 = ORIENTED_EDGE ( 'NONE', *, *, #7909, .T. ) ;
#8074 = LINE ( 'NONE', #5573, #852 ) ;
#8075 =( NAMED_UNIT ( * ) SI_UNIT ( $, .STERADIAN. ) SOLID_ANGLE_UNIT ( ) );
#8076 = ADVANCED_FACE ( 'NONE', ( #2477 ), #6535, .T. ) ;
#8077 = CARTESIAN_POINT ( 'NONE',  ( 0.7738954034358227485, 0.9000000000000001332, -0.1229090932127586272 ) ) ;
#8078 = CARTESIAN_POINT ( 'NONE',  ( 0.3235834544956677772, 0.7000000000000000666, 0.009672574682707808444 ) ) ;
#8079 = CARTESIAN_POINT ( 'NONE',  ( 0.3592872249716891897, 0.9000000000000000222, -0.07418575425895362896 ) ) ;
#8080 = VECTOR ( 'NONE', #3135, 1000.000000000000000 ) ;
#8081 = CARTESIAN_POINT ( 'NONE',  ( 0.1395214402546585963, 0.9000000000000003553, 0.02417324000896225664 ) ) ;
#8082 = PLANE ( 'NONE',  #5501 ) ;
#8083 = CARTESIAN_POINT ( 'NONE',  ( 0.8451533862042696077, 0.8999999999999999112, -0.1833162086894177534 ) ) ;
#8084 = CARTESIAN_POINT ( 'NONE',  ( 0.6511513682922721591, 0.9000000000000002442, -0.02819983222729283492 ) ) ;
#8085 = PLANE ( 'NONE',  #9424 ) ;
#8086 = EDGE_LOOP ( 'NONE', ( #748, #4772, #2636, #1220 ) ) ;
#8087 = CARTESIAN_POINT ( 'NONE',  ( 1.138787064885817824, 0.6999999999999998446, -0.1684721627927978360 ) ) ;
#8088 = LINE ( 'NONE', #8768, #1983 ) ;
#8089 = ORIENTED_EDGE ( 'NONE', *, *, #8213, .T. ) ;
#8090 = SURFACE_SIDE_STYLE ('',( #3743 ) ) ;
#8091 = SURFACE_SIDE_STYLE ('',( #8977 ) ) ;
#8092 = VECTOR ( 'NONE', #6441, 1000.000000000000000 ) ;
#8093 = CARTESIAN_POINT ( 'NONE',  ( 0.5521997488422477618, 0.8999999999999995781, -0.1642108857805324451 ) ) ;
#8094 =( NAMED_UNIT ( * ) SI_UNIT ( $, .STERADIAN. ) SOLID_ANGLE_UNIT ( ) );
#8095 = CARTESIAN_POINT ( 'NONE',  ( 0.6777848202946662459, 0.6999999999999997335, 0.05490956346547827549 ) ) ;
#8096 = CARTESIAN_POINT ( 'NONE',  ( -0.8176490827418646523, 0.6999999999999999556, -0.1662060439421389202 ) ) ;
#8097 = CARTESIAN_POINT ( 'NONE',  ( 0.8724500199343846463, 0.6999999999999995115, -0.1547683944831418357 ) ) ;
#8098 = COLOUR_RGB ( '',1.000000000000000000, 0.9607843137254902244, 0.4549019607843137192 ) ;
#8099 = CARTESIAN_POINT ( 'NONE',  ( 1.085354557929775421, 0.9000000000000000222, -0.03467967968997766326 ) ) ;
#8100 = CARTESIAN_POINT ( 'NONE',  ( 0.8650515951318684671, 0.9000000000000001332, -0.03954593313095172702 ) ) ;
#8101 = CARTESIAN_POINT ( 'NONE',  ( 0.8474985942040176301, 0.6999999999999999556, 0.08823581943322279797 ) ) ;
#8102 = FACE_BOUND ( 'NONE', #6046, .T. ) ;
#8103 = CARTESIAN_POINT ( 'NONE',  ( -0.7287583707508290543, 0.6999999999999996225, 0.08935177473559580141 ) ) ;
#8104 = CARTESIAN_POINT ( 'NONE',  ( -0.7561670509831552867, 0.6999999999999998446, 0.05284469477732808840 ) ) ;
#8105 = SURFACE_SIDE_STYLE ('',( #9562 ) ) ;
#8106 = CARTESIAN_POINT ( 'NONE',  ( 0.8790836879326082709, 0.7000000000000000666, -0.08198834608482927222 ) ) ;
#8107 = AXIS2_PLACEMENT_3D ( 'NONE', #5985, #4445, #6666 ) ;
#8108 = SURFACE_STYLE_FILL_AREA ( #9709 ) ;
#8109 = ORIENTED_EDGE ( 'NONE', *, *, #3315, .T. ) ;
#8110 = AXIS2_PLACEMENT_3D ( 'NONE', #9062, #498, #445 ) ;
#8111 = CARTESIAN_POINT ( 'NONE',  ( 1.107839107813725077, 0.7000000000000001776, -0.1199916250560109643 ) ) ;
#8112 = CARTESIAN_POINT ( 'NONE',  ( 0.6511513682922721591, 0.9000000000000001332, -0.02819983222729283492 ) ) ;
#8113 = LINE ( 'NONE', #1762, #3866 ) ;
#8114 = ADVANCED_FACE ( 'NONE', ( #4480 ), #5972, .T. ) ;
#8115 = CARTESIAN_POINT ( 'NONE',  ( 0.6777848202946662459, 0.6999999999999997335, 0.05490956346547827549 ) ) ;
#8116 = DIRECTION ( 'NONE',  ( 0.0000000000000000000, 0.0000000000000000000, 1.000000000000000000 ) ) ;
#8117 = DIRECTION ( 'NONE',  ( 0.0000000000000000000, 0.0000000000000000000, 1.000000000000000000 ) ) ;
#8118 = LINE ( 'NONE', #3454, #9511 ) ;
#8119 = STYLED_ITEM ( 'NONE', ( #4332 ), #5787 ) ;
#8120 = EDGE_LOOP ( 'NONE', ( #5987, #3142, #4265, #4021, #1585 ) ) ;
#8121 = DIRECTION ( 'NONE',  ( -1.000000000000000000, 0.0000000000000000000, 0.0000000000000000000 ) ) ;
#8122 = FACE_OUTER_BOUND ( 'NONE', #4420, .T. ) ;
#8123 = CARTESIAN_POINT ( 'NONE',  ( 0.1316436971444675252, 0.6999999999999996225, 0.03342736916559797822 ) ) ;
#8124 = PLANE ( 'NONE',  #9855 ) ;
#8125 = CARTESIAN_POINT ( 'NONE',  ( 0.7713008060746493477, 0.7000000000000001776, -0.07731518626360404933 ) ) ;
#8126 = CARTESIAN_POINT ( 'NONE',  ( 0.6580096532602401904, 0.9000000000000001332, 0.006483180057496948021 ) ) ;
#8127 = CARTESIAN_POINT ( 'NONE',  ( 0.7745576165807911417, 0.6999999999999999556, -0.07528889459689178110 ) ) ;
#8128 = ADVANCED_FACE ( 'NONE', ( #5248 ), #10174, .F. ) ;
#8129 = EDGE_CURVE ( 'NONE', #4342, #7209, #2270, .T. ) ;
#8130 = EDGE_LOOP ( 'NONE', ( #6174, #7987, #5958, #2890 ) ) ;
#8131 = CARTESIAN_POINT ( 'NONE',  ( 0.2053985643825646523, 0.8999999999999999112, -0.2060241469509341561 ) ) ;
#8132 = ORIENTED_EDGE ( 'NONE', *, *, #3765, .T. ) ;
#8133 = CARTESIAN_POINT ( 'NONE',  ( 0.6421340633269989606, 0.9000000000000000222, -0.07488039167738852475 ) ) ;
#8134 = CARTESIAN_POINT ( 'NONE',  ( 0.5929574832063564394, 0.8999999999999996891, -0.1858596272063474941 ) ) ;
#8135 = FACE_OUTER_BOUND ( 'NONE', #94, .T. ) ;
#8136 = CARTESIAN_POINT ( 'NONE',  ( 0.5149374277891378693, 0.9000000000000002442, 0.05179795047569915600 ) ) ;
#8137 = CARTESIAN_POINT ( 'NONE',  ( 0.3896148527370222325, 0.9000000000000000222, -0.1069940989488469274 ) ) ;
#8138 = CARTESIAN_POINT ( 'NONE',  ( -0.7953107246206475578, 0.6999999999999998446, -0.1948036298081525508 ) ) ;
#8139 = CARTESIAN_POINT ( 'NONE',  ( 0.8740322789681607141, 0.9000000000000003553, 0.03284460783609340073 ) ) ;
#8140 =( NAMED_UNIT ( * ) PLANE_ANGLE_UNIT ( ) SI_UNIT ( $, .RADIAN. ) );
#8141 = ORIENTED_EDGE ( 'NONE', *, *, #6973, .F. ) ;
#8142 = CARTESIAN_POINT ( 'NONE',  ( 0.8184440763860424406, 0.7000000000000003997, -0.05451370953157304994 ) ) ;
#8143 = EDGE_LOOP ( 'NONE', ( #10213, #9343, #4883, #2459 ) ) ;
#8144 = CARTESIAN_POINT ( 'NONE',  ( -4.279745417705940015E-17, -0.1000000000000000056, 0.3750000000000000555 ) ) ;
#8145 = CARTESIAN_POINT ( 'NONE',  ( 1.052237288733257170, 0.6999999999999999556, -0.06486694466332283693 ) ) ;
#8146 = CARTESIAN_POINT ( 'NONE',  ( -0.7328231410485460673, 0.9000000000000001332, -0.2173096300152482507 ) ) ;
#8147 =( LENGTH_UNIT ( ) NAMED_UNIT ( * ) SI_UNIT ( .MILLI., .METRE. ) );
#8148 = VECTOR ( 'NONE', #7620, 1000.000000000000000 ) ;
#8149 = CARTESIAN_POINT ( 'NONE',  ( 0.8575259760720672642, 0.9000000000000000222, 0.08643298857021698700 ) ) ;
#8150 = CARTESIAN_POINT ( 'NONE',  ( -0.7191856440064009481, 0.9000000000000000222, 0.05176031556486621749 ) ) ;
#8151 = CARTESIAN_POINT ( 'NONE',  ( 0.8998181030318412876, 0.9000000000000003553, -0.1040516228456580677 ) ) ;
#8152 = CARTESIAN_POINT ( 'NONE',  ( 1.004382177984299851, 0.6999999999999999556, -0.03142924547408474517 ) ) ;
#8153 = CARTESIAN_POINT ( 'NONE',  ( 0.6940729884800482807, 0.8999999999999998002, -0.001671787047768864918 ) ) ;
#8154 = CARTESIAN_POINT ( 'NONE',  ( -0.7377230851735945283, 0.9000000000000001332, 0.08962338610486259016 ) ) ;
#8155 = DIRECTION ( 'NONE',  ( -1.000000000000000000, 0.0000000000000000000, 0.0000000000000000000 ) ) ;
#8156 = VECTOR ( 'NONE', #3621, 1000.000000000000000 ) ;
#8157 = ORIENTED_EDGE ( 'NONE', *, *, #9143, .T. ) ;
#8158 = CARTESIAN_POINT ( 'NONE',  ( 1.399999999999999689, -0.1000000000000000056, 0.3750000000000002220 ) ) ;
#8159 = CARTESIAN_POINT ( 'NONE',  ( 0.8219260627318522028, 0.6999999999999999556, -0.09098620907987550743 ) ) ;
#8160 = CARTESIAN_POINT ( 'NONE',  ( 0.3750000000000000000, -0.1000000000000000056, -1.149999999999999911 ) ) ;
#8161 = CARTESIAN_POINT ( 'NONE',  ( 1.095964756694027598, 0.9000000000000002442, -0.08035614617418260219 ) ) ;
#8162 = CARTESIAN_POINT ( 'NONE',  ( 0.5830738833319334402, 0.7000000000000000666, -0.05293438414718563967 ) ) ;
#8163 = CARTESIAN_POINT ( 'NONE',  ( 0.6036205530129471475, 0.7000000000000001776, -0.09125856083493658066 ) ) ;
#8164 = CARTESIAN_POINT ( 'NONE',  ( -0.1250000000000000000, -0.1000000000000000056, -1.149999999999999911 ) ) ;
#8165 = CARTESIAN_POINT ( 'NONE',  ( 0.4427980719902633866, 0.7000000000000001776, -0.02428829187586244512 ) ) ;
#8166 = CARTESIAN_POINT ( 'NONE',  ( 0.4603574903987646683, 0.6999999999999999556, -0.07678639546380820746 ) ) ;
#8167 = ORIENTED_EDGE ( 'NONE', *, *, #9229, .T. ) ;
#8168 = VERTEX_POINT ( 'NONE', #5196 ) ;
#8169 = CARTESIAN_POINT ( 'NONE',  ( 0.03420673938780895845, 0.6999999999999999556, 0.01769356154345909371 ) ) ;
#8170 = CARTESIAN_POINT ( 'NONE',  ( 0.6573289285289113382, 0.7000000000000000666, 0.01137137752976524231 ) ) ;
#8171 =( GEOMETRIC_REPRESENTATION_CONTEXT ( 3 ) GLOBAL_UNCERTAINTY_ASSIGNED_CONTEXT ( ( #3011 ) ) GLOBAL_UNIT_ASSIGNED_CONTEXT ( ( #8782, #7907, #2429 ) ) REPRESENTATION_CONTEXT ( 'NONE', 'WORKASPACE' ) );
#8172 = EDGE_CURVE ( 'NONE', #5687, #7437, #8620, .T. ) ;
#8173 = MECHANICAL_DESIGN_GEOMETRIC_PRESENTATION_REPRESENTATION (  '', ( #5634 ), #6145 ) ;
#8174 = CARTESIAN_POINT ( 'NONE',  ( -0.007898523770085786114, 0.6999999999999999556, 0.01769356154345909371 ) ) ;
#8175 = CARTESIAN_POINT ( 'NONE',  ( 0.3235834544956677772, 0.7000000000000000666, 0.009672574682707808444 ) ) ;
#8176 = B_SPLINE_CURVE_WITH_KNOTS ( 'NONE', 3,
 ( #684, #6370, #3062, #8550, #6322, #6219, #3896, #9436, #10154, #1417, #6169, #2253, #9537, #7072, #6272, #2359, #8707, #2405, #1577 ),
 .UNSPECIFIED., .F., .F.,
 ( 4, 1, 1, 1, 1, 1, 1, 1, 1, 1, 1, 1, 1, 1, 1, 1, 4 ),
 ( 0.0000000000000000000, 0.09342139099570272165, 0.1803887469388611720, 0.2608630984186837143, 0.3352472801243032707, 0.4044079183330663296, 0.4689595220310971979, 0.5293350777579132194, 0.5862590898936735906, 0.6410153848140272004, 0.6939273052542173081, 0.7452613697364826040, 0.7954331513472815418, 0.8458729184935072087, 0.8962603350629428922, 0.9474329625168989022, 1.000000000000000000 ),
 .UNSPECIFIED. ) ;
#8177 = CARTESIAN_POINT ( 'NONE',  ( -0.6718040763311345920, 0.9000000000000000222, -0.1884813693525110301 ) ) ;
#8178 = DIRECTION ( 'NONE',  ( 1.000000000000000000, 0.0000000000000000000, 0.0000000000000000000 ) ) ;
#8179 = CARTESIAN_POINT ( 'NONE',  ( 0.8614260058045755120, 0.9000000000000003553, -0.1743505195400710805 ) ) ;
#8180 = CARTESIAN_POINT ( 'NONE',  ( 0.7385218010332300631, 0.6999999999999996225, -0.04125322462648152444 ) ) ;
#8181 = B_SPLINE_CURVE_WITH_KNOTS ( 'NONE', 3,
 ( #2442, #9577, #4859, #7119, #2488, #8646, #1513, #731, #10292, #6364, #1715 ),
 .UNSPECIFIED., .F., .F.,
 ( 4, 1, 1, 1, 1, 1, 1, 1, 4 ),
 ( 0.0000000000000000000, 0.1303748382220482060, 0.2524427268009649117, 0.3645769372580522361, 0.4702885781026396317, 0.5798394117278192761, 0.7048170688670550854, 0.8447463550169345137, 1.000000000000000000 ),
 .UNSPECIFIED. ) ;
#8182 = VERTEX_POINT ( 'NONE', #4431 ) ;
#8183 = EDGE_LOOP ( 'NONE', ( #560, #7703 ) ) ;
#8184 = VECTOR ( 'NONE', #2351, 1000.000000000000000 ) ;
#8185 = ORIENTED_EDGE ( 'NONE', *, *, #3518, .T. ) ;
#8186 = DIRECTION ( 'NONE',  ( 0.0000000000000000000, 0.0000000000000000000, -1.000000000000000000 ) ) ;
#8187 = CARTESIAN_POINT ( 'NONE',  ( 0.08317210749411779735, 0.9000000000000000222, 0.03511975907407878517 ) ) ;
#8188 = DIRECTION ( 'NONE',  ( 1.000000000000000000, 0.0000000000000000000, 0.0000000000000000000 ) ) ;
#8189 = VECTOR ( 'NONE', #188, 1000.000000000000000 ) ;
#8190 = EDGE_CURVE ( 'NONE', #8863, #6806, #480, .T. ) ;
#8191 = CARTESIAN_POINT ( 'NONE',  ( 0.5560636927234122728, 0.7000000000000001776, -0.1699235208540227360 ) ) ;
#8192 = CARTESIAN_POINT ( 'NONE',  ( -0.6626314313353526275, 0.6999999999999998446, 0.04500252103580738156 ) ) ;
#8193 = MECHANICAL_DESIGN_GEOMETRIC_PRESENTATION_REPRESENTATION (  '', ( #874 ), #4839 ) ;
#8194 = CARTESIAN_POINT ( 'NONE',  ( 0.5085333076339983993, 0.7000000000000002887, 0.03608327600374149763 ) ) ;
#8195 =( LENGTH_UNIT ( ) NAMED_UNIT ( * ) SI_UNIT ( .MILLI., .METRE. ) );
#8196 = CARTESIAN_POINT ( 'NONE',  ( -0.7953107246206475578, 0.6999999999999998446, -0.1948036298081525508 ) ) ;
#8197 = CARTESIAN_POINT ( 'NONE',  ( 0.5405558301601336435, 0.7000000000000002887, -0.08116242306557371056 ) ) ;
#8198 = VERTEX_POINT ( 'NONE', #1642 ) ;
#8199 = CARTESIAN_POINT ( 'NONE',  ( 0.7648760051447934805, 0.6999999999999996225, -0.003359070035488262093 ) ) ;
#8200 = COLOUR_RGB ( '',1.000000000000000000, 0.9607843137254902244, 0.4549019607843137192 ) ;
#8201 = VERTEX_POINT ( 'NONE', #1687 ) ;
#8202 = FACE_OUTER_BOUND ( 'NONE', #3534, .T. ) ;
#8203 = EDGE_CURVE ( 'NONE', #1850, #2646, #4880, .T. ) ;
#8204 =( NAMED_UNIT ( * ) SI_UNIT ( $, .STERADIAN. ) SOLID_ANGLE_UNIT ( ) );
#8205 = CARTESIAN_POINT ( 'NONE',  ( 0.8666954668357708114, 0.8999999999999999112, -0.07488039167738849700 ) ) ;
#8206 = CARTESIAN_POINT ( 'NONE',  ( -0.5061441378051735329, 0.6999999999999999556, 0.08611461417503804561 ) ) ;
#8207 = LINE ( 'NONE', #6458, #5984 ) ;
#8208 = CARTESIAN_POINT ( 'NONE',  ( -0.7236749815463526803, 0.9000000000000002442, 0.05376464688469138886 ) ) ;
#8209 = VECTOR ( 'NONE', #8901, 1000.000000000000000 ) ;
#8210 = VECTOR ( 'NONE', #8757, 1000.000000000000000 ) ;
#8211 = ORIENTED_EDGE ( 'NONE', *, *, #2271, .T. ) ;
#8212 = LINE ( 'NONE', #9818, #2621 ) ;
#8213 = EDGE_CURVE ( 'NONE', #5352, #4342, #2321, .T. ) ;
#8214 = CARTESIAN_POINT ( 'NONE',  ( 1.107039031525355544, 0.7000000000000005107, -0.1378156177574216545 ) ) ;
#8215 = DIRECTION ( 'NONE',  ( 4.336808689942019708E-16, 0.0000000000000000000, 1.000000000000000000 ) ) ;
#8216 = PLANE ( 'NONE',  #8692 ) ;
#8217 = CARTESIAN_POINT ( 'NONE',  ( 0.9249999999999998224, -0.1000000000000000056, -0.3750000000000001665 ) ) ;
#8218 = FILL_AREA_STYLE ('',( #7219 ) ) ;
#8219 = CARTESIAN_POINT ( 'NONE',  ( 0.5623824309808747035, 0.8999999999999999112, 0.04888778245758301083 ) ) ;
#8220 = CARTESIAN_POINT ( 'NONE',  ( 0.4675649138107485503, 0.6999999999999996225, -0.06722308971950821666 ) ) ;
#8221 = ORIENTED_EDGE ( 'NONE', *, *, #1055, .F. ) ;
#8222 = DIRECTION ( 'NONE',  ( -0.0000000000000000000, 1.000000000000000000, -0.0000000000000000000 ) ) ;
#8223 = CARTESIAN_POINT ( 'NONE',  ( 0.7508354893677423592, 0.7000000000000001776, -0.09480968791772781401 ) ) ;
#8224 = CARTESIAN_POINT ( 'NONE',  ( 0.8644614836305394290, 0.9000000000000001332, -0.1108435323114343590 ) ) ;
#8225 = LINE ( 'NONE', #7389, #4837 ) ;
#8226 = CARTESIAN_POINT ( 'NONE',  ( 0.3436906307670593019, 0.6999999999999998446, -0.06516383769802204518 ) ) ;
#8227 = CARTESIAN_POINT ( 'NONE',  ( 1.094268780773597127, 0.6999999999999999556, -0.2079828849751340358 ) ) ;
#8228 = DIRECTION ( 'NONE',  ( -0.0000000000000000000, 0.0000000000000000000, -1.000000000000000000 ) ) ;
#8229 = CARTESIAN_POINT ( 'NONE',  ( 0.8350365073761881751, 0.8999999999999999112, -0.1855089401953294859 ) ) ;
#8230 = CARTESIAN_POINT ( 'NONE',  ( 0.6263389011363541536, 0.9000000000000002442, -0.04865509161013194250 ) ) ;
#8231 = CARTESIAN_POINT ( 'NONE',  ( 0.07281094462635705200, 0.7000000000000000666, -0.1750012563459351078 ) ) ;
#8232 = VECTOR ( 'NONE', #10083, 1000.000000000000000 ) ;
#8233 = ADVANCED_FACE ( 'NONE', ( #7092 ), #4948, .T. ) ;
#8234 = ORIENTED_EDGE ( 'NONE', *, *, #7304, .F. ) ;
#8235 = CARTESIAN_POINT ( 'NONE',  ( 0.2106116303978625703, 0.8999999999999998002, -0.06700190136883846237 ) ) ;
#8236 = LINE ( 'NONE', #5275, #1344 ) ;
#8237 = CARTESIAN_POINT ( 'NONE',  ( 0.07435783961664836628, 0.9000000000000003553, 0.04634159103139534608 ) ) ;
#8238 = CARTESIAN_POINT ( 'NONE',  ( 0.4162489627538918380, 0.6999999999999999556, 0.04889762790938698145 ) ) ;
#8239 = AXIS2_PLACEMENT_3D ( 'NONE', #6914, #2961, #9334 ) ;
#8240 = CARTESIAN_POINT ( 'NONE',  ( -0.6868458921911384518, 0.9000000000000000222, -0.1068678419653128070 ) ) ;
#8241 = CARTESIAN_POINT ( 'NONE',  ( -0.6509996868098357758, 0.7000000000000001776, 0.01108276943571277935 ) ) ;
#8242 = CARTESIAN_POINT ( 'NONE',  ( 0.3570137569316683690, 0.6999999999999999556, -0.1016046840705759624 ) ) ;
#8243 = CARTESIAN_POINT ( 'NONE',  ( 0.8224598189183341956, 0.8999999999999999112, 0.05586581114603456077 ) ) ;
#8244 = EDGE_CURVE ( 'NONE', #5789, #4653, #208, .T. ) ;
#8245 = ORIENTED_EDGE ( 'NONE', *, *, #1021, .T. ) ;
#8246 = VERTEX_POINT ( 'NONE', #1219 ) ;
#8247 = COLOUR_RGB ( '',1.000000000000000000, 0.9607843137254902244, 0.4549019607843137192 ) ;
#8248 = UNCERTAINTY_MEASURE_WITH_UNIT (LENGTH_MEASURE( 1.000000000000000082E-05 ), #2757, 'distance_accuracy_value', 'NONE');
#8249 = CARTESIAN_POINT ( 'NONE',  ( 0.7710639783091625121, 0.6999999999999998446, 0.03220283864309932131 ) ) ;
#8250 = FACE_BOUND ( 'NONE', #5022, .T. ) ;
#8251 = CARTESIAN_POINT ( 'NONE',  ( -0.04123185710341913113, 0.6999999999999999556, -0.1507274910881198082 ) ) ;
#8252 = CARTESIAN_POINT ( 'NONE',  ( 0.7534632788713162554, 0.6999999999999998446, -0.06115973151536300417 ) ) ;
#8253 = CARTESIAN_POINT ( 'NONE',  ( 0.9180634569450665250, 0.9000000000000000222, 0.01047452221563135305 ) ) ;
#8254 = CARTESIAN_POINT ( 'NONE',  ( -0.7282793445112604180, 0.8999999999999998002, 0.05519195565477232057 ) ) ;
#8255 = CARTESIAN_POINT ( 'NONE',  ( 0.5467394025658773860, 0.6999999999999999556, -0.07731518626360403545 ) ) ;
#8256 = CARTESIAN_POINT ( 'NONE',  ( 0.4799051138979105180, 0.9000000000000002442, -0.02979514170430172873 ) ) ;
#8257 = DIRECTION ( 'NONE',  ( 1.000000000000000000, 0.0000000000000000000, 0.0000000000000000000 ) ) ;
#8258 = CARTESIAN_POINT ( 'NONE',  ( -0.8022001659330330048, 0.9000000000000000222, 0.06343026617072126949 ) ) ;
#8259 = EDGE_CURVE ( 'NONE', #5881, #411, #344, .T. ) ;
#8260 = VERTEX_POINT ( 'NONE', #8984 ) ;
#8261 = DIRECTION ( 'NONE',  ( 0.0000000000000000000, -1.000000000000000000, 0.0000000000000000000 ) ) ;
#8262 = CARTESIAN_POINT ( 'NONE',  ( 0.6486849798194735950, 0.9000000000000000222, -0.1339347267550653753 ) ) ;
#8263 =( GEOMETRIC_REPRESENTATION_CONTEXT ( 3 ) GLOBAL_UNCERTAINTY_ASSIGNED_CONTEXT ( ( #8353 ) ) GLOBAL_UNIT_ASSIGNED_CONTEXT ( ( #1662, #4338, #1290 ) ) REPRESENTATION_CONTEXT ( 'NONE', 'WORKASPACE' ) );
#8264 = ORIENTED_EDGE ( 'NONE', *, *, #8203, .T. ) ;
#8265 = CARTESIAN_POINT ( 'NONE',  ( 1.052237288733256726, 0.6999999999999997335, -0.1804476866357237752 ) ) ;
#8266 =( LENGTH_UNIT ( ) NAMED_UNIT ( * ) SI_UNIT ( .MILLI., .METRE. ) );
#8267 = CARTESIAN_POINT ( 'NONE',  ( 0.5404045914477577650, 0.7000000000000000666, -0.005074628296310336809 ) ) ;
#8268 = AXIS2_PLACEMENT_3D ( 'NONE', #6350, #1698, #4223 ) ;
#8269 = CARTESIAN_POINT ( 'NONE',  ( 0.03420673938780895845, 0.9000000000000000222, -0.01213099986004967552 ) ) ;
#8270 = LINE ( 'NONE', #6890, #3746 ) ;
#8271 = CARTESIAN_POINT ( 'NONE',  ( 0.6090180148139253680, 0.8999999999999996891, 0.05493172144478357388 ) ) ;
#8272 = EDGE_CURVE ( 'NONE', #10065, #3845, #3186, .T. ) ;
#8273 = VERTEX_POINT ( 'NONE', #2255 ) ;
#8274 = EDGE_LOOP ( 'NONE', ( #7757, #1282, #4499, #448 ) ) ;
#8275 = SURFACE_SIDE_STYLE ('',( #1817 ) ) ;
#8276 = COLOUR_RGB ( '',0.3764705882352941124, 0.3764705882352941124, 0.3764705882352941124 ) ;
#8277 = CARTESIAN_POINT ( 'NONE',  ( 0.8219258618143739925, 0.6999999999999997335, -0.2174582174730951556 ) ) ;
#8278 = VECTOR ( 'NONE', #9633, 1000.000000000000000 ) ;
#8279 = CARTESIAN_POINT ( 'NONE',  ( 0.8496877610668313041, 0.9000000000000002442, -0.09711692372561581132 ) ) ;
#8280 = PLANE ( 'NONE',  #2908 ) ;
#8281 = CARTESIAN_POINT ( 'NONE',  ( -0.1763195764016647626, 0.6999999999999999556, -0.01213099986004967552 ) ) ;
#8282 = CARTESIAN_POINT ( 'NONE',  ( -0.6149160676297349415, 0.6999999999999999556, 0.08611461417503804561 ) ) ;
#8283 = CARTESIAN_POINT ( 'NONE',  ( 0.7564499603681328344, 0.6999999999999997335, -0.1902900081931196696 ) ) ;
#8284 = CARTESIAN_POINT ( 'NONE',  ( 0.5938826728772702568, 0.9000000000000001332, -0.05451370953157304300 ) ) ;
#8285 = COLOUR_RGB ( '',1.000000000000000000, 0.9607843137254902244, 0.4549019607843137192 ) ;
#8286 = CARTESIAN_POINT ( 'NONE',  ( 0.7686734622696150820, 0.6999999999999998446, -0.07223184338299977469 ) ) ;
#8287 = ORIENTED_EDGE ( 'NONE', *, *, #9468, .F. ) ;
#8288 = CARTESIAN_POINT ( 'NONE',  ( 0.1897825602062575279, 0.9000000000000002442, -0.1703537282356107074 ) ) ;
#8289 = CARTESIAN_POINT ( 'NONE',  ( 0.3435151934213550584, 0.6999999999999999556, 0.04363116147934256728 ) ) ;
#8290 = CARTESIAN_POINT ( 'NONE',  ( -0.7099689828695514571, 0.6999999999999998446, -0.1766116949956408611 ) ) ;
#8291 = CARTESIAN_POINT ( 'NONE',  ( -0.1250000000000000000, 0.0000000000000000000, 0.0000000000000000000 ) ) ;
#8292 = CARTESIAN_POINT ( 'NONE',  ( 0.3486259907513036826, 0.9000000000000000222, 0.08545122001923140254 ) ) ;
#8293 = CARTESIAN_POINT ( 'NONE',  ( -0.8356089085170917974, 0.6999999999999998446, -0.1098068910882243204 ) ) ;
#8294 = CARTESIAN_POINT ( 'NONE',  ( 0.7912112135789175493, 0.8999999999999999112, 0.05085808285939458911 ) ) ;
#8295 = EDGE_LOOP ( 'NONE', ( #1767, #5125, #3504, #1793, #5446 ) ) ;
#8296 = ORIENTED_EDGE ( 'NONE', *, *, #9157, .F. ) ;
#8297 = EDGE_LOOP ( 'NONE', ( #8455, #6644, #801, #7861 ) ) ;
#8298 = EDGE_CURVE ( 'NONE', #3449, #9767, #9955, .T. ) ;
#8299 = CARTESIAN_POINT ( 'NONE',  ( -0.6783237804274923066, 0.8999999999999999112, -0.1952697981987520925 ) ) ;
#8300 = CARTESIAN_POINT ( 'NONE',  ( 0.7745576165807911417, 0.6999999999999999556, -0.07528889459689178110 ) ) ;
#8301 = CARTESIAN_POINT ( 'NONE',  ( 0.9107503331909652111, 0.6999999999999998446, 0.04037004714145223799 ) ) ;
#8302 = CARTESIAN_POINT ( 'NONE',  ( -0.4254423834192086473, 0.9000000000000000222, 0.08611461417503804561 ) ) ;
#8303 = CARTESIAN_POINT ( 'NONE',  ( 0.5163122640861576018, 0.8999999999999996891, -0.1185802113258997009 ) ) ;
#8304 = CARTESIAN_POINT ( 'NONE',  ( 0.4251082984804047116, 0.9000000000000002442, -0.1017977523492318570 ) ) ;
#8305 = CARTESIAN_POINT ( 'NONE',  ( 0.5044233264145291384, 0.8999999999999999112, 0.001819326693621051453 ) ) ;
#8306 = LINE ( 'NONE', #7889, #3499 ) ;
#8307 = DIRECTION ( 'NONE',  ( 0.0000000000000000000, -0.0000000000000000000, -1.000000000000000000 ) ) ;
#8308 = CARTESIAN_POINT ( 'NONE',  ( 0.5139603975244584344, 0.7000000000000001776, -0.04125322462648155913 ) ) ;
#8309 = ORIENTED_EDGE ( 'NONE', *, *, #8401, .F. ) ;
#8310 = DIRECTION ( 'NONE',  ( 1.141265444721583757E-16, -0.0000000000000000000, 1.000000000000000000 ) ) ;
#8311 = STYLED_ITEM ( 'NONE', ( #5340 ), #7120 ) ;
#8312 = LINE ( 'NONE', #2004, #5662 ) ;
#8313 = CARTESIAN_POINT ( 'NONE',  ( -0.3750000000000000000, 0.0000000000000000000, -0.0000000000000000000 ) ) ;
#8314 = EDGE_CURVE ( 'NONE', #9660, #135, #5387, .T. ) ;
#8315 = B_SPLINE_CURVE_WITH_KNOTS ( 'NONE', 3,
 ( #385, #2730, #6816, #9917, #5926, #8308, #5204, #2000, #5870, #5149, #8414, #9815, #4379, #5255, #7579 ),
 .UNSPECIFIED., .F., .F.,
 ( 4, 1, 1, 1, 1, 1, 1, 1, 1, 1, 1, 1, 4 ),
 ( 0.0000000000000000000, 0.1145105498247862841, 0.2302031866621342682, 0.3471693992089875946, 0.4688404420012889928, 0.5311804737393308606, 0.5938148586756544223, 0.6568022517791173298, 0.7215569478898301581, 0.7875450307650618820, 0.8561245034591682401, 0.9266314737662006973, 1.000000000000000000 ),
 .UNSPECIFIED. ) ;
#8317 = EDGE_CURVE ( 'NONE', #7673, #3417, #3581, .T. ) ;
#8316 = DIRECTION ( 'NONE',  ( 0.0000000000000000000, 1.000000000000000000, 0.0000000000000000000 ) ) ;
#8318 = DIRECTION ( 'NONE',  ( -0.0000000000000000000, 1.000000000000000000, -0.0000000000000000000 ) ) ;
#8319 = CARTESIAN_POINT ( 'NONE',  ( 0.5467835905770140892, 0.6999999999999999556, -0.02701382103186768940 ) ) ;
#8320 = CARTESIAN_POINT ( 'NONE',  ( 0.6151875586005524088, 0.7000000000000001776, -0.09316472472550185735 ) ) ;
#8321 = FILL_AREA_STYLE_COLOUR ( '', #5067 ) ;
#8322 = VECTOR ( 'NONE', #2788, 1000.000000000000000 ) ;
#8323 = ORIENTED_EDGE ( 'NONE', *, *, #7623, .F. ) ;
#8324 = VERTEX_POINT ( 'NONE', #7074 ) ;
#8325 = CARTESIAN_POINT ( 'NONE',  ( -0.5763195764016647571, 0.9000000000000000222, -0.1279204735442601715 ) ) ;
#8326 = CARTESIAN_POINT ( 'NONE',  ( 0.7750377806821813209, 0.8999999999999996891, -0.2067788082763747093 ) ) ;
#8327 = SURFACE_SIDE_STYLE ('',( #5994 ) ) ;
#8328 = COLOUR_RGB ( '',1.000000000000000000, 1.000000000000000000, 1.000000000000000000 ) ;
#8330 = ADVANCED_FACE ( 'NONE', ( #798 ), #8855, .T. ) ;
#8329 = CARTESIAN_POINT ( 'NONE',  ( -0.4254423834192086473, 0.6999999999999999556, 0.08611461417503804561 ) ) ;
#8331 = CARTESIAN_POINT ( 'NONE',  ( -0.6480636698997199741, 0.9000000000000001332, -0.1194216272665689915 ) ) ;
#8332 = DIRECTION ( 'NONE',  ( 0.0000000000000000000, 0.0000000000000000000, -1.000000000000000000 ) ) ;
#8333 = CARTESIAN_POINT ( 'NONE',  ( 0.1847411033468441544, 0.6999999999999998446, -0.03115459378318341521 ) ) ;
#8334 = DIRECTION ( 'NONE',  ( -0.0000000000000000000, 0.0000000000000000000, -1.000000000000000000 ) ) ;
#8335 = PLANE ( 'NONE',  #7307 ) ;
#8336 = VERTEX_POINT ( 'NONE', #6273 ) ;
#8337 = VECTOR ( 'NONE', #496, 1000.000000000000000 ) ;
#8338 = DIRECTION ( 'NONE',  ( -0.0000000000000000000, 1.000000000000000000, -0.0000000000000000000 ) ) ;
#8340 = EDGE_CURVE ( 'NONE', #6495, #5135, #2453, .T. ) ;
#8339 = CARTESIAN_POINT ( 'NONE',  ( -0.7245058631758631851, 0.8999999999999999112, -0.1829387492261359549 ) ) ;
#8341 = CARTESIAN_POINT ( 'NONE',  ( -0.7359686992086823532, 0.6999999999999999556, -0.1840608244214531619 ) ) ;
#8342 = CARTESIAN_POINT ( 'NONE',  ( 0.4472773632424942858, 0.6999999999999999556, 0.06812769845276721303 ) ) ;
#8343 = CARTESIAN_POINT ( 'NONE',  ( 0.1762707451243553936, 0.6999999999999999556, -0.1812305706189892007 ) ) ;
#8344 = CARTESIAN_POINT ( 'NONE',  ( -0.7576989534949165606, 0.6999999999999998446, -0.2150892685545510719 ) ) ;
#8345 = VECTOR ( 'NONE', #4770, 1000.000000000000000 ) ;
#8346 = CARTESIAN_POINT ( 'NONE',  ( 0.8428845155703605929, 0.8999999999999998002, 0.05337681071196370003 ) ) ;
#8347 = VECTOR ( 'NONE', #959, 1000.000000000000000 ) ;
#8348 = EDGE_LOOP ( 'NONE', ( #10104, #3902, #1195, #2609 ) ) ;
#8349 = VERTEX_POINT ( 'NONE', #3213 ) ;
#8350 = ORIENTED_EDGE ( 'NONE', *, *, #8711, .T. ) ;
#8351 = ORIENTED_EDGE ( 'NONE', *, *, #623, .T. ) ;
#8352 = CARTESIAN_POINT ( 'NONE',  ( -0.6480636698997199741, 0.9000000000000001332, -0.1194216272665689915 ) ) ;
#8353 = UNCERTAINTY_MEASURE_WITH_UNIT (LENGTH_MEASURE( 1.000000000000000082E-05 ), #1662, 'distance_accuracy_value', 'NONE');
#8354 = CARTESIAN_POINT ( 'NONE',  ( -0.4605301027174542594, 0.9000000000000000222, 0.08611461417503804561 ) ) ;
#8355 = CARTESIAN_POINT ( 'NONE',  ( 0.7718624257998166760, 0.6999999999999997335, 0.08032380882156076041 ) ) ;
#8356 = COLOUR_RGB ( '',0.3764705882352941124, 0.3764705882352941124, 0.3764705882352941124 ) ;
#8357 = CARTESIAN_POINT ( 'NONE',  ( -0.7105992318648379769, 0.7000000000000000666, 0.04598496353837010914 ) ) ;
#8358 = CARTESIAN_POINT ( 'NONE',  ( 0.5186422850374367011, 0.7000000000000003997, -0.1102361141146204621 ) ) ;
#8359 = CARTESIAN_POINT ( 'NONE',  ( 0.3023283683432498870, 0.9000000000000002442, 0.05310224845356911749 ) ) ;
#8360 = CARTESIAN_POINT ( 'NONE',  ( 0.6569555937960128711, 0.8999999999999999112, 0.07645579815884674668 ) ) ;
#8361 = CARTESIAN_POINT ( 'NONE',  ( 0.0000000000000000000, 0.9000000000000000222, 0.0000000000000000000 ) ) ;
#8362 = STYLED_ITEM ( 'NONE', ( #1576 ), #9877 ) ;
#8363 = EDGE_CURVE ( 'NONE', #1873, #7290, #10260, .T. ) ;
#8364 = LINE ( 'NONE', #2821, #4589 ) ;
#8365 = DIRECTION ( 'NONE',  ( -1.000000000000000000, 0.0000000000000000000, 0.0000000000000000000 ) ) ;
#8366 = ORIENTED_EDGE ( 'NONE', *, *, #6376, .F. ) ;
#8367 = CARTESIAN_POINT ( 'NONE',  ( 0.3184172657035982956, 0.6999999999999999556, -0.1051134560004005486 ) ) ;
#8368 = CARTESIAN_POINT ( 'NONE',  ( 0.7738954034358227485, 0.6999999999999999556, -0.1229090932127586272 ) ) ;
#8369 = CARTESIAN_POINT ( 'NONE',  ( 0.5403146016360218518, 0.7000000000000000666, -0.003359070035488265129 ) ) ;
#8370 = CARTESIAN_POINT ( 'NONE',  ( 0.6096072233020546349, 0.7000000000000000666, -0.09193149816508756900 ) ) ;
#8371 = PLANE ( 'NONE',  #8110 ) ;
#8372 = SURFACE_STYLE_FILL_AREA ( #7698 ) ;
#8373 = CARTESIAN_POINT ( 'NONE',  ( 0.2886886592396009643, 0.7000000000000002887, 0.02112300891631532437 ) ) ;
#8374 = MECHANICAL_DESIGN_GEOMETRIC_PRESENTATION_REPRESENTATION (  '', ( #6511 ), #4696 ) ;
#8375 = EDGE_CURVE ( 'NONE', #6569, #3480, #6426, .T. ) ;
#8376 = ORIENTED_EDGE ( 'NONE', *, *, #2085, .F. ) ;
#8377 = VERTEX_POINT ( 'NONE', #7024 ) ;
#8378 = FILL_AREA_STYLE ('',( #10138 ) ) ;
#8379 = CARTESIAN_POINT ( 'NONE',  ( 0.8303628944528913536, 0.9000000000000001332, -0.2172870409041416651 ) ) ;
#8380 = DIRECTION ( 'NONE',  ( -0.0000000000000000000, 1.000000000000000000, -0.0000000000000000000 ) ) ;
#8381 = PLANE ( 'NONE',  #5652 ) ;
#8382 = LINE ( 'NONE', #5171, #1562 ) ;
#8383 = CARTESIAN_POINT ( 'NONE',  ( 0.9093914603127137841, 0.6999999999999998446, -0.1496795249161752828 ) ) ;
#8384 = CARTESIAN_POINT ( 'NONE',  ( 0.2249209306515034257, 0.6999999999999997335, -0.1859960567173742363 ) ) ;
#8385 = SURFACE_STYLE_FILL_AREA ( #408 ) ;
#8386 = ADVANCED_FACE ( 'NONE', ( #9539 ), #9632, .T. ) ;
#8387 = VERTEX_POINT ( 'NONE', #3124 ) ;
#8388 = EDGE_CURVE ( 'NONE', #9279, #2524, #6323, .T. ) ;
#8389 = LINE ( 'NONE', #4305, #5127 ) ;
#8390 = CARTESIAN_POINT ( 'NONE',  ( 0.1596909902372917189, 0.8999999999999998002, -0.1861981861161744745 ) ) ;
#8391 = CARTESIAN_POINT ( 'NONE',  ( -0.7059068930198486580, 0.9000000000000000222, -0.1732674969671386400 ) ) ;
#8392 = CARTESIAN_POINT ( 'NONE',  ( 0.4282203647437884952, 0.8999999999999999112, 0.08104785762000342453 ) ) ;
#8393 = CARTESIAN_POINT ( 'NONE',  ( 0.5532595868244084558, 0.9000000000000000222, -0.1145862049331558274 ) ) ;
#8394 = CARTESIAN_POINT ( 'NONE',  ( 0.03420673938780895845, 0.6999999999999999556, -0.01213099986004967552 ) ) ;
#8395 = CARTESIAN_POINT ( 'NONE',  ( 0.5146829334450296889, 0.7000000000000005107, -0.1274522846622697103 ) ) ;
#8396 =( LENGTH_UNIT ( ) NAMED_UNIT ( * ) SI_UNIT ( .MILLI., .METRE. ) );
#8397 = CARTESIAN_POINT ( 'NONE',  ( -0.9249999999999998224, -0.1000000000000000056, 0.3749999999999999445 ) ) ;
#8398 = VERTEX_POINT ( 'NONE', #1673 ) ;
#8399 = ORIENTED_EDGE ( 'NONE', *, *, #8375, .T. ) ;
#8400 = CARTESIAN_POINT ( 'NONE',  ( 0.5289018753625445157, 0.8999999999999999112, -0.06115973151536305275 ) ) ;
#8401 = EDGE_CURVE ( 'NONE', #2787, #7894, #2503, .T. ) ;
#8402 = FILL_AREA_STYLE_COLOUR ( '', #6617 ) ;
#8403 = ORIENTED_EDGE ( 'NONE', *, *, #995, .F. ) ;
#8404 =( GEOMETRIC_REPRESENTATION_CONTEXT ( 3 ) GLOBAL_UNCERTAINTY_ASSIGNED_CONTEXT ( ( #2131 ) ) GLOBAL_UNIT_ASSIGNED_CONTEXT ( ( #5862, #3538, #267 ) ) REPRESENTATION_CONTEXT ( 'NONE', 'WORKASPACE' ) );
#8405 = DIRECTION ( 'NONE',  ( -1.000000000000000000, 0.0000000000000000000, -0.0000000000000000000 ) ) ;
#8406 = FILL_AREA_STYLE_COLOUR ( '', #3359 ) ;
#8407 = CARTESIAN_POINT ( 'NONE',  ( -0.8108623355194231053, 0.8999999999999998002, -0.1770299391302923298 ) ) ;
#8408 = DIRECTION ( 'NONE',  ( -0.0000000000000000000, 1.000000000000000000, -0.0000000000000000000 ) ) ;
#8409 =( GEOMETRIC_REPRESENTATION_CONTEXT ( 3 ) GLOBAL_UNCERTAINTY_ASSIGNED_CONTEXT ( ( #2706 ) ) GLOBAL_UNIT_ASSIGNED_CONTEXT ( ( #2371, #3176, #10270 ) ) REPRESENTATION_CONTEXT ( 'NONE', 'WORKASPACE' ) );
#8410 = CARTESIAN_POINT ( 'NONE',  ( 0.5138702713774763176, 0.6999999999999998446, -0.1366515634528985834 ) ) ;
#8411 = CARTESIAN_POINT ( 'NONE',  ( 0.4282203647437884952, 0.8999999999999999112, 0.08104785762000342453 ) ) ;
#8412 = CARTESIAN_POINT ( 'NONE',  ( 1.270879639914568315, -0.1000000000000000056, 0.0000000000000000000 ) ) ;
#8413 = CARTESIAN_POINT ( 'NONE',  ( -0.8322599970489269472, 0.9000000000000000222, 0.01063007290813040850 ) ) ;
#8414 = CARTESIAN_POINT ( 'NONE',  ( 0.5335795918516592629, 0.7000000000000000666, -0.06505859029947419492 ) ) ;
#8415 = VERTEX_POINT ( 'NONE', #5441 ) ;
#8416 = DIRECTION ( 'NONE',  ( 1.000000000000000000, -0.0000000000000000000, 0.0000000000000000000 ) ) ;
#8417 = FACE_OUTER_BOUND ( 'NONE', #3792, .T. ) ;
#8418 = CARTESIAN_POINT ( 'NONE',  ( 0.6465789775286924224, 0.6999999999999997335, -0.07134463974378829620 ) ) ;
#8419 = CARTESIAN_POINT ( 'NONE',  ( 0.2412242832474579823, 0.6999999999999999556, 0.05278128084170470580 ) ) ;
#8420 = CARTESIAN_POINT ( 'NONE',  ( 0.03420673938780895845, 0.6999999999999999556, 0.01769356154345909371 ) ) ;
#8421 = LINE ( 'NONE', #4444, #4915 ) ;
#8422 = CARTESIAN_POINT ( 'NONE',  ( 1.148039551635142486, 0.6999999999999997335, -0.1125532004072401088 ) ) ;
#8423 = STYLED_ITEM ( 'NONE', ( #1721 ), #3985 ) ;
#8424 = CARTESIAN_POINT ( 'NONE',  ( 1.092153710913561948, 0.9000000000000000222, -0.1683922742291475427 ) ) ;
#8425 = ORIENTED_EDGE ( 'NONE', *, *, #9128, .T. ) ;
#8426 = EDGE_LOOP ( 'NONE', ( #5376, #8584, #6222, #2944 ) ) ;
#8427 = SURFACE_STYLE_FILL_AREA ( #5991 ) ;
#8428 = CARTESIAN_POINT ( 'NONE',  ( 0.8134158620754032842, 0.9000000000000003553, -0.2172497489325814213 ) ) ;
#8429 = PRESENTATION_LAYER_ASSIGNMENT (  '', '', ( #8606 ) ) ;
#8430 = CARTESIAN_POINT ( 'NONE',  ( -0.6885192061363138993, 0.8999999999999998002, -0.1329278906075493372 ) ) ;
#8431 = EDGE_CURVE ( 'NONE', #588, #6851, #3898, .T. ) ;
#8432 = FILL_AREA_STYLE_COLOUR ( '', #6658 ) ;
#8433 = LINE ( 'NONE', #7545, #718 ) ;
#8434 = CARTESIAN_POINT ( 'NONE',  ( 0.5464670620282395808, 0.8999999999999998002, -0.1430510563655854328 ) ) ;
#8435 = CARTESIAN_POINT ( 'NONE',  ( 0.8971988853923354990, 0.7000000000000002887, -0.1852002767618871892 ) ) ;
#8436 = DIRECTION ( 'NONE',  ( 0.0000000000000000000, 0.0000000000000000000, 1.000000000000000000 ) ) ;
#8437 = CARTESIAN_POINT ( 'NONE',  ( 0.7905233848715264022, 0.9000000000000001332, 0.08638838197276381414 ) ) ;
#8438 = AXIS2_PLACEMENT_3D ( 'NONE', #9084, #8930, #1164 ) ;
#8439 = CARTESIAN_POINT ( 'NONE',  ( -0.9903546641209628465, 0.6999999999999999556, -0.2138853858249619433 ) ) ;
#8440 = CARTESIAN_POINT ( 'NONE',  ( 0.09034709026500181706, 0.9000000000000001332, -0.1349380174039093161 ) ) ;
#8441 = CARTESIAN_POINT ( 'NONE',  ( -0.6961409912480932549, 0.9000000000000001332, -0.1595521068459210545 ) ) ;
#8442 = LINE ( 'NONE', #7718, #6707 ) ;
#8443 = VECTOR ( 'NONE', #5898, 1000.000000000000000 ) ;
#8444 = UNCERTAINTY_MEASURE_WITH_UNIT (LENGTH_MEASURE( 1.000000000000000082E-05 ), #10209, 'distance_accuracy_value', 'NONE');
#8445 = CARTESIAN_POINT ( 'NONE',  ( 0.1531462770538901952, 0.8999999999999999112, -0.2198233150283630255 ) ) ;
#8446 = CARTESIAN_POINT ( 'NONE',  ( 0.3023283683432498870, 0.9000000000000002442, 0.05310224845356911749 ) ) ;
#8447 = CARTESIAN_POINT ( 'NONE',  ( 0.1240053165567367166, 0.8999999999999999112, -0.1773234790724849408 ) ) ;
#8448 = CARTESIAN_POINT ( 'NONE',  ( 0.6473092764138866917, 0.7000000000000000666, -0.07749480513128068071 ) ) ;
#8449 = B_SPLINE_CURVE_WITH_KNOTS ( 'NONE', 3,
 ( #7845, #1543, #3859, #7039, #10222, #4740, #7899, #5453, #7093, #5327, #2907, #5379, #8599, #792, #7172, #7124, #3944, #9530, #9627, #6470, #8756, #1624, #2495, #5622, #9676, #8078, #939, #4092, #1773, #2553, #8908, #2932, #5929 ),
 .UNSPECIFIED., .F., .F.,
 ( 4, 1, 1, 1, 1, 1, 1, 1, 1, 1, 1, 1, 1, 1, 1, 1, 1, 1, 1, 1, 1, 1, 1, 1, 1, 1, 1, 1, 1, 1, 4 ),
 ( 0.4999999999991511235, 0.5048917441987316179, 0.5204633798215130280, 0.5361737445479632935, 0.5515056842902307244, 0.5666444528663349134, 0.5818530785127233873, 0.5972231988936472780, 0.6128970075091784153, 0.6288484177296653765, 0.6451768796171204468, 0.6613788366660897644, 0.6768685706827626269, 0.6915922477349470965, 0.7061660962377974693, 0.7205712562714619018, 0.7349772819738292773, 0.7498257810670105883, 0.7652104987269514602, 0.7960952250218571447, 0.8262278482969580562, 0.8563790891971131414, 0.8868590029158237575, 0.9021020279963870570, 0.9167220099060908733, 0.9309748682434307865, 0.9449127660587833821, 0.9586895787138532965, 0.9724219660076108829, 0.9862277139797344105, 0.9999999999999998890 ),
 .UNSPECIFIED. ) ;
#8450 = VERTEX_POINT ( 'NONE', #892 ) ;
#8451 = ORIENTED_EDGE ( 'NONE', *, *, #8474, .T. ) ;
#8452 = VERTEX_POINT ( 'NONE', #5491 ) ;
#8453 = PLANE ( 'NONE',  #2659 ) ;
#8454 = MECHANICAL_DESIGN_GEOMETRIC_PRESENTATION_REPRESENTATION (  '', ( #125 ), #3971 ) ;
#8455 = ORIENTED_EDGE ( 'NONE', *, *, #4920, .F. ) ;
#8456 = UNCERTAINTY_MEASURE_WITH_UNIT (LENGTH_MEASURE( 1.000000000000000082E-05 ), #7952, 'distance_accuracy_value', 'NONE');
#8457 = CARTESIAN_POINT ( 'NONE',  ( 0.7869438344896469983, 0.9000000000000002442, 0.04888778245758314267 ) ) ;
#8458 = FILL_AREA_STYLE ('',( #8406 ) ) ;
#8459 = FACE_OUTER_BOUND ( 'NONE', #6081, .T. ) ;
#8460 = DIRECTION ( 'NONE',  ( -1.000000000000000000, 0.0000000000000000000, 0.0000000000000000000 ) ) ;
#8461 = CARTESIAN_POINT ( 'NONE',  ( 0.7499104229971461644, 0.6999999999999997335, 0.06520695268748699647 ) ) ;
#8462 = FACE_BOUND ( 'NONE', #289, .T. ) ;
#8463 = CARTESIAN_POINT ( 'NONE',  ( 0.5805626221271245058, 0.6999999999999995115, -0.2163921072683878677 ) ) ;
#8464 = CARTESIAN_POINT ( 'NONE',  ( -1.399999999999999689, -0.1000000000000000056, -0.3750000000000000000 ) ) ;
#8465 = CARTESIAN_POINT ( 'NONE',  ( 0.06403130079131763575, 0.7000000000000000666, 0.07734268435047664259 ) ) ;
#8466 = CARTESIAN_POINT ( 'NONE',  ( 0.6490765801514682964, 0.9000000000000000222, -0.1389509197478261404 ) ) ;
#8467 = ORIENTED_EDGE ( 'NONE', *, *, #2384, .F. ) ;
#8468 = DIRECTION ( 'NONE',  ( 4.336808689942019708E-16, 0.0000000000000000000, 1.000000000000000000 ) ) ;
#8469 = FACE_OUTER_BOUND ( 'NONE', #3070, .T. ) ;
#8470 = CARTESIAN_POINT ( 'NONE',  ( -0.8022001659330330048, 0.6999999999999998446, 0.06343026617072126949 ) ) ;
#8471 = CARTESIAN_POINT ( 'NONE',  ( 0.3903470902650017504, 0.9000000000000000222, -0.2173941577547864601 ) ) ;
#8472 = CARTESIAN_POINT ( 'NONE',  ( 0.06048030478826162820, 0.8999999999999999112, -0.1498125166631451843 ) ) ;
#8473 = FACE_BOUND ( 'NONE', #8295, .T. ) ;
#8474 = EDGE_CURVE ( 'NONE', #5265, #6148, #720, .T. ) ;
#8475 = CARTESIAN_POINT ( 'NONE',  ( 0.6486849798194735950, 0.7000000000000000666, -0.1339347267550654030 ) ) ;
#8476 = FILL_AREA_STYLE ('',( #2383 ) ) ;
#8477 = CARTESIAN_POINT ( 'NONE',  ( 1.092153710913561948, 0.6999999999999999556, -0.1683922742291475427 ) ) ;
#8478 = ORIENTED_EDGE ( 'NONE', *, *, #7344, .F. ) ;
#8479 = ORIENTED_EDGE ( 'NONE', *, *, #7562, .T. ) ;
#8480 = SURFACE_STYLE_USAGE ( .BOTH. , #3660 ) ;
#8481 = DIRECTION ( 'NONE',  ( 1.000000000000000000, 0.0000000000000000000, -1.734723475976807094E-16 ) ) ;
#8482 =( NAMED_UNIT ( * ) PLANE_ANGLE_UNIT ( ) SI_UNIT ( $, .RADIAN. ) );
#8483 = CARTESIAN_POINT ( 'NONE',  ( 1.110216017363253371, 0.9000000000000001332, -0.2001703836918412027 ) ) ;
#8484 = CARTESIAN_POINT ( 'NONE',  ( 0.7683814350276778615, 0.9000000000000001332, -0.2020494904226866062 ) ) ;
#8485 = CARTESIAN_POINT ( 'NONE',  ( 0.7515250060849288927, 0.6999999999999999556, -0.1837136004031731384 ) ) ;
#8486 =( NAMED_UNIT ( * ) SI_UNIT ( $, .STERADIAN. ) SOLID_ANGLE_UNIT ( ) );
#8487 = VECTOR ( 'NONE', #5649, 1000.000000000000000 ) ;
#8488 = CARTESIAN_POINT ( 'NONE',  ( 1.083184008332271020, 0.8999999999999998002, -0.1738019679108567805 ) ) ;
#8489 = CARTESIAN_POINT ( 'NONE',  ( 0.1623071350982900063, 0.6999999999999999556, -0.05663036050617845096 ) ) ;
#8490 = ORIENTED_EDGE ( 'NONE', *, *, #826, .F. ) ;
#8491 = EDGE_CURVE ( 'NONE', #5738, #1850, #8916, .T. ) ;
#8492 = CARTESIAN_POINT ( 'NONE',  ( -0.7765741021084132667, 0.7000000000000000666, 0.03680336306115151307 ) ) ;
#8493 =( GEOMETRIC_REPRESENTATION_CONTEXT ( 3 ) GLOBAL_UNCERTAINTY_ASSIGNED_CONTEXT ( ( #7089 ) ) GLOBAL_UNIT_ASSIGNED_CONTEXT ( ( #3890, #2550, #2355 ) ) REPRESENTATION_CONTEXT ( 'NONE', 'WORKASPACE' ) );
#8494 = CARTESIAN_POINT ( 'NONE',  ( 0.7884917395532010653, 0.6999999999999999556, -0.04490989065077129194 ) ) ;
#8495 = FACE_OUTER_BOUND ( 'NONE', #6866, .T. ) ;
#8496 = CARTESIAN_POINT ( 'NONE',  ( 0.2300740748147273029, 0.8999999999999999112, -0.1769856953872979699 ) ) ;
#8497 = CARTESIAN_POINT ( 'NONE',  ( 0.4063341242550415067, 0.6999999999999999556, 0.08777669742956523136 ) ) ;
#8498 = CARTESIAN_POINT ( 'NONE',  ( 0.1947213831801820894, 0.6999999999999999556, -0.1633610825987966420 ) ) ;
#8499 = CARTESIAN_POINT ( 'NONE',  ( 0.6437139701323657537, 0.6999999999999999556, -0.2084846267975644096 ) ) ;
#8500 = PLANE ( 'NONE',  #4252 ) ;
#8501 = EDGE_LOOP ( 'NONE', ( #2541, #5597, #3491, #2179 ) ) ;
#8502 = VECTOR ( 'NONE', #6243, 1000.000000000000000 ) ;
#8503 = ORIENTED_EDGE ( 'NONE', *, *, #8317, .T. ) ;
#8504 = ORIENTED_EDGE ( 'NONE', *, *, #3239, .T. ) ;
#8505 = CARTESIAN_POINT ( 'NONE',  ( 0.4057401028750730054, 0.6999999999999997335, 0.05462187028936377892 ) ) ;
#8506 =( GEOMETRIC_REPRESENTATION_CONTEXT ( 3 ) GLOBAL_UNCERTAINTY_ASSIGNED_CONTEXT ( ( #8444 ) ) GLOBAL_UNIT_ASSIGNED_CONTEXT ( ( #10209, #9587, #4819 ) ) REPRESENTATION_CONTEXT ( 'NONE', 'WORKASPACE' ) );
#8507 = CARTESIAN_POINT ( 'NONE',  ( 0.8428845155703605929, 0.6999999999999997335, 0.05337681071196370003 ) ) ;
#8508 = CARTESIAN_POINT ( 'NONE',  ( -0.8392365929013065884, 0.8999999999999999112, -0.07377301090776901271 ) ) ;
#8509 = VECTOR ( 'NONE', #2968, 1000.000000000000000 ) ;
#8510 = LINE ( 'NONE', #9299, #2272 ) ;
#8511 = SURFACE_STYLE_USAGE ( .BOTH. , #6872 ) ;
#8512 = FACE_BOUND ( 'NONE', #2506, .T. ) ;
#8513 = CARTESIAN_POINT ( 'NONE',  ( 0.6139404444992926368, 0.8999999999999998002, -0.2166492977353445537 ) ) ;
#8514 = CARTESIAN_POINT ( 'NONE',  ( 0.5929574832063564394, 0.6999999999999997335, -0.1858596272063474941 ) ) ;
#8515 = CARTESIAN_POINT ( 'NONE',  ( 0.8801810587242085981, 0.7000000000000000666, -0.01968724215881657510 ) ) ;
#8516 = VECTOR ( 'NONE', #8944, 1000.000000000000000 ) ;
#8517 = EDGE_CURVE ( 'NONE', #8710, #9476, #9912, .T. ) ;
#8518 = VERTEX_POINT ( 'NONE', #7284 ) ;
#8519 = CARTESIAN_POINT ( 'NONE',  ( 0.5467394025658773860, 0.9000000000000000222, -0.07731518626360403545 ) ) ;
#8520 = SURFACE_STYLE_USAGE ( .BOTH. , #2425 ) ;
#8521 = DIRECTION ( 'NONE',  ( -0.0000000000000000000, 1.000000000000000000, -0.0000000000000000000 ) ) ;
#8522 = LINE ( 'NONE', #7492, #8750 ) ;
#8523 = CARTESIAN_POINT ( 'NONE',  ( 0.6872855566632793956, 0.7000000000000001776, -0.03668224964565072743 ) ) ;
#8524 = DIRECTION ( 'NONE',  ( 1.000000000000000000, 0.0000000000000000000, 0.0000000000000000000 ) ) ;
#8525 = CARTESIAN_POINT ( 'NONE',  ( 0.9249999999999998224, 0.0000000000000000000, -0.0000000000000000000 ) ) ;
#8526 = AXIS2_PLACEMENT_3D ( 'NONE', #8420, #3498, #1904 ) ;
#8527 = LINE ( 'NONE', #7804, #10101 ) ;
#8528 = CARTESIAN_POINT ( 'NONE',  ( 0.2954644803980193135, 0.6999999999999998446, 0.04101432947041541016 ) ) ;
#8529 = VERTEX_POINT ( 'NONE', #143 ) ;
#8530 = ORIENTED_EDGE ( 'NONE', *, *, #7898, .T. ) ;
#8531 = ADVANCED_FACE ( 'NONE', ( #3312 ), #2559, .F. ) ;
#8532 = ORIENTED_EDGE ( 'NONE', *, *, #91, .F. ) ;
#8533 = LINE ( 'NONE', #3768, #7499 ) ;
#8534 = VECTOR ( 'NONE', #6474, 1000.000000000000000 ) ;
#8535 = CARTESIAN_POINT ( 'NONE',  ( -0.7022258256107928309, 0.9000000000000000222, -0.1693222190036970665 ) ) ;
#8536 =( NAMED_UNIT ( * ) SI_UNIT ( $, .STERADIAN. ) SOLID_ANGLE_UNIT ( ) );
#8537 = CARTESIAN_POINT ( 'NONE',  ( 0.6432319930353324056, 0.8999999999999998002, 0.04075349424776250618 ) ) ;
#8538 = VECTOR ( 'NONE', #308, 1000.000000000000000 ) ;
#8539 = CARTESIAN_POINT ( 'NONE',  ( 0.7422509301937817439, 0.9000000000000003553, -0.04779836126451674633 ) ) ;
#8540 = CARTESIAN_POINT ( 'NONE',  ( 0.9640313007913173804, 0.6999999999999999556, 0.08611461417503804561 ) ) ;
#8541 = CARTESIAN_POINT ( 'NONE',  ( -0.3750000000000000000, 0.0000000000000000000, 1.149999999999996581 ) ) ;
#8542 = CARTESIAN_POINT ( 'NONE',  ( 0.2376522604876075417, 0.6999999999999997335, -0.1433314984228195588 ) ) ;
#8543 = DIRECTION ( 'NONE',  ( 0.0000000000000000000, 0.0000000000000000000, 1.000000000000000000 ) ) ;
#8544 = CARTESIAN_POINT ( 'NONE',  ( 0.8838741837359219700, 0.9000000000000000222, -0.06571319511617655651 ) ) ;
#8545 = ORIENTED_EDGE ( 'NONE', *, *, #7344, .T. ) ;
#8546 = CARTESIAN_POINT ( 'NONE',  ( 0.6090180148139253680, 0.6999999999999996225, 0.05493172144478357388 ) ) ;
#8547 = STYLED_ITEM ( 'NONE', ( #46 ), #1396 ) ;
#8548 = CARTESIAN_POINT ( 'NONE',  ( -0.7005958806938583638, 0.7000000000000001776, -0.2103453034666390997 ) ) ;
#8549 = CARTESIAN_POINT ( 'NONE',  ( 0.1689755209055162910, 0.7000000000000000666, -0.2193756851533144314 ) ) ;
#8550 = CARTESIAN_POINT ( 'NONE',  ( -0.6486981777338896027, 0.8999999999999996891, -0.002603103544216096941 ) ) ;
#8551 = CARTESIAN_POINT ( 'NONE',  ( 0.8644614836305394290, 0.9000000000000000222, -0.1108435323114343590 ) ) ;
#8552 = CARTESIAN_POINT ( 'NONE',  ( 0.5318885568593608726, 0.6999999999999998446, -0.1902900081931199194 ) ) ;
#8553 = EDGE_CURVE ( 'NONE', #8387, #6252, #1406, .T. ) ;
#8554 = AXIS2_PLACEMENT_3D ( 'NONE', #7798, #3808, #6991 ) ;
#8555 = FACE_OUTER_BOUND ( 'NONE', #882, .T. ) ;
#8556 = ORIENTED_EDGE ( 'NONE', *, *, #1931, .F. ) ;
#8557 = EDGE_LOOP ( 'NONE', ( #7783, #200, #6754, #3316 ) ) ;
#8558 = CARTESIAN_POINT ( 'NONE',  ( -0.3973722079806121243, 0.6999999999999999556, -0.08230643845654088409 ) ) ;
#8559 = ORIENTED_EDGE ( 'NONE', *, *, #6767, .F. ) ;
#8560 = ORIENTED_EDGE ( 'NONE', *, *, #3096, .F. ) ;
#8561 = VECTOR ( 'NONE', #203, 1000.000000000000000 ) ;
#8562 = CARTESIAN_POINT ( 'NONE',  ( -0.7953107246206475578, 0.8999999999999999112, -0.1948036298081525508 ) ) ;
#8563 = UNCERTAINTY_MEASURE_WITH_UNIT (LENGTH_MEASURE( 1.000000000000000082E-05 ), #1479, 'distance_accuracy_value', 'NONE');
#8564 = EDGE_CURVE ( 'NONE', #6329, #5832, #4051, .T. ) ;
#8565 = CARTESIAN_POINT ( 'NONE',  ( 1.148241827107107094, 0.6999999999999999556, -0.1226573156495233408 ) ) ;
#8566 = PRODUCT_DEFINITION ( 'UNKNOWN', '', #210, #3238 ) ;
#8567 = CARTESIAN_POINT ( 'NONE',  ( 0.6608846480610826024, 0.6999999999999998446, -0.08692588343174396937 ) ) ;
#8568 = CARTESIAN_POINT ( 'NONE',  ( 0.6478886164256134617, 0.7000000000000001776, -0.1547683944831420022 ) ) ;
#8569 = CARTESIAN_POINT ( 'NONE',  ( 0.8727025778518640031, 0.6999999999999999556, -0.03220540040418937155 ) ) ;
#8570 = VECTOR ( 'NONE', #8885, 1000.000000000000000 ) ;
#8571 = CARTESIAN_POINT ( 'NONE',  ( 0.1380973383090499385, 0.9000000000000002442, -0.02518886229888707765 ) ) ;
#8572 = CARTESIAN_POINT ( 'NONE',  ( 0.8664476549941552141, 0.6999999999999998446, -0.07279017902696312270 ) ) ;
#8573 = ORIENTED_EDGE ( 'NONE', *, *, #9480, .T. ) ;
#8574 = FACE_OUTER_BOUND ( 'NONE', #5054, .T. ) ;
#8575 = CARTESIAN_POINT ( 'NONE',  ( 0.8496877610668313041, 0.7000000000000000666, -0.09711692372561581132 ) ) ;
#8576 =( GEOMETRIC_REPRESENTATION_CONTEXT ( 3 ) GLOBAL_UNCERTAINTY_ASSIGNED_CONTEXT ( ( #855 ) ) GLOBAL_UNIT_ASSIGNED_CONTEXT ( ( #1925, #4309, #1734 ) ) REPRESENTATION_CONTEXT ( 'NONE', 'WORKASPACE' ) );
#8577 = DIRECTION ( 'NONE',  ( 0.0000000000000000000, 1.000000000000000000, -0.0000000000000000000 ) ) ;
#8578 =( LENGTH_UNIT ( ) NAMED_UNIT ( * ) SI_UNIT ( .MILLI., .METRE. ) );
#8579 = CARTESIAN_POINT ( 'NONE',  ( 0.6489947561938020915, 0.7000000000000000666, -0.1372836826229789642 ) ) ;
#8580 = ADVANCED_FACE ( 'NONE', ( #6208 ), #5370, .T. ) ;
#8581 = CARTESIAN_POINT ( 'NONE',  ( -0.7882686479043765626, 0.7000000000000002887, -0.1378899832890048693 ) ) ;
#8582 = ADVANCED_FACE ( 'NONE', ( #4712 ), #2298, .F. ) ;
#8583 = CARTESIAN_POINT ( 'NONE',  ( 0.9249999999999996003, -0.1000000000000000056, 4.011548038196364434E-16 ) ) ;
#8584 = ORIENTED_EDGE ( 'NONE', *, *, #4082, .F. ) ;
#8585 = VECTOR ( 'NONE', #549, 1000.000000000000000 ) ;
#8586 = ORIENTED_EDGE ( 'NONE', *, *, #7574, .T. ) ;
#8587 = ORIENTED_EDGE ( 'NONE', *, *, #5024, .T. ) ;
#8588 = SURFACE_STYLE_FILL_AREA ( #8378 ) ;
#8589 =( NAMED_UNIT ( * ) SI_UNIT ( $, .STERADIAN. ) SOLID_ANGLE_UNIT ( ) );
#8590 = CARTESIAN_POINT ( 'NONE',  ( 0.7745576165807911417, 0.9000000000000000222, -0.07528889459689178110 ) ) ;
#8591 = CARTESIAN_POINT ( 'NONE',  ( 0.8835261274996485392, 0.8999999999999999112, -0.1990456219702590734 ) ) ;
#8592 = CARTESIAN_POINT ( 'NONE',  ( -0.5219336114893839973, 0.6999999999999999556, -0.01563977178987422875 ) ) ;
#8593 = ADVANCED_FACE ( 'NONE', ( #3107 ), #218, .F. ) ;
#8594 = CARTESIAN_POINT ( 'NONE',  ( 0.0000000000000000000, -0.1000000000000000056, 0.6700000000000000400 ) ) ;
#8595 = CARTESIAN_POINT ( 'NONE',  ( 0.8125197435475978169, 0.9000000000000002442, 0.08939866747417397896 ) ) ;
#8596 = PLANE ( 'NONE',  #1668 ) ;
#8597 = ORIENTED_EDGE ( 'NONE', *, *, #5657, .F. ) ;
#8598 = DIRECTION ( 'NONE',  ( -0.0000000000000000000, 0.0000000000000000000, -1.000000000000000000 ) ) ;
#8599 = CARTESIAN_POINT ( 'NONE',  ( 0.3653952921221441108, 0.6999999999999998446, -0.07602723105323641595 ) ) ;
#8600 = CARTESIAN_POINT ( 'NONE',  ( 1.499999999999999778, 0.0000000000000000000, -1.250000000000000000 ) ) ;
#8601 = CARTESIAN_POINT ( 'NONE',  ( 0.1980339170991352316, 0.6999999999999998446, -0.2103893913601237176 ) ) ;
#8602 = FILL_AREA_STYLE_COLOUR ( '', #4011 ) ;
#8603 = CARTESIAN_POINT ( 'NONE',  ( 0.5851861128196563788, 0.8999999999999998002, -0.09193065823550432281 ) ) ;
#8604 = CARTESIAN_POINT ( 'NONE',  ( 0.8539998913623066956, 0.9000000000000002442, -0.09989736374326872725 ) ) ;
#8605 = CARTESIAN_POINT ( 'NONE',  ( 0.0000000000000000000, -0.1000000000000000056, -0.8750000000000001110 ) ) ;
#8606 = STYLED_ITEM ( 'NONE', ( #1557 ), #4665 ) ;
#8607 = CARTESIAN_POINT ( 'NONE',  ( -1.399999999999999689, -0.1000000000000000056, 0.0000000000000000000 ) ) ;
#8608 = AXIS2_PLACEMENT_3D ( 'NONE', #2203, #526, #5957 ) ;
#8609 = VERTEX_POINT ( 'NONE', #4221 ) ;
#8610 = ORIENTED_EDGE ( 'NONE', *, *, #7469, .F. ) ;
#8611 = CARTESIAN_POINT ( 'NONE',  ( 1.004382177984299851, 0.9000000000000000222, 0.08611461417503804561 ) ) ;
#8612 = ORIENTED_EDGE ( 'NONE', *, *, #8882, .F. ) ;
#8613 = CARTESIAN_POINT ( 'NONE',  ( 0.4418010022308930251, 0.6999999999999996225, -0.03248137688070656948 ) ) ;
#8614 = ORIENTED_EDGE ( 'NONE', *, *, #1919, .T. ) ;
#8615 = ORIENTED_EDGE ( 'NONE', *, *, #5801, .T. ) ;
#8616 = PRESENTATION_LAYER_ASSIGNMENT (  '', '', ( #2938 ) ) ;
#8617 = CARTESIAN_POINT ( 'NONE',  ( 0.6250000000000000000, -0.1000000000000000056, -0.6700000000000000400 ) ) ;
#8618 = CARTESIAN_POINT ( 'NONE',  ( 0.7745576165807911417, 0.9000000000000000222, -0.07528889459689178110 ) ) ;
#8619 = CARTESIAN_POINT ( 'NONE',  ( 1.110213391794864890, 0.6999999999999996225, -0.04515084218308483555 ) ) ;
#8620 = LINE ( 'NONE', #7628, #2673 ) ;
#8621 = VECTOR ( 'NONE', #4211, 1000.000000000000000 ) ;
#8622 = DIRECTION ( 'NONE',  ( 0.0000000000000000000, 1.000000000000000000, -0.0000000000000000000 ) ) ;
#8623 = CARTESIAN_POINT ( 'NONE',  ( 0.0000000000000000000, 0.9000000000000000222, 0.0000000000000000000 ) ) ;
#8624 = CARTESIAN_POINT ( 'NONE',  ( 0.07097237785611314187, 0.6999999999999995115, 0.05224179361785564329 ) ) ;
#8625 = EDGE_CURVE ( 'NONE', #247, #6668, #7811, .T. ) ;
#8626 = EDGE_LOOP ( 'NONE', ( #3495, #4199, #5989, #8587 ) ) ;
#8627 = CARTESIAN_POINT ( 'NONE',  ( 0.0000000000000000000, 0.6999999999999999556, 0.0000000000000000000 ) ) ;
#8628 = CARTESIAN_POINT ( 'NONE',  ( -0.6471543501141175936, 0.6999999999999998446, -0.01749328552203504444 ) ) ;
#8629 = LINE ( 'NONE', #4594, #71 ) ;
#8630 =( NAMED_UNIT ( * ) PLANE_ANGLE_UNIT ( ) SI_UNIT ( $, .RADIAN. ) );
#8631 = CARTESIAN_POINT ( 'NONE',  ( -0.9903546641209628465, 0.6999999999999999556, -0.2138853858249619433 ) ) ;
#8632 = FACE_OUTER_BOUND ( 'NONE', #4885, .T. ) ;
#8633 = DIRECTION ( 'NONE',  ( 1.000000000000000000, 0.0000000000000000000, 0.0000000000000000000 ) ) ;
#8634 = CARTESIAN_POINT ( 'NONE',  ( 1.047289849739204248, 0.9000000000000000222, -0.1805164936233128459 ) ) ;
#8635 = VERTEX_POINT ( 'NONE', #9699 ) ;
#8636 = VERTEX_POINT ( 'NONE', #47 ) ;
#8637 = DIRECTION ( 'NONE',  ( -1.000000000000000000, 0.0000000000000000000, 0.0000000000000000000 ) ) ;
#8638 = CARTESIAN_POINT ( 'NONE',  ( 1.399999999999999689, -0.1000000000000000056, 0.0000000000000000000 ) ) ;
#8639 = FILL_AREA_STYLE ('',( #5425 ) ) ;
#8640 = CARTESIAN_POINT ( 'NONE',  ( 0.4306979674579842210, 0.6999999999999999556, -0.2173941577547864601 ) ) ;
#8641 = CARTESIAN_POINT ( 'NONE',  ( 0.7725703962907713995, 0.9000000000000000222, -0.07425645494990004702 ) ) ;
#8642 = CARTESIAN_POINT ( 'NONE',  ( -0.007898523770085786114, 0.9000000000000000222, -0.01213099986004967552 ) ) ;
#8643 = DIRECTION ( 'NONE',  ( 0.0000000000000000000, -5.617947312181167687E-13, 1.000000000000000000 ) ) ;
#8644 = FILL_AREA_STYLE ('',( #672 ) ) ;
#8645 = CARTESIAN_POINT ( 'NONE',  ( 0.9640313007913173804, 0.6999999999999999556, -0.2138853858249619433 ) ) ;
#8646 = CARTESIAN_POINT ( 'NONE',  ( 0.2946070652426597825, 0.6999999999999999556, -0.06143108319164181097 ) ) ;
#8647 = CARTESIAN_POINT ( 'NONE',  ( 0.5911301235736609039, 0.7000000000000002887, -0.09125568563725121318 ) ) ;
#8648 = VERTEX_POINT ( 'NONE', #3139 ) ;
#8649 = FILL_AREA_STYLE ('',( #6789 ) ) ;
#8650 = CARTESIAN_POINT ( 'NONE',  ( -0.4254423834192086473, 0.6999999999999999556, 0.08611461417503804561 ) ) ;
#8651 = EDGE_CURVE ( 'NONE', #3360, #7224, #5645, .T. ) ;
#8652 = VECTOR ( 'NONE', #10025, 1000.000000000000000 ) ;
#8653 = CARTESIAN_POINT ( 'NONE',  ( 0.4276310135656437583, 0.6999999999999998446, -0.06131941956532688254 ) ) ;
#8654 = CARTESIAN_POINT ( 'NONE',  ( 0.1907411563142525912, 0.6999999999999999556, -0.2139484641712921797 ) ) ;
#8655 = CARTESIAN_POINT ( 'NONE',  ( 0.2850839323702649697, 0.9000000000000000222, -0.01823886210826279955 ) ) ;
#8656 = LINE ( 'NONE', #10258, #5893 ) ;
#8657 = CARTESIAN_POINT ( 'NONE',  ( -0.1973722079806121410, 0.6999999999999999556, -0.05423626301794440968 ) ) ;
#8658 = SURFACE_STYLE_FILL_AREA ( #6372 ) ;
#8659 =( LENGTH_UNIT ( ) NAMED_UNIT ( * ) SI_UNIT ( .MILLI., .METRE. ) );
#8660 = VERTEX_POINT ( 'NONE', #3330 ) ;
#8661 = ORIENTED_EDGE ( 'NONE', *, *, #7680, .F. ) ;
#8662 = DIRECTION ( 'NONE',  ( 1.121477988229119757E-12, 1.000000000000000000, -3.203725046579628051E-12 ) ) ;
#8663 = ORIENTED_EDGE ( 'NONE', *, *, #4292, .F. ) ;
#8664 = MECHANICAL_DESIGN_GEOMETRIC_PRESENTATION_REPRESENTATION (  '', ( #673 ), #4479 ) ;
#8665 = CARTESIAN_POINT ( 'NONE',  ( 0.4400137793049986867, 0.6999999999999999556, -0.03993287409148729011 ) ) ;
#8666 = VERTEX_POINT ( 'NONE', #7140 ) ;
#8667 = ORIENTED_EDGE ( 'NONE', *, *, #10204, .F. ) ;
#8668 = EDGE_CURVE ( 'NONE', #665, #6123, #4057, .T. ) ;
#8669 = UNCERTAINTY_MEASURE_WITH_UNIT (LENGTH_MEASURE( 1.000000000000000082E-05 ), #2474, 'distance_accuracy_value', 'NONE');
#8670 = CARTESIAN_POINT ( 'NONE',  ( 0.6487126430101005647, 0.6999999999999997335, -0.1497791909825887668 ) ) ;
#8671 = DIRECTION ( 'NONE',  ( 0.0000000000000000000, 0.0000000000000000000, 1.000000000000000000 ) ) ;
#8672 =( GEOMETRIC_REPRESENTATION_CONTEXT ( 3 ) GLOBAL_UNCERTAINTY_ASSIGNED_CONTEXT ( ( #8870 ) ) GLOBAL_UNIT_ASSIGNED_CONTEXT ( ( #8266, #3497, #1903 ) ) REPRESENTATION_CONTEXT ( 'NONE', 'WORKASPACE' ) );
#8673 = CARTESIAN_POINT ( 'NONE',  ( 0.8724500199343846463, 0.8999999999999996891, -0.1547683944831418357 ) ) ;
#8674 = CARTESIAN_POINT ( 'NONE',  ( 0.6589647239908764664, 0.9000000000000002442, -0.1990456219702590734 ) ) ;
#8675 =( LENGTH_UNIT ( ) NAMED_UNIT ( * ) SI_UNIT ( .MILLI., .METRE. ) );
#8676 = CARTESIAN_POINT ( 'NONE',  ( 0.8828697424205396160, 0.9000000000000000222, 0.004079684918803173389 ) ) ;
#8677 = COLOUR_RGB ( '',1.000000000000000000, 0.9607843137254902244, 0.4549019607843137192 ) ;
#8678 = CARTESIAN_POINT ( 'NONE',  ( -0.03421431324376997263, 0.6999999999999999556, -0.2173941577547864601 ) ) ;
#8679 = CARTESIAN_POINT ( 'NONE',  ( -0.6250000000000000000, -0.1000000000000000056, -1.149999999999996581 ) ) ;
#8680 = SURFACE_STYLE_FILL_AREA ( #5413 ) ;
#8681 = FILL_AREA_STYLE_COLOUR ( '', #5993 ) ;
#8682 = CARTESIAN_POINT ( 'NONE',  ( -0.7613454220292419361, 0.6999999999999998446, -0.1769513947865563874 ) ) ;
#8683 = EDGE_CURVE ( 'NONE', #6094, #2983, #8875, .T. ) ;
#8684 = CARTESIAN_POINT ( 'NONE',  ( 1.110213391794864890, 0.6999999999999996225, -0.04515084218308483555 ) ) ;
#8685 = LINE ( 'NONE', #8583, #7686 ) ;
#8686 =( GEOMETRIC_REPRESENTATION_CONTEXT ( 3 ) GLOBAL_UNCERTAINTY_ASSIGNED_CONTEXT ( ( #2799 ) ) GLOBAL_UNIT_ASSIGNED_CONTEXT ( ( #869, #7911, #824 ) ) REPRESENTATION_CONTEXT ( 'NONE', 'WORKASPACE' ) );
#8687 = VERTEX_POINT ( 'NONE', #7999 ) ;
#8688 = VERTEX_POINT ( 'NONE', #2571 ) ;
#8689 = CARTESIAN_POINT ( 'NONE',  ( 0.3535996509148732203, 0.9000000000000000222, -0.07183904946086906718 ) ) ;
#8690 =( GEOMETRIC_REPRESENTATION_CONTEXT ( 3 ) GLOBAL_UNCERTAINTY_ASSIGNED_CONTEXT ( ( #7958 ) ) GLOBAL_UNIT_ASSIGNED_CONTEXT ( ( #137, #6525, #8075 ) ) REPRESENTATION_CONTEXT ( 'NONE', 'WORKASPACE' ) );
#8691 = CARTESIAN_POINT ( 'NONE',  ( 0.7745576165807911417, 0.6999999999999999556, -0.07528889459689178110 ) ) ;
#8692 = AXIS2_PLACEMENT_3D ( 'NONE', #9104, #391, #6720 ) ;
#8693 = CARTESIAN_POINT ( 'NONE',  ( -0.7973722079806121465, 0.9000000000000001332, -0.05774503494776896811 ) ) ;
#8694 = CARTESIAN_POINT ( 'NONE',  ( 0.6255755997965992687, 0.7000000000000000666, 0.05132234542843833874 ) ) ;
#8695 = CARTESIAN_POINT ( 'NONE',  ( 0.05701375693166845643, 0.9000000000000000222, -0.1402011752986461190 ) ) ;
#8696 = CARTESIAN_POINT ( 'NONE',  ( 0.8910656777569824216, 0.9000000000000001332, -0.09222156738872494541 ) ) ;
#8697 = CARTESIAN_POINT ( 'NONE',  ( 0.8640826659103300056, 0.7000000000000000666, 0.04411498321868760619 ) ) ;
#8698 = MECHANICAL_DESIGN_GEOMETRIC_PRESENTATION_REPRESENTATION (  '', ( #9367 ), #372 ) ;
#8699 = EDGE_CURVE ( 'NONE', #9342, #7109, #4881, .T. ) ;
#8700 = CARTESIAN_POINT ( 'NONE',  ( 0.5470186436415201969, 0.6999999999999999556, -0.1314927984018288976 ) ) ;
#8701 = AXIS2_PLACEMENT_3D ( 'NONE', #3282, #214, #6647 ) ;
#8702 = ORIENTED_EDGE ( 'NONE', *, *, #2074, .F. ) ;
#8703 = LINE ( 'NONE', #10251, #4959 ) ;
#8704 = CARTESIAN_POINT ( 'NONE',  ( 0.3978204577434938383, 0.8999999999999999112, -0.07630589500505911837 ) ) ;
#8705 = CARTESIAN_POINT ( 'NONE',  ( 0.1943987172636933436, 0.9000000000000002442, -0.04396866952508293042 ) ) ;
#8706 = SURFACE_STYLE_FILL_AREA ( #4675 ) ;
#8707 = CARTESIAN_POINT ( 'NONE',  ( -0.7287583707508290543, 0.8999999999999996891, 0.08935177473559580141 ) ) ;
#8708 = DIRECTION ( 'NONE',  ( 1.000000000000000000, -0.0000000000000000000, 0.0000000000000000000 ) ) ;
#8709 = SURFACE_SIDE_STYLE ('',( #1580 ) ) ;
#8710 = VERTEX_POINT ( 'NONE', #7196 ) ;
#8711 = EDGE_CURVE ( 'NONE', #9750, #2904, #8778, .T. ) ;
#8712 = VERTEX_POINT ( 'NONE', #8931 ) ;
#8713 = B_SPLINE_CURVE_WITH_KNOTS ( 'NONE', 3,
 ( #9842, #149, #7346, #6483, #5688, #5791, #8237, #5636, #8187, #1782, #4921, #1059, #4156, #6586, #2649, #9027, #1875, #5025, #1108, #4255, #7454, #305, #2088, #1211, #1357, #4407, #517, #9123, #3521, #572, #9330, #3572, #8288, #4462, #2143, #2197, #8390, #4358, #1972, #7552, #7656, #413, #6743, #9948, #5948, #9173, #8440 ),
 .UNSPECIFIED., .F., .F.,
 ( 4, 1, 1, 1, 1, 1, 1, 1, 1, 1, 1, 1, 1, 1, 1, 1, 1, 1, 1, 1, 1, 1, 1, 1, 1, 1, 1, 1, 1, 1, 1, 1, 1, 1, 1, 1, 1, 1, 1, 1, 1, 1, 1, 1, 4 ),
 ( 0.0000000000000000000, 0.01552874283920271589, 0.03086416310325769061, 0.04632002045477106450, 0.06205331277792014433, 0.07807926949457176524, 0.09464066561982480141, 0.1118157970838652565, 0.1298048624533338913, 0.1492157910023371725, 0.1703673063727564330, 0.1934893600690184012, 0.2184957403152757160, 0.2454880365938955644, 0.2743887016596694983, 0.3051867763412015599, 0.3378862982683744076, 0.3704218387210683194, 0.4007344451700047272, 0.4288022165058739121, 0.4545463371750488313, 0.4780315439852043657, 0.4993180566928124842, 0.5184278310070072893, 0.5352590335941694866, 0.5652146769179604568, 0.5921015246570999757, 0.6161602294093980747, 0.6380886902788545090, 0.6585443121031453462, 0.6783480571834740180, 0.6983684844564240768, 0.7190873752847973810, 0.7398698466195908763, 0.7600558227398173106, 0.7803152678392412112, 0.8015928446120662576, 0.8234931016616584554, 0.8454848888775634563, 0.8684475511612355092, 0.8923113088129334125, 0.9169976546678417773, 0.9428596992094543383, 0.9703610779248007523, 1.000000000000000000 ),
 .UNSPECIFIED. ) ;
#8714 = CARTESIAN_POINT ( 'NONE',  ( 1.044733055177282433, 0.9000000000000000222, -0.1805520524916285896 ) ) ;
#8715 = CARTESIAN_POINT ( 'NONE',  ( -0.7427453311691228910, 0.9000000000000000222, -0.1838079556331576325 ) ) ;
#8716 = COLOUR_RGB ( '',1.000000000000000000, 0.9607843137254902244, 0.4549019607843137192 ) ;
#8717 = ORIENTED_EDGE ( 'NONE', *, *, #7423, .F. ) ;
#8718 = MECHANICAL_DESIGN_GEOMETRIC_PRESENTATION_REPRESENTATION (  '', ( #7370 ), #8690 ) ;
#8719 = ORIENTED_EDGE ( 'NONE', *, *, #6946, .F. ) ;
#8720 = CARTESIAN_POINT ( 'NONE',  ( 0.2908675622167968267, 0.9000000000000001332, -0.05183172801753020004 ) ) ;
#8721 = LINE ( 'NONE', #4737, #1424 ) ;
#8722 = CARTESIAN_POINT ( 'NONE',  ( -0.04123185710341913113, 0.6999999999999999556, -0.01213099986004967552 ) ) ;
#8723 = CARTESIAN_POINT ( 'NONE',  ( 0.8671901142088176417, 0.6999999999999998446, -0.1675965103596914474 ) ) ;
#8724 = CARTESIAN_POINT ( 'NONE',  ( -0.8394774711385069033, 0.7000000000000000666, -0.05423626301794441662 ) ) ;
#8725 = EDGE_CURVE ( 'NONE', #3994, #6477, #1792, .T. ) ;
#8726 = CARTESIAN_POINT ( 'NONE',  ( 0.6838014780540556670, 0.9000000000000000222, -0.1308698035821563854 ) ) ;
#8727 = CARTESIAN_POINT ( 'NONE',  ( 0.6399135936572932781, 0.7000000000000001776, -0.1711135476319335103 ) ) ;
#8728 = LINE ( 'NONE', #3333, #5454 ) ;
#8729 = STYLED_ITEM ( 'NONE', ( #8826 ), #1771 ) ;
#8730 = B_SPLINE_SURFACE_WITH_KNOTS ( 'NONE', 3, 1, ( 
 ( #5720, #6463 ),
 ( #9665, #2545 ),
 ( #8066, #5667 ),
 ( #4902, #3354 ),
 ( #66, #2484 ),
 ( #8745, #1761 ),
 ( #4805, #7377 ),
 ( #8793, #8112 ),
 ( #8837, #4134 ),
 ( #15, #1611 ),
 ( #231, #1659 ),
 ( #4855, #7320 ),
 ( #1811, #4950 ),
 ( #5612, #6409 ),
 ( #9618, #1710 ),
 ( #3198, #178 ),
 ( #8162, #928 ),
 ( #7266, #1033 ),
 ( #4183, #6308 ),
 ( #9522, #2392 ),
 ( #5527, #7973 ),
 ( #832, #2682 ),
 ( #8319, #5157 ),
 ( #7638, #9869 ),
 ( #5768, #9007 ),
 ( #2735, #9155 ),
 ( #1188, #3401 ),
 ( #8267, #9209 ),
 ( #8369, #1138 ) ),
 .UNSPECIFIED., .F., .F., .F.,
 ( 4, 1, 1, 1, 1, 1, 1, 1, 1, 1, 1, 1, 1, 1, 1, 1, 1, 1, 1, 1, 1, 1, 1, 1, 1, 1, 4 ),
 ( 2, 2 ),
 ( 0.4999999999993764432, 0.5198405870245135230, 0.5461884398033972632, 0.5593910728033583135, 0.5724241490377116603, 0.5853013682317748101, 0.5985219112101257677, 0.6120922052067776509, 0.6262896717537255187, 0.6410108024404683746, 0.6564995201318607476, 0.6876075521500656373, 0.7175644872833546462, 0.7474961360743195282, 0.7780474713871698977, 0.8082163933622201757, 0.8367520855888999076, 0.8643251420419028053, 0.8920391475800971692, 0.9058571056230396712, 0.9192554317031914612, 0.9324580647031524006, 0.9455647644940068375, 0.9587255127607228200, 0.9722176986649472274, 0.9859129604891354592, 1.000000174999316815 ),
 ( 0.0000000000000000000, 1.000000000000000000 ),
 .UNSPECIFIED. ) ;
#8731 = CARTESIAN_POINT ( 'NONE',  ( 0.1250000000000000000, -0.1000000000000000056, 1.149999999999999911 ) ) ;
#8732 = CARTESIAN_POINT ( 'NONE',  ( -0.7882686479043765626, 0.9000000000000003553, -0.1378899832890048693 ) ) ;
#8733 = CARTESIAN_POINT ( 'NONE',  ( 0.8175188867151281791, 0.6999999999999998446, -0.1858596272063474941 ) ) ;
#8734 = CARTESIAN_POINT ( 'NONE',  ( 0.8777715633865335043, 0.6999999999999999556, -0.06865698566720368490 ) ) ;
#8735 = CARTESIAN_POINT ( 'NONE',  ( 0.0000000000000000000, 0.9000000000000000222, 0.0000000000000000000 ) ) ;
#8736 = CARTESIAN_POINT ( 'NONE',  ( 0.6573289285289113382, 0.9000000000000000222, 0.01137137752976524231 ) ) ;
#8737 = SURFACE_SIDE_STYLE ('',( #6250 ) ) ;
#8738 = ORIENTED_EDGE ( 'NONE', *, *, #5510, .T. ) ;
#8739 = ORIENTED_EDGE ( 'NONE', *, *, #6374, .F. ) ;
#8740 = CARTESIAN_POINT ( 'NONE',  ( 0.3216468741066093595, 0.9000000000000000222, -0.004524623233763256334 ) ) ;
#8741 = VECTOR ( 'NONE', #7087, 1000.000000000000000 ) ;
#8742 = CARTESIAN_POINT ( 'NONE',  ( 0.6490765801514682964, 0.9000000000000000222, -0.1389509197478257796 ) ) ;
#8743 = DIRECTION ( 'NONE',  ( -1.000000000000000000, 0.0000000000000000000, 0.0000000000000000000 ) ) ;
#8744 = CARTESIAN_POINT ( 'NONE',  ( 1.107739438573630331, 0.9000000000000003553, -0.1148666908088316063 ) ) ;
#8745 = CARTESIAN_POINT ( 'NONE',  ( 0.6556196552154369694, 0.6999999999999999556, -0.01968724215881673817 ) ) ;
#8746 = FACE_OUTER_BOUND ( 'NONE', #6444, .T. ) ;
#8747 = CARTESIAN_POINT ( 'NONE',  ( 0.8757647944194629774, 0.9000000000000002442, -0.2040689775846446508 ) ) ;
#8748 = PLANE ( 'NONE',  #1629 ) ;
#8749 = CARTESIAN_POINT ( 'NONE',  ( 0.3184172657035982956, 0.6999999999999999556, -0.1051134560004005486 ) ) ;
#8750 = VECTOR ( 'NONE', #9362, 1000.000000000000000 ) ;
#8751 = DIRECTION ( 'NONE',  ( 0.0000000000000000000, 1.000000000000000000, 0.0000000000000000000 ) ) ;
#8752 = ORIENTED_EDGE ( 'NONE', *, *, #1901, .T. ) ;
#8753 = DIRECTION ( 'NONE',  ( 0.0000000000000000000, 0.0000000000000000000, 1.000000000000000000 ) ) ;
#8754 = CARTESIAN_POINT ( 'NONE',  ( 0.5550764747189403936, 0.6999999999999999556, 0.04385138482649052205 ) ) ;
#8755 = EDGE_CURVE ( 'NONE', #8518, #3647, #6283, .T. ) ;
#8756 = CARTESIAN_POINT ( 'NONE',  ( 0.3269655523460720525, 0.6999999999999996225, -0.03935320743473978700 ) ) ;
#8757 = DIRECTION ( 'NONE',  ( -1.000000000000000000, 0.0000000000000000000, 0.0000000000000000000 ) ) ;
#8758 = CARTESIAN_POINT ( 'NONE',  ( 0.0000000000000000000, 0.0000000000000000000, 0.9760643809100244539 ) ) ;
#8759 = CARTESIAN_POINT ( 'NONE',  ( 0.1847411033468441544, 0.9000000000000000222, -0.03115459378318341521 ) ) ;
#8760 = CARTESIAN_POINT ( 'NONE',  ( 0.2845685193024710125, 0.9000000000000002442, -0.005323676407148138397 ) ) ;
#8761 = CARTESIAN_POINT ( 'NONE',  ( 0.8736414288910075987, 0.8999999999999998002, -0.1390211194399857131 ) ) ;
#8762 = DIRECTION ( 'NONE',  ( 0.0000000000000000000, 0.0000000000000000000, 1.000000000000000000 ) ) ;
#8763 = CARTESIAN_POINT ( 'NONE',  ( -0.9903546641209628465, 0.6999999999999999556, -0.2138853858249619433 ) ) ;
#8764 = FILL_AREA_STYLE ('',( #6274 ) ) ;
#8765 = ORIENTED_EDGE ( 'NONE', *, *, #3752, .T. ) ;
#8766 = ORIENTED_EDGE ( 'NONE', *, *, #5640, .F. ) ;
#8767 = CARTESIAN_POINT ( 'NONE',  ( 1.094268780773597127, 0.6999999999999999556, -0.2079828849751340358 ) ) ;
#8768 = CARTESIAN_POINT ( 'NONE',  ( -0.9249999999999998224, -0.1000000000000000056, 0.0000000000000000000 ) ) ;
#8769 = EDGE_LOOP ( 'NONE', ( #8504, #4475, #2364, #3816 ) ) ;
#8770 = ORIENTED_EDGE ( 'NONE', *, *, #6522, .T. ) ;
#8771 = CARTESIAN_POINT ( 'NONE',  ( 0.5929574832063564394, 0.6999999999999997335, -0.1858596272063474941 ) ) ;
#8772 = VECTOR ( 'NONE', #4378, 1000.000000000000000 ) ;
#8773 = COLOUR_RGB ( '',1.000000000000000000, 0.9607843137254902244, 0.4549019607843137192 ) ;
#8774 = CARTESIAN_POINT ( 'NONE',  ( -0.3750000000000000000, 0.0000000000000000000, -0.6699999999999965983 ) ) ;
#8775 = B_SPLINE_SURFACE_WITH_KNOTS ( 'NONE', 3, 1, ( 
 ( #6006, #10055 ),
 ( #1157, #7607 ),
 ( #9890, #5897 ),
 ( #3727, #4514 ),
 ( #9228, #2029 ),
 ( #3622, #1256 ),
 ( #9997, #6852 ),
 ( #2905, #1306 ),
 ( #6057, #7715 ),
 ( #9280, #5276 ),
 ( #8492, #6910 ),
 ( #2959, #6108 ),
 ( #6964, #7066 ),
 ( #9529, #7017 ),
 ( #7824, #10253 ),
 ( #7170, #10205 ),
 ( #3057, #678 ),
 ( #24, #4718 ),
 ( #1518, #3115 ) ),
 .UNSPECIFIED., .F., .F., .F.,
 ( 4, 1, 1, 1, 1, 1, 1, 1, 1, 1, 1, 1, 1, 1, 1, 1, 4 ),
 ( 2, 2 ),
 ( 0.0000000000000000000, 0.1059978334649511744, 0.2039785509662679075, 0.2936616427406907315, 0.3761669823416301517, 0.4508871461858165453, 0.5190837276975980297, 0.5804015996944131839, 0.6359627860061101146, 0.6875097239223804113, 0.7356169966248234937, 0.7815047891159294657, 0.8254749817547526458, 0.8686186508520801208, 0.9117314036651810172, 0.9550790404512339293, 1.000000000000000000 ),
 ( 0.0000000000000000000, 1.000000000000000000 ),
 .UNSPECIFIED. ) ;
#8776 = CARTESIAN_POINT ( 'NONE',  ( 0.8115225401076195944, 0.7000000000000001776, -0.1853254838409339467 ) ) ;
#8777 = DIRECTION ( 'NONE',  ( 0.0000000000000000000, 9.558454202912474997E-13, 1.000000000000000000 ) ) ;
#8778 = LINE ( 'NONE', #4117, #3834 ) ;
#8779 = CARTESIAN_POINT ( 'NONE',  ( 0.7299385271918233942, 0.6999999999999997335, 0.01820488221624567970 ) ) ;
#8780 =( GEOMETRIC_REPRESENTATION_CONTEXT ( 3 ) GLOBAL_UNCERTAINTY_ASSIGNED_CONTEXT ( ( #5094 ) ) GLOBAL_UNIT_ASSIGNED_CONTEXT ( ( #2683, #6040, #2782 ) ) REPRESENTATION_CONTEXT ( 'NONE', 'WORKASPACE' ) );
#8781 = CARTESIAN_POINT ( 'NONE',  ( -0.7973722079806121465, 0.9000000000000001332, -0.05774503494776896811 ) ) ;
#8782 =( LENGTH_UNIT ( ) NAMED_UNIT ( * ) SI_UNIT ( .MILLI., .METRE. ) );
#8783 = VECTOR ( 'NONE', #2340, 1000.000000000000000 ) ;
#8784 = FACE_OUTER_BOUND ( 'NONE', #5190, .T. ) ;
#8785 = CARTESIAN_POINT ( 'NONE',  ( -0.9249999999999996003, -0.1000000000000000056, -4.011548038196366406E-16 ) ) ;
#8786 = ORIENTED_EDGE ( 'NONE', *, *, #9087, .T. ) ;
#8787 = B_SPLINE_CURVE_WITH_KNOTS ( 'NONE', 3,
 ( #7581, #8519, #6819, #10027, #5296, #1384, #3132, #9493, #5500, #1591, #7531, #5689, #9741, #4157, #1732, #4828, #950, #8865, #9595, #6434, #4108, #1638, #4779, #3320, #7135, #7946, #7992, #807, #854, #901, #3174, #6332, #4000, #2514, #6484, #7190, #5741, #2461, #1783, #5637, #4050, #7347, #8978, #41, #4735, #9689, #2564, #7240, #1681, #8041, #3220, #5590, #8923, #8133, #9640 ),
 .UNSPECIFIED., .F., .F.,
 ( 4, 1, 1, 1, 1, 1, 1, 1, 1, 1, 1, 1, 1, 1, 1, 1, 1, 1, 1, 1, 1, 1, 1, 1, 1, 1, 1, 1, 1, 1, 1, 1, 1, 1, 1, 1, 1, 1, 1, 1, 1, 1, 1, 1, 1, 1, 1, 1, 1, 1, 1, 1, 4 ),
 ( 0.0000000000000000000, 0.02711602562264980171, 0.05148408465197752693, 0.07330893139100205791, 0.09338707466369845778, 0.1130498385486980728, 0.1334251767883783690, 0.1546145932784846189, 0.1767704619677569478, 0.1986833557745584788, 0.2193288811037053254, 0.2386257969712027305, 0.2569944355474991227, 0.2751548003530538411, 0.2939005173924352232, 0.3131474774665388150, 0.3332074851477243582, 0.3531742158837228862, 0.3723061508163812983, 0.3908123364128364696, 0.4090887018891569138, 0.4277458989977938053, 0.4467157508060436433, 0.4664309901656222279, 0.4866675617175703072, 0.5069000716233581505, 0.5261158961255940625, 0.5443845511394104220, 0.5617869070496617212, 0.5794756636271609640, 0.5983493392648941978, 0.6188005978445932920, 0.6409007551073124809, 0.6637212409488342235, 0.6866766374970016962, 0.7105914334274896493, 0.7358885402537506115, 0.7490865094717922279, 0.7625198997533864098, 0.7762275485905906214, 0.7904818864548405211, 0.8052213442764393214, 0.8206549825373041784, 0.8367331901577697018, 0.8534949667571384291, 0.8705042759358446736, 0.8874312452516689431, 0.9044743434548085936, 0.9219950383623610746, 0.9399871788566730446, 0.9589910406946546839, 0.9788888544171292505, 1.000000000000000000 ),
 .UNSPECIFIED. ) ;
#8788 = ORIENTED_EDGE ( 'NONE', *, *, #9087, .F. ) ;
#8789 = CARTESIAN_POINT ( 'NONE',  ( 0.3483706046524867594, 0.8999999999999998002, -0.06886374000974734844 ) ) ;
#8790 = EDGE_CURVE ( 'NONE', #1039, #3021, #4419, .T. ) ;
#8791 = FILL_AREA_STYLE ('',( #4024 ) ) ;
#8792 = CARTESIAN_POINT ( 'NONE',  ( 1.104067423802918890, 0.9000000000000000222, -0.09470488521911271662 ) ) ;
#8793 = CARTESIAN_POINT ( 'NONE',  ( 0.6511513682922721591, 0.7000000000000001776, -0.02819983222729283492 ) ) ;
#8794 = CARTESIAN_POINT ( 'NONE',  ( 0.5999418771220332847, 0.6999999999999998446, 0.08973780313695602084 ) ) ;
#8795 = SURFACE_SIDE_STYLE ('',( #3245 ) ) ;
#8796 = CARTESIAN_POINT ( 'NONE',  ( 0.4400137793049986867, 0.6999999999999999556, -0.03993287409148729011 ) ) ;
#8797 = CARTESIAN_POINT ( 'NONE',  ( 0.5464874411421946077, 0.8999999999999998002, -0.1402011752986460913 ) ) ;
#8798 = LINE ( 'NONE', #4812, #7657 ) ;
#8799 = SURFACE_SIDE_STYLE ('',( #2497 ) ) ;
#8800 = CARTESIAN_POINT ( 'NONE',  ( 0.4097680510030307088, 0.9000000000000000222, -0.07250009550081042142 ) ) ;
#8801 = CARTESIAN_POINT ( 'NONE',  ( -0.7088841589663568143, 0.6999999999999998446, -0.2134630585525770508 ) ) ;
#8802 = CARTESIAN_POINT ( 'NONE',  ( 0.6294314637131074308, 0.8999999999999999112, -0.1796168887522079372 ) ) ;
#8803 = CARTESIAN_POINT ( 'NONE',  ( 0.8235911593063013347, 0.9000000000000000222, -0.1861417119858499170 ) ) ;
#8804 = CARTESIAN_POINT ( 'NONE',  ( -0.04123185710341913113, 0.9000000000000000222, 0.08436022821012574557 ) ) ;
#8805 = CARTESIAN_POINT ( 'NONE',  ( 0.0000000000000000000, 0.0000000000000000000, 0.6250000000000001110 ) ) ;
#8806 = ORIENTED_EDGE ( 'NONE', *, *, #9242, .F. ) ;
#8807 = EDGE_CURVE ( 'NONE', #747, #8201, #2041, .T. ) ;
#8808 = VERTEX_POINT ( 'NONE', #8397 ) ;
#8809 = CARTESIAN_POINT ( 'NONE',  ( 1.065751448440389604, 0.6999999999999999556, -0.2136795861618302483 ) ) ;
#8810 = DIRECTION ( 'NONE',  ( 1.000000000000000000, 0.0000000000000000000, 0.0000000000000000000 ) ) ;
#8811 = ORIENTED_EDGE ( 'NONE', *, *, #1647, .T. ) ;
#8812 = ORIENTED_EDGE ( 'NONE', *, *, #7422, .F. ) ;
#8813 = FACE_OUTER_BOUND ( 'NONE', #558, .T. ) ;
#8814 = CARTESIAN_POINT ( 'NONE',  ( 0.5631731199896009565, 0.8999999999999998002, -0.1769114175854476501 ) ) ;
#8815 = PRESENTATION_STYLE_ASSIGNMENT (( #3855 ) ) ;
#8816 = CARTESIAN_POINT ( 'NONE',  ( 0.7648760051447934805, 0.6999999999999996225, -0.003359070035488264262 ) ) ;
#8817 = CARTESIAN_POINT ( 'NONE',  ( 0.8737296095423136011, 0.6999999999999998446, -0.1408872306316390766 ) ) ;
#8818 = PLANE ( 'NONE',  #6007 ) ;
#8819 = CARTESIAN_POINT ( 'NONE',  ( 1.102569208367712550, 0.9000000000000000222, -0.04084609361989458703 ) ) ;
#8820 = ORIENTED_EDGE ( 'NONE', *, *, #8272, .F. ) ;
#8821 = CARTESIAN_POINT ( 'NONE',  ( 0.7771276850635536748, 0.7000000000000000666, -0.03490043798231575595 ) ) ;
#8822 = VERTEX_POINT ( 'NONE', #4523 ) ;
#8823 = EDGE_CURVE ( 'NONE', #8609, #2408, #6921, .T. ) ;
#8824 = CARTESIAN_POINT ( 'NONE',  ( 0.7313068842372989486, 0.7000000000000002887, 0.02738035923233495678 ) ) ;
#8825 = VECTOR ( 'NONE', #2196, 1000.000000000000000 ) ;
#8826 = PRESENTATION_STYLE_ASSIGNMENT (( #1017 ) ) ;
#8827 = DIRECTION ( 'NONE',  ( 0.0000000000000000000, 0.0000000000000000000, -1.000000000000000000 ) ) ;
#8828 = CARTESIAN_POINT ( 'NONE',  ( 0.8711403810374643841, 0.6999999999999998446, -0.07134463974378825457 ) ) ;
#8829 = CARTESIAN_POINT ( 'NONE',  ( 0.9070119046214768499, 0.7000000000000000666, -0.1241746162478760823 ) ) ;
#8830 = ORIENTED_EDGE ( 'NONE', *, *, #7823, .T. ) ;
#8831 = EDGE_CURVE ( 'NONE', #3215, #10166, #685, .T. ) ;
#8832 = CARTESIAN_POINT ( 'NONE',  ( -0.7361370772373790894, 0.9000000000000000222, 0.05625129041798418439 ) ) ;
#8833 = ORIENTED_EDGE ( 'NONE', *, *, #9331, .F. ) ;
#8834 = CARTESIAN_POINT ( 'NONE',  ( 0.0000000000000000000, -0.1000000000000000056, 0.1250000000000001665 ) ) ;
#8835 = VECTOR ( 'NONE', #1869, 1000.000000000000000 ) ;
#8836 = CARTESIAN_POINT ( 'NONE',  ( 1.099115773067611324, 0.9000000000000001332, -0.08452427161856636284 ) ) ;
#8837 = CARTESIAN_POINT ( 'NONE',  ( 0.6481411743430919303, 0.6999999999999999556, -0.03220540040418925359 ) ) ;
#8838 =( GEOMETRIC_REPRESENTATION_CONTEXT ( 3 ) GLOBAL_UNCERTAINTY_ASSIGNED_CONTEXT ( ( #9386 ) ) GLOBAL_UNIT_ASSIGNED_CONTEXT ( ( #10200, #4663, #10248 ) ) REPRESENTATION_CONTEXT ( 'NONE', 'WORKASPACE' ) );
#8839 = CARTESIAN_POINT ( 'NONE',  ( 0.5473010222910449363, 0.6999999999999998446, 0.08032380882156094082 ) ) ;
#8840 = DIRECTION ( 'NONE',  ( 1.000000000000000000, 0.0000000000000000000, 0.0000000000000000000 ) ) ;
#8841 = FILL_AREA_STYLE ('',( #2441 ) ) ;
#8842 = EDGE_CURVE ( 'NONE', #8201, #5390, #10005, .T. ) ;
#8843 = CARTESIAN_POINT ( 'NONE',  ( 0.6368690670691192768, 0.7000000000000000666, -0.1067965028822609186 ) ) ;
#8844 = ORIENTED_EDGE ( 'NONE', *, *, #3574, .T. ) ;
#8845 = DIRECTION ( 'NONE',  ( -0.0000000000000000000, 1.000000000000000000, -0.0000000000000000000 ) ) ;
#8846 = DIRECTION ( 'NONE',  ( -1.000000000000000000, 0.0000000000000000000, -0.0000000000000000000 ) ) ;
#8847 = VECTOR ( 'NONE', #4085, 1000.000000000000000 ) ;
#8848 = CARTESIAN_POINT ( 'NONE',  ( 0.0000000000000000000, -0.1000000000000000056, 0.6699999999999965983 ) ) ;
#8849 = CARTESIAN_POINT ( 'NONE',  ( 0.3312726703855316535, 0.9000000000000003553, -0.04894907365671562899 ) ) ;
#8850 = VECTOR ( 'NONE', #8316, 1000.000000000000000 ) ;
#8851 = CARTESIAN_POINT ( 'NONE',  ( 0.1316436971444675252, 0.8999999999999998002, 0.03342736916559797822 ) ) ;
#8852 = CARTESIAN_POINT ( 'NONE',  ( 1.499999999999999778, 0.9000000000000000222, -1.250000000000000000 ) ) ;
#8853 = CARTESIAN_POINT ( 'NONE',  ( 0.7651172336689054942, 0.7000000000000001776, -0.08116242306557369668 ) ) ;
#8854 = DIRECTION ( 'NONE',  ( -0.0000000000000000000, 0.0000000000000000000, -1.000000000000000000 ) ) ;
#8855 = PLANE ( 'NONE',  #5966 ) ;
#8856 = CARTESIAN_POINT ( 'NONE',  ( 0.1303461358613301480, 0.7000000000000001776, -0.2172761580456998021 ) ) ;
#8857 = DIRECTION ( 'NONE',  ( -4.336808689942017736E-16, 0.0000000000000000000, -1.000000000000000000 ) ) ;
#8858 = AXIS2_PLACEMENT_3D ( 'NONE', #5316, #9374, #7763 ) ;
#8859 = ORIENTED_EDGE ( 'NONE', *, *, #1564, .F. ) ;
#8860 = ORIENTED_EDGE ( 'NONE', *, *, #2473, .F. ) ;
#8861 = CARTESIAN_POINT ( 'NONE',  ( 1.399999999999999689, 0.0000000000000000000, 0.3750000000000002220 ) ) ;
#8862 = CARTESIAN_POINT ( 'NONE',  ( -0.7973722079806121465, 0.7000000000000000666, -0.05774503494776896811 ) ) ;
#8863 = VERTEX_POINT ( 'NONE', #1420 ) ;
#8864 = VECTOR ( 'NONE', #9989, 1000.000000000000000 ) ;
#8865 = CARTESIAN_POINT ( 'NONE',  ( 0.5376275077193501950, 0.8999999999999999112, -0.1964123158144563952 ) ) ;
#8866 = VECTOR ( 'NONE', #3721, 1000.000000000000000 ) ;
#8867 = ADVANCED_FACE ( 'NONE', ( #8555 ), #6800, .F. ) ;
#8868 = CARTESIAN_POINT ( 'NONE',  ( 0.5670264088422187765, 0.6999999999999999556, -0.1792856095216535939 ) ) ;
#8869 = CARTESIAN_POINT ( 'NONE',  ( -0.7034164315381292720, 0.8999999999999996891, 0.08278553142574253398 ) ) ;
#8870 = UNCERTAINTY_MEASURE_WITH_UNIT (LENGTH_MEASURE( 1.000000000000000082E-05 ), #8266, 'distance_accuracy_value', 'NONE');
#8871 = CARTESIAN_POINT ( 'NONE',  ( 0.6419349870541621872, 0.7000000000000000666, 0.08374278087073180887 ) ) ;
#8872 = FACE_OUTER_BOUND ( 'NONE', #10250, .T. ) ;
#8873 = CARTESIAN_POINT ( 'NONE',  ( 0.7915878123509909603, 0.9000000000000003553, -0.1792856095216537604 ) ) ;
#8874 = VECTOR ( 'NONE', #3774, 1000.000000000000000 ) ;
#8875 = LINE ( 'NONE', #6494, #2530 ) ;
#8876 = ORIENTED_EDGE ( 'NONE', *, *, #4343, .T. ) ;
#8877 = CARTESIAN_POINT ( 'NONE',  ( 0.7884917395532010653, 0.6999999999999999556, -0.04490989065077129194 ) ) ;
#8878 = LINE ( 'NONE', #162, #4473 ) ;
#8879 = STYLED_ITEM ( 'NONE', ( #1711 ), #1182 ) ;
#8880 = EDGE_CURVE ( 'NONE', #8415, #2864, #145, .T. ) ;
#8881 = UNCERTAINTY_MEASURE_WITH_UNIT (LENGTH_MEASURE( 1.000000000000000082E-05 ), #6433, 'distance_accuracy_value', 'NONE');
#8882 = EDGE_CURVE ( 'NONE', #7832, #5114, #7075, .T. ) ;
#8883 = SURFACE_SIDE_STYLE ('',( #1692 ) ) ;
#8884 = FACE_BOUND ( 'NONE', #1488, .T. ) ;
#8885 = DIRECTION ( 'NONE',  ( 1.000000000000000000, 0.0000000000000000000, 0.0000000000000000000 ) ) ;
#8886 = UNCERTAINTY_MEASURE_WITH_UNIT (LENGTH_MEASURE( 1.000000000000000082E-05 ), #9378, 'distance_accuracy_value', 'NONE');
#8887 = ADVANCED_FACE ( 'NONE', ( #1582 ), #4044, .F. ) ;
#8888 = CARTESIAN_POINT ( 'NONE',  ( -0.7964618074536528036, 0.7000000000000000666, -0.02889311791512303232 ) ) ;
#8889 = CARTESIAN_POINT ( 'NONE',  ( 0.9028882434706166915, 0.9000000000000002442, -0.05089900489000312445 ) ) ;
#8890 = CARTESIAN_POINT ( 'NONE',  ( 0.9093914603127137841, 0.6999999999999997335, -0.1496795249161752828 ) ) ;
#8891 = CARTESIAN_POINT ( 'NONE',  ( 0.3792513078710033070, 0.9000000000000001332, -0.1061310317468223824 ) ) ;
#8892 = DIRECTION ( 'NONE',  ( 1.000000000000000000, 0.0000000000000000000, 0.0000000000000000000 ) ) ;
#8893 = AXIS2_PLACEMENT_3D ( 'NONE', #8678, #1601, #7745 ) ;
#8894 = DIRECTION ( 'NONE',  ( -1.000000000000000000, 0.0000000000000000000, 0.0000000000000000000 ) ) ;
#8895 = VERTEX_POINT ( 'NONE', #1050 ) ;
#8896 =( GEOMETRIC_REPRESENTATION_CONTEXT ( 3 ) GLOBAL_UNCERTAINTY_ASSIGNED_CONTEXT ( ( #8248 ) ) GLOBAL_UNIT_ASSIGNED_CONTEXT ( ( #2757, #7403, #7555 ) ) REPRESENTATION_CONTEXT ( 'NONE', 'WORKASPACE' ) );
#8897 = EDGE_CURVE ( 'NONE', #2142, #6123, #7548, .T. ) ;
#8898 = EDGE_CURVE ( 'NONE', #6148, #806, #3433, .T. ) ;
#8899 = CARTESIAN_POINT ( 'NONE',  ( 1.083184008332271020, 0.9000000000000003553, -0.07151266338818984547 ) ) ;
#8900 = CARTESIAN_POINT ( 'NONE',  ( 0.0000000000000000000, 0.6999999999999999556, 0.0000000000000000000 ) ) ;
#8901 = DIRECTION ( 'NONE',  ( -1.000000000000000000, 0.0000000000000000000, 0.0000000000000000000 ) ) ;
#8902 = CARTESIAN_POINT ( 'NONE',  ( 0.6684960974724165617, 0.6999999999999997335, 0.06688635824830385657 ) ) ;
#8903 = LINE ( 'NONE', #931, #9261 ) ;
#8904 = CARTESIAN_POINT ( 'NONE',  ( 0.4428385550586030894, 0.8999999999999999112, -0.006848177129722443288 ) ) ;
#8905 = VECTOR ( 'NONE', #6659, 1000.000000000000000 ) ;
#8906 = ORIENTED_EDGE ( 'NONE', *, *, #2628, .T. ) ;
#8907 = CARTESIAN_POINT ( 'NONE',  ( 0.6494708754593885303, 0.7000000000000002887, 0.03284460783609334522 ) ) ;
#8908 = CARTESIAN_POINT ( 'NONE',  ( 0.3356999380836635516, 0.7000000000000001776, 0.03541353917541952001 ) ) ;
#8910 = EDGE_CURVE ( 'NONE', #8660, #2014, #9662, .T. ) ;
#8909 = FILL_AREA_STYLE ('',( #885 ) ) ;
#8911 = CARTESIAN_POINT ( 'NONE',  ( 0.3393912489650567910, 0.9000000000000002442, -0.06097710585805881517 ) ) ;
#8912 = AXIS2_PLACEMENT_3D ( 'NONE', #10000, #1359, #1215 ) ;
#8913 = CARTESIAN_POINT ( 'NONE',  ( 0.1610347538093730990, 0.6999999999999999556, -0.001553427828595466782 ) ) ;
#8914 = CARTESIAN_POINT ( 'NONE',  ( 0.6104751038674163244, 0.8999999999999999112, -0.1855089401953294304 ) ) ;
#8915 = CARTESIAN_POINT ( 'NONE',  ( 0.8644749971660647958, 0.8999999999999999112, -0.1711135476319333437 ) ) ;
#8916 = LINE ( 'NONE', #3464, #8835 ) ;
#8917 = CARTESIAN_POINT ( 'NONE',  ( 0.7493277627370145133, 0.7000000000000000666, -0.05692393037834896780 ) ) ;
#8918 = ORIENTED_EDGE ( 'NONE', *, *, #9004, .F. ) ;
#8919 = ORIENTED_EDGE ( 'NONE', *, *, #553, .F. ) ;
#8920 = DIRECTION ( 'NONE',  ( 0.0000000000000000000, 1.000000000000000000, -0.0000000000000000000 ) ) ;
#8921 = SURFACE_STYLE_USAGE ( .BOTH. , #8090 ) ;
#8922 = VECTOR ( 'NONE', #6286, 1000.000000000000000 ) ;
#8923 = CARTESIAN_POINT ( 'NONE',  ( 0.6473092764138866917, 0.9000000000000001332, -0.07749480513128068071 ) ) ;
#8924 = CARTESIAN_POINT ( 'NONE',  ( 0.5990297557975292619, 0.6999999999999999556, -0.1861417119858499170 ) ) ;
#8925 = CARTESIAN_POINT ( 'NONE',  ( -0.6956905784378641933, 0.7000000000000000666, 0.07871804312170990747 ) ) ;
#8926 = CARTESIAN_POINT ( 'NONE',  ( 0.5879583400388257441, 0.9000000000000003553, 0.08939866747417399284 ) ) ;
#8927 = DIRECTION ( 'NONE',  ( 0.0000000000000000000, 0.0000000000000000000, -1.000000000000000000 ) ) ;
#8928 = CARTESIAN_POINT ( 'NONE',  ( -0.8325636534197465854, 0.7000000000000001776, -0.1258794925501565687 ) ) ;
#8929 = CARTESIAN_POINT ( 'NONE',  ( 0.7710561777184212762, 0.6999999999999997335, -0.1395670114818829133 ) ) ;
#8930 = DIRECTION ( 'NONE',  ( 1.000000000000000000, -0.0000000000000000000, 0.0000000000000000000 ) ) ;
#8931 = CARTESIAN_POINT ( 'NONE',  ( 0.06403130079131763575, 0.9000000000000001332, 0.07734268435047664259 ) ) ;
#8932 = ORIENTED_EDGE ( 'NONE', *, *, #138, .F. ) ;
#8933 = ORIENTED_EDGE ( 'NONE', *, *, #815, .F. ) ;
#8934 = CARTESIAN_POINT ( 'NONE',  ( 0.8011001797983475781, 0.7000000000000000666, 0.08822479956790069133 ) ) ;
#8935 = VECTOR ( 'NONE', #10146, 1000.000000000000000 ) ;
#8936 = CARTESIAN_POINT ( 'NONE',  ( 1.047289849739204248, 0.6999999999999999556, -0.06479813767573384953 ) ) ;
#8937 = CARTESIAN_POINT ( 'NONE',  ( -0.4605301027174542594, 0.6999999999999999556, 0.08611461417503804561 ) ) ;
#8938 = CARTESIAN_POINT ( 'NONE',  ( 0.9023462238034382077, 0.9000000000000001332, 0.05490956346547812977 ) ) ;
#8939 = CARTESIAN_POINT ( 'NONE',  ( -0.6927841045093758865, 0.8999999999999999112, 0.01901329247266213968 ) ) ;
#8940 = SURFACE_STYLE_FILL_AREA ( #5709 ) ;
#8941 = CARTESIAN_POINT ( 'NONE',  ( 0.9083628815628277398, 0.6999999999999997335, -0.1308698035821563299 ) ) ;
#8942 = VECTOR ( 'NONE', #923, 1000.000000000000000 ) ;
#8943 =( NAMED_UNIT ( * ) SI_UNIT ( $, .STERADIAN. ) SOLID_ANGLE_UNIT ( ) );
#8944 = DIRECTION ( 'NONE',  ( -1.000000000000000000, 0.0000000000000000000, 0.0000000000000000000 ) ) ;
#8945 = ORIENTED_EDGE ( 'NONE', *, *, #2846, .T. ) ;
#8946 = EDGE_CURVE ( 'NONE', #61, #331, #8181, .T. ) ;
#8947 = ORIENTED_EDGE ( 'NONE', *, *, #8340, .T. ) ;
#8948 = DIRECTION ( 'NONE',  ( 1.000000000000000000, 0.0000000000000000000, -1.141265444721583757E-16 ) ) ;
#8949 = STYLED_ITEM ( 'NONE', ( #3477 ), #5572 ) ;
#8950 = CARTESIAN_POINT ( 'NONE',  ( 0.8097475163284283406, 0.7000000000000000666, -0.09193065823550433668 ) ) ;
#8951 = COLOUR_RGB ( '',1.000000000000000000, 0.9607843137254902244, 0.4549019607843137192 ) ;
#8952 = CARTESIAN_POINT ( 'NONE',  ( 1.092153710913561726, 0.6999999999999999556, -0.07692235706989913879 ) ) ;
#8953 =( LENGTH_UNIT ( ) NAMED_UNIT ( * ) SI_UNIT ( .MILLI., .METRE. ) );
#8954 = CARTESIAN_POINT ( 'NONE',  ( 0.6922103755512303280, 0.6999999999999999556, 0.02173709294237781420 ) ) ;
#8955 = PRESENTATION_STYLE_ASSIGNMENT (( #284 ) ) ;
#8956 = CARTESIAN_POINT ( 'NONE',  ( 0.4286892871811839867, 0.8999999999999999112, -0.06029225667190420135 ) ) ;
#8957 = CARTESIAN_POINT ( 'NONE',  ( 0.4345160892268601915, 0.7000000000000001776, 0.07772374261236110471 ) ) ;
#8958 = MECHANICAL_DESIGN_GEOMETRIC_PRESENTATION_REPRESENTATION (  '', ( #6412 ), #279 ) ;
#8959 = EDGE_CURVE ( 'NONE', #225, #6120, #10249, .T. ) ;
#8960 = ADVANCED_FACE ( 'NONE', ( #4809 ), #879, .F. ) ;
#8961 = ORIENTED_EDGE ( 'NONE', *, *, #623, .F. ) ;
#8962 = CARTESIAN_POINT ( 'NONE',  ( 1.004382177984299851, 0.6999999999999999556, -0.1805520524916285896 ) ) ;
#8963 = FACE_OUTER_BOUND ( 'NONE', #1680, .T. ) ;
#8964 = CARTESIAN_POINT ( 'NONE',  ( 0.7710695586774084509, 0.6999999999999998446, -0.1373044589886689426 ) ) ;
#8965 = CARTESIAN_POINT ( 'NONE',  ( 0.06403130079131763575, 0.7000000000000000666, 0.07734268435047664259 ) ) ;
#8966 = CARTESIAN_POINT ( 'NONE',  ( 0.3436906307670593019, 0.8999999999999999112, -0.06516383769802204518 ) ) ;
#8967 = EDGE_CURVE ( 'NONE', #1873, #6657, #10201, .T. ) ;
#8968 = CARTESIAN_POINT ( 'NONE',  ( -0.6658878202025689808, 0.9000000000000002442, -0.1808706593414259045 ) ) ;
#8969 = DIRECTION ( 'NONE',  ( -1.000000000000000000, 0.0000000000000000000, 0.0000000000000000000 ) ) ;
#8970 = CARTESIAN_POINT ( 'NONE',  ( -1.500000000000000222, 0.0000000000000000000, -1.250000000000000000 ) ) ;
#8971 = CARTESIAN_POINT ( 'NONE',  ( 0.07746149948566036225, 0.6999999999999999556, -0.1819995348951007341 ) ) ;
#8972 = ORIENTED_EDGE ( 'NONE', *, *, #222, .F. ) ;
#8973 = EDGE_LOOP ( 'NONE', ( #3263, #9408, #7713, #3851 ) ) ;
#8974 = CARTESIAN_POINT ( 'NONE',  ( 0.1907411563142525912, 0.9000000000000000222, -0.2139484641712921797 ) ) ;
#8975 = ORIENTED_EDGE ( 'NONE', *, *, #2007, .T. ) ;
#8976 = EDGE_CURVE ( 'NONE', #3888, #6569, #7381, .T. ) ;
#8977 = SURFACE_STYLE_FILL_AREA ( #249 ) ;
#8978 = CARTESIAN_POINT ( 'NONE',  ( 0.6845314592901252659, 0.8999999999999998002, -0.1373702312129746750 ) ) ;
#8979 = CARTESIAN_POINT ( 'NONE',  ( 0.5464947742096493144, 0.6999999999999998446, -0.1395670114818828578 ) ) ;
#8980 = CARTESIAN_POINT ( 'NONE',  ( -0.6486981777338896027, 0.6999999999999996225, -0.002603103544216096941 ) ) ;
#8981 = CARTESIAN_POINT ( 'NONE',  ( 0.5196774264890352546, 0.8999999999999999112, 0.05879053918433069931 ) ) ;
#8982 = CARTESIAN_POINT ( 'NONE',  ( 0.4251082984804047116, 0.7000000000000001776, -0.1017977523492318570 ) ) ;
#8983 = CARTESIAN_POINT ( 'NONE',  ( -0.7396804327525127176, 0.7000000000000000666, -0.2172679463820360035 ) ) ;
#8984 = CARTESIAN_POINT ( 'NONE',  ( -0.04123185710341913113, 0.6999999999999999556, -0.01213099986004967552 ) ) ;
#8985 = CARTESIAN_POINT ( 'NONE',  ( 0.4162489627538918380, 0.9000000000000000222, 0.04889762790938698145 ) ) ;
#8986 = EDGE_LOOP ( 'NONE', ( #2247, #3831, #8425, #5509 ) ) ;
#8987 = VERTEX_POINT ( 'NONE', #4906 ) ;
#8988 = EDGE_CURVE ( 'NONE', #6329, #6895, #8118, .T. ) ;
#8989 = DIRECTION ( 'NONE',  ( -1.000000000000000000, 0.0000000000000000000, 0.0000000000000000000 ) ) ;
#8990 = ORIENTED_EDGE ( 'NONE', *, *, #1605, .F. ) ;
#8991 = UNCERTAINTY_MEASURE_WITH_UNIT (LENGTH_MEASURE( 1.000000000000000082E-05 ), #8953, 'distance_accuracy_value', 'NONE');
#8992 = DIRECTION ( 'NONE',  ( 1.000000000000000000, 0.0000000000000000000, 1.141265444721583757E-16 ) ) ;
#8993 = FILL_AREA_STYLE_COLOUR ( '', #1718 ) ;
#8994 = SURFACE_STYLE_USAGE ( .BOTH. , #1019 ) ;
#8995 = AXIS2_PLACEMENT_3D ( 'NONE', #3645, #5104, #328 ) ;
#8996 = CARTESIAN_POINT ( 'NONE',  ( 0.8910656777569824216, 0.9000000000000002442, -0.09222156738872494541 ) ) ;
#8997 = DIRECTION ( 'NONE',  ( -0.0000000000000000000, 1.000000000000000000, -0.0000000000000000000 ) ) ;
#8998 = CARTESIAN_POINT ( 'NONE',  ( 1.399999999999999689, -0.1000000000000000056, -0.0000000000000000000 ) ) ;
#8999 = LINE ( 'NONE', #4998, #5639 ) ;
#9000 = PRESENTATION_LAYER_ASSIGNMENT (  '', '', ( #673 ) ) ;
#9001 = ORIENTED_EDGE ( 'NONE', *, *, #10186, .F. ) ;
#9002 = CARTESIAN_POINT ( 'NONE',  ( 0.1250000000000000000, 0.0000000000000000000, -1.149999999999999911 ) ) ;
#9003 = CARTESIAN_POINT ( 'NONE',  ( 1.107839107813724855, 0.6999999999999998446, -0.1253230062430357172 ) ) ;
#9004 = EDGE_CURVE ( 'NONE', #8635, #2014, #1858, .T. ) ;
#9005 = CARTESIAN_POINT ( 'NONE',  ( -1.399999999999999689, -0.1000000000000000056, 0.8749999999999996669 ) ) ;
#9006 = LINE ( 'NONE', #7431, #10161 ) ;
#9007 = CARTESIAN_POINT ( 'NONE',  ( 0.5428979948900144459, 0.9000000000000000222, -0.01816036597924367349 ) ) ;
#9008 = CARTESIAN_POINT ( 'NONE',  ( 0.5532595868244084558, 0.6999999999999999556, -0.1145862049331558274 ) ) ;
#9009 =( NAMED_UNIT ( * ) PLANE_ANGLE_UNIT ( ) SI_UNIT ( $, .RADIAN. ) );
#9010 = CARTESIAN_POINT ( 'NONE',  ( 0.3980698751965556226, 0.6999999999999999556, 0.08903034335481008199 ) ) ;
#9011 = ORIENTED_EDGE ( 'NONE', *, *, #4983, .T. ) ;
#9012 = CARTESIAN_POINT ( 'NONE',  ( 0.7651172336689054942, 0.9000000000000003553, -0.08116242306557369668 ) ) ;
#9013 = VECTOR ( 'NONE', #88, 1000.000000000000000 ) ;
#9014 = CARTESIAN_POINT ( 'NONE',  ( 0.8448987251111784724, 0.6999999999999995115, -0.09493943077805887254 ) ) ;
#9015 = FILL_AREA_STYLE_COLOUR ( '', #6008 ) ;
#9016 = CARTESIAN_POINT ( 'NONE',  ( 0.3233775178232934366, 0.9000000000000003553, -0.02733581157424380334 ) ) ;
#9017 = CARTESIAN_POINT ( 'NONE',  ( 1.055259370966756149, 0.6999999999999999556, -0.2138853858249619433 ) ) ;
#9018 = CARTESIAN_POINT ( 'NONE',  ( 0.6490800253822358590, 0.9000000000000000222, -0.1390211194399857408 ) ) ;
#9019 = CARTESIAN_POINT ( 'NONE',  ( 0.7877345234983726963, 0.8999999999999995781, -0.1769114175854474280 ) ) ;
#9020 = CARTESIAN_POINT ( 'NONE',  ( 0.5729795805460869973, 0.9000000000000001332, -0.04977362794843824545 ) ) ;
#9021 = CARTESIAN_POINT ( 'NONE',  ( 0.1234618661766542225, 0.7000000000000000666, -0.2156198609445330872 ) ) ;
#9022 = ORIENTED_EDGE ( 'NONE', *, *, #4227, .F. ) ;
#9023 = CARTESIAN_POINT ( 'NONE',  ( 0.2342334961472879173, 0.8999999999999999112, -0.1668553289645119120 ) ) ;
#9024 = AXIS2_PLACEMENT_3D ( 'NONE', #5, #3190, #6351 ) ;
#9025 = ORIENTED_EDGE ( 'NONE', *, *, #1605, .T. ) ;
#9026 = LINE ( 'NONE', #9739, #3306 ) ;
#9027 = CARTESIAN_POINT ( 'NONE',  ( 0.1299046474553570696, 0.9000000000000000222, -0.01512138450780956510 ) ) ;
#9028 = CARTESIAN_POINT ( 'NONE',  ( 0.3815599669833322216, 0.8999999999999998002, 0.05810615474352543580 ) ) ;
#9029 = PRESENTATION_LAYER_ASSIGNMENT (  '', '', ( #9361 ) ) ;
#9030 = LINE ( 'NONE', #2390, #9712 ) ;
#9031 = CARTESIAN_POINT ( 'NONE',  ( -0.6579795181606986620, 0.9000000000000001332, 0.03486701823024122848 ) ) ;
#9032 = EDGE_CURVE ( 'NONE', #961, #9185, #233, .T. ) ;
#9033 = CARTESIAN_POINT ( 'NONE',  ( 0.4508632940070209094, 0.9000000000000000222, -0.08576209605798169877 ) ) ;
#9034 = CARTESIAN_POINT ( 'NONE',  ( -0.8393954591227242856, 0.6999999999999998446, -0.06088795598491222177 ) ) ;
#9035 = EDGE_CURVE ( 'NONE', #9134, #61, #596, .T. ) ;
#9036 = DIRECTION ( 'NONE',  ( -0.0000000000000000000, 1.000000000000000000, -0.0000000000000000000 ) ) ;
#9037 = ORIENTED_EDGE ( 'NONE', *, *, #2268, .T. ) ;
#9038 = ORIENTED_EDGE ( 'NONE', *, *, #4292, .T. ) ;
#9039 = AXIS2_PLACEMENT_3D ( 'NONE', #1401, #10046, #5364 ) ;
#9040 = VERTEX_POINT ( 'NONE', #3655 ) ;
#9041 = AXIS2_PLACEMENT_3D ( 'NONE', #6969, #1822, #4146 ) ;
#9042 = CARTESIAN_POINT ( 'NONE',  ( 0.7766242650903819600, 0.7000000000000001776, 0.04074234594443133101 ) ) ;
#9043 = CARTESIAN_POINT ( 'NONE',  ( -0.1973722079806121410, 0.6999999999999999556, -0.08230643845654088409 ) ) ;
#9044 = VECTOR ( 'NONE', #627, 1000.000000000000000 ) ;
#9045 = CARTESIAN_POINT ( 'NONE',  ( 0.7289435814930720348, 0.7000000000000000666, -0.001604684070575989382 ) ) ;
#9046 = CARTESIAN_POINT ( 'NONE',  ( 0.8125197435475978169, 0.7000000000000001776, 0.08939866747417397896 ) ) ;
#9047 = ADVANCED_FACE ( 'NONE', ( #6948 ), #7045, .T. ) ;
#9048 = CARTESIAN_POINT ( 'NONE',  ( -0.6989820413170402258, 0.6999999999999999556, -0.1647385247231893390 ) ) ;
#9049 = CARTESIAN_POINT ( 'NONE',  ( 0.5499962130720192910, 0.6999999999999999556, -0.07528889459689178110 ) ) ;
#9050 = CARTESIAN_POINT ( 'NONE',  ( 0.3280328480685075210, 0.8999999999999996891, 0.07661175230064641573 ) ) ;
#9051 = CARTESIAN_POINT ( 'NONE',  ( 0.6329645725632953024, 0.9000000000000001332, 0.08643298857021688986 ) ) ;
#9052 = CARTESIAN_POINT ( 'NONE',  ( -0.3973722079806121243, 0.6999999999999999556, -0.05423626301794440968 ) ) ;
#9053 = VERTEX_POINT ( 'NONE', #4795 ) ;
#9054 = FACE_OUTER_BOUND ( 'NONE', #148, .T. ) ;
#9055 = CARTESIAN_POINT ( 'NONE',  ( -0.03421431324376997263, 0.6999999999999999556, -0.2173941577547864601 ) ) ;
#9056 = PRESENTATION_LAYER_ASSIGNMENT (  '', '', ( #6511 ) ) ;
#9057 = ORIENTED_EDGE ( 'NONE', *, *, #6846, .F. ) ;
#9058 =( NAMED_UNIT ( * ) PLANE_ANGLE_UNIT ( ) SI_UNIT ( $, .RADIAN. ) );
#9059 = B_SPLINE_CURVE_WITH_KNOTS ( 'NONE', 3,
 ( #5904, #9131, #9179, #1977, #8393, #1263, #7883, #5385, #9484, #5489, #4769, #8603, #30, #1472, #9585, #7935, #7829, #5439, #3841, #633, #7178, #7127, #5331, #1524, #3212, #7776, #3785, #6970, #4676, #796 ),
 .UNSPECIFIED., .F., .F.,
 ( 4, 1, 1, 1, 1, 1, 1, 1, 1, 1, 1, 1, 1, 1, 1, 1, 1, 1, 1, 1, 1, 1, 1, 1, 1, 1, 1, 4 ),
 ( 0.0000000000000000000, 0.02740524723032099555, 0.05503395209103765368, 0.08377220195114434831, 0.1142238255655483731, 0.1299202037005441623, 0.1453459343363630862, 0.1610557224508529228, 0.1772109197982088824, 0.1941500347021352935, 0.2118240675998738498, 0.2306351098182590487, 0.2507635006051837090, 0.2708918913921077309, 0.2899066873408585598, 0.3077809418997912716, 0.3249141191778431303, 0.3414404525715341032, 0.3574949690632402421, 0.3733926337609954627, 0.3895060661075424036, 0.4054724606372513973, 0.4212437877979879342, 0.4368459733576778303, 0.4526266441179073730, 0.4681598439945418577, 0.4841854783496179482, 0.5000000000000027756 ),
 .UNSPECIFIED. ) ;
#9060 = CARTESIAN_POINT ( 'NONE',  ( 0.6250000000000000000, 0.0000000000000000000, 0.0000000000000000000 ) ) ;
#9061 = FACE_OUTER_BOUND ( 'NONE', #3467, .T. ) ;
#9062 = CARTESIAN_POINT ( 'NONE',  ( -0.3973722079806121243, 0.6999999999999999556, -0.05423626301794440968 ) ) ;
#9063 = CARTESIAN_POINT ( 'NONE',  ( 0.5978984154095623449, 0.9000000000000004663, 0.05586581114603457465 ) ) ;
#9064 = CARTESIAN_POINT ( 'NONE',  ( 0.3570137569316683690, 0.6999999999999999556, -0.1016046840705759624 ) ) ;
#9065 = ORIENTED_EDGE ( 'NONE', *, *, #9260, .T. ) ;
#9066 = ORIENTED_EDGE ( 'NONE', *, *, #2817, .F. ) ;
#9067 = DIRECTION ( 'NONE',  ( -0.0000000000000000000, 1.000000000000000000, -0.0000000000000000000 ) ) ;
#9068 = CARTESIAN_POINT ( 'NONE',  ( 0.7383901477222403198, 0.9000000000000000222, -0.1458124477128922292 ) ) ;
#9069 = CARTESIAN_POINT ( 'NONE',  ( 0.8735561597025738312, 0.6999999999999997335, -0.1372836826229789087 ) ) ;
#9070 = CARTESIAN_POINT ( 'NONE',  ( 0.3381678223984406206, 0.8999999999999999112, 0.03828687453563792142 ) ) ;
#9071 = CARTESIAN_POINT ( 'NONE',  ( 1.117376291589158743, 0.6999999999999999556, -0.1952603211970942720 ) ) ;
#9072 = CARTESIAN_POINT ( 'NONE',  ( 0.1149084937737737538, 0.9000000000000000222, 0.05278128084170470580 ) ) ;
#9073 = CARTESIAN_POINT ( 'NONE',  ( 0.8854460515698544532, 0.6999999999999999556, -0.08692588343174387222 ) ) ;
#9074 = CARTESIAN_POINT ( 'NONE',  ( 0.5446721315272016195, 0.8999999999999999112, -0.02267508584253378687 ) ) ;
#9075 = VECTOR ( 'NONE', #9568, 1000.000000000000000 ) ;
#9076 = CARTESIAN_POINT ( 'NONE',  ( 0.1897459577083053239, 0.9000000000000001332, -0.03773343197525480530 ) ) ;
#9077 = EDGE_CURVE ( 'NONE', #2904, #6728, #1495, .T. ) ;
#9078 = ORIENTED_EDGE ( 'NONE', *, *, #73, .F. ) ;
#9079 = CARTESIAN_POINT ( 'NONE',  ( 0.3479676330337241330, 0.6999999999999999556, 0.04712440496472920792 ) ) ;
#9080 = LINE ( 'NONE', #8291, #5339 ) ;
#9081 = CARTESIAN_POINT ( 'NONE',  ( 0.4778053057344914256, 0.8999999999999998002, -0.04105008098858321103 ) ) ;
#9082 = CARTESIAN_POINT ( 'NONE',  ( -0.8033091670869664247, 0.9000000000000003553, -0.1864774582956748583 ) ) ;
#9083 = CARTESIAN_POINT ( 'NONE',  ( 0.7843924153259251852, 0.6999999999999999556, -0.1740799189414416470 ) ) ;
#9084 = CARTESIAN_POINT ( 'NONE',  ( -1.399999999999999689, -0.1000000000000000056, 0.0000000000000000000 ) ) ;
#9085 = AXIS2_PLACEMENT_3D ( 'NONE', #9806, #9757, #5809 ) ;
#9086 = ORIENTED_EDGE ( 'NONE', *, *, #3793, .F. ) ;
#9087 = EDGE_CURVE ( 'NONE', #5800, #3168, #7054, .T. ) ;
#9088 = EDGE_CURVE ( 'NONE', #2904, #5390, #8009, .T. ) ;
#9089 = CARTESIAN_POINT ( 'NONE',  ( 0.7648178941552947752, 0.7000000000000001776, 0.006665521304670404129 ) ) ;
#9090 = SURFACE_STYLE_FILL_AREA ( #1074 ) ;
#9091 = EDGE_CURVE ( 'NONE', #2073, #9613, #9464, .T. ) ;
#9092 = CARTESIAN_POINT ( 'NONE',  ( -0.7359686992086823532, 0.6999999999999999556, -0.1840608244214531619 ) ) ;
#9093 = CARTESIAN_POINT ( 'NONE',  ( 0.5146829334450296889, 0.7000000000000005107, -0.1274522846622697103 ) ) ;
#9094 = CARTESIAN_POINT ( 'NONE',  ( 0.4549995052219930058, 0.8999999999999998002, 0.06031201393174513703 ) ) ;
#9095 = CARTESIAN_POINT ( 'NONE',  ( 0.5253490194883745357, 0.9000000000000000222, 0.06520695268748691320 ) ) ;
#9096 = ORIENTED_EDGE ( 'NONE', *, *, #5038, .F. ) ;
#9097 = CARTESIAN_POINT ( 'NONE',  ( -0.04123185710341913113, 0.6999999999999999556, 0.08436022821012574557 ) ) ;
#9098 = DIRECTION ( 'NONE',  ( -0.0000000000000000000, 1.000000000000000000, -0.0000000000000000000 ) ) ;
#9099 = EDGE_CURVE ( 'NONE', #5352, #7287, #8685, .T. ) ;
#9100 = EDGE_LOOP ( 'NONE', ( #7130, #5686, #532, #7340 ) ) ;
#9101 = FILL_AREA_STYLE_COLOUR ( '', #10108 ) ;
#9102 = CARTESIAN_POINT ( 'NONE',  ( 1.187634982997886501, 0.6999999999999999556, 0.9780523389394325529 ) ) ;
#9103 = CARTESIAN_POINT ( 'NONE',  ( 1.004382177984299851, 0.6999999999999999556, 0.08611461417503804561 ) ) ;
#9104 = CARTESIAN_POINT ( 'NONE',  ( 0.2412242832474579823, 0.6999999999999999556, 0.08436022821012574557 ) ) ;
#9105 = VECTOR ( 'NONE', #4486, 1000.000000000000000 ) ;
#9106 = DIRECTION ( 'NONE',  ( -1.141265444721583757E-16, 0.0000000000000000000, -1.000000000000000000 ) ) ;
#9107 = CARTESIAN_POINT ( 'NONE',  ( 0.4214098030359668678, 0.6999999999999998446, 0.08384671102415808264 ) ) ;
#9108 = ORIENTED_EDGE ( 'NONE', *, *, #5482, .T. ) ;
#9109 = EDGE_CURVE ( 'NONE', #6728, #1527, #4019, .T. ) ;
#9110 = ORIENTED_EDGE ( 'NONE', *, *, #2878, .T. ) ;
#9111 = CARTESIAN_POINT ( 'NONE',  ( -0.9500037869279804870, 0.6999999999999999556, 0.08611461417503804561 ) ) ;
#9112 = CARTESIAN_POINT ( 'NONE',  ( 0.7392872780887027595, 0.6999999999999998446, -0.1545263873557253531 ) ) ;
#9113 = AXIS2_PLACEMENT_3D ( 'NONE', #3568, #8334, #4456 ) ;
#9114 = CARTESIAN_POINT ( 'NONE',  ( 0.8042330876030576725, 0.6999999999999996225, -0.09316699479757110935 ) ) ;
#9115 = PRESENTATION_STYLE_ASSIGNMENT (( #4244 ) ) ;
#9116 = CARTESIAN_POINT ( 'NONE',  ( 1.102551906276452609, 0.6999999999999999556, -0.2044475518159901695 ) ) ;
#9117 = CARTESIAN_POINT ( 'NONE',  ( 0.09034709026500181706, 0.7000000000000000666, -0.1349380174039093161 ) ) ;
#9118 = PLANE ( 'NONE',  #964 ) ;
#9119 = CARTESIAN_POINT ( 'NONE',  ( 0.2342002202765953722, 0.6999999999999998446, -0.1160972739496143324 ) ) ;
#9120 = CARTESIAN_POINT ( 'NONE',  ( 0.1250000000000000000, -0.1000000000000000056, -0.6700000000000000400 ) ) ;
#9121 = ORIENTED_EDGE ( 'NONE', *, *, #5788, .F. ) ;
#9122 = CARTESIAN_POINT ( 'NONE',  ( 0.9249999999999997113, 0.0000000000000000000, 0.1250000000000001665 ) ) ;
#9123 = CARTESIAN_POINT ( 'NONE',  ( 0.1994631364244214000, 0.9000000000000003553, -0.1274822675609343370 ) ) ;
#9124 = CARTESIAN_POINT ( 'NONE',  ( 0.3407688866768064373, 0.8999999999999998002, 0.04102163085118840091 ) ) ;
#9125 =( GEOMETRIC_REPRESENTATION_CONTEXT ( 3 ) GLOBAL_UNCERTAINTY_ASSIGNED_CONTEXT ( ( #3747 ) ) GLOBAL_UNIT_ASSIGNED_CONTEXT ( ( #7793, #2274, #649 ) ) REPRESENTATION_CONTEXT ( 'NONE', 'WORKASPACE' ) );
#9126 = CARTESIAN_POINT ( 'NONE',  ( -0.7099689828695514571, 0.8999999999999999112, -0.1766116949956408611 ) ) ;
#9127 = CARTESIAN_POINT ( 'NONE',  ( -0.6564975866073915478, 0.7000000000000000666, -0.1633512811588520020 ) ) ;
#9128 = EDGE_CURVE ( 'NONE', #7000, #5407, #2335, .T. ) ;
#9129 = DIRECTION ( 'NONE',  ( 1.248662187429127730E-12, 1.000000000000000000, 1.718355588321840429E-13 ) ) ;
#9130 = CARTESIAN_POINT ( 'NONE',  ( 0.2954644803980193135, 0.8999999999999999112, 0.04101432947041541016 ) ) ;
#9131 = CARTESIAN_POINT ( 'NONE',  ( 0.5465081551686364891, 0.8999999999999999112, -0.1373044589886688871 ) ) ;
#9132 = CARTESIAN_POINT ( 'NONE',  ( 0.6344682907704156660, 0.6999999999999997335, -0.04399283944731292167 ) ) ;
#9133 = ADVANCED_FACE ( 'NONE', ( #3924 ), #9510, .T. ) ;
#9134 = VERTEX_POINT ( 'NONE', #2386 ) ;
#9135 = ORIENTED_EDGE ( 'NONE', *, *, #3393, .F. ) ;
#9136 = EDGE_LOOP ( 'NONE', ( #6641, #9022, #8876, #503 ) ) ;
#9137 = CARTESIAN_POINT ( 'NONE',  ( 0.3479676330337241330, 0.6999999999999999556, 0.04712440496472920792 ) ) ;
#9138 = SURFACE_SIDE_STYLE ('',( #6702 ) ) ;
#9139 = CARTESIAN_POINT ( 'NONE',  ( -0.6505914771461359658, 0.8999999999999999112, -0.1428468885702900426 ) ) ;
#9140 = CARTESIAN_POINT ( 'NONE',  ( 0.8930575009811880793, 0.6999999999999996225, 0.06688635824830384269 ) ) ;
#9141 = CARTESIAN_POINT ( 'NONE',  ( -0.7024303492801909909, 0.6999999999999999556, 0.03788512962180826116 ) ) ;
#9142 = ADVANCED_FACE ( 'NONE', ( #6401 ), #7153, .T. ) ;
#9143 = EDGE_CURVE ( 'NONE', #5545, #7668, #9565, .T. ) ;
#9144 = CARTESIAN_POINT ( 'NONE',  ( 0.5226212781837131782, 0.9000000000000000222, -0.1770596350072977110 ) ) ;
#9145 = CARTESIAN_POINT ( 'NONE',  ( 0.3065202737507037867, 0.9000000000000000222, 0.05855502480900741380 ) ) ;
#9146 = CARTESIAN_POINT ( 'NONE',  ( 0.6777848202946662459, 0.8999999999999998002, 0.05490956346547827549 ) ) ;
#9147 = PLANE ( 'NONE',  #5158 ) ;
#9148 = CARTESIAN_POINT ( 'NONE',  ( -0.8394774711385069033, 0.9000000000000001332, -0.05423626301794441662 ) ) ;
#9149 = CARTESIAN_POINT ( 'NONE',  ( 0.6489947561938019804, 0.9000000000000000222, -0.1372836826229789087 ) ) ;
#9150 = ORIENTED_EDGE ( 'NONE', *, *, #3191, .T. ) ;
#9151 = DIRECTION ( 'NONE',  ( -1.000000000000000000, 0.0000000000000000000, 4.336808689942019708E-16 ) ) ;
#9152 = MECHANICAL_DESIGN_GEOMETRIC_PRESENTATION_REPRESENTATION (  '', ( #4636 ), #150 ) ;
#9153 = LINE ( 'NONE', #7689, #5017 ) ;
#9154 = DIRECTION ( 'NONE',  ( 0.0000000000000000000, 0.0000000000000000000, 1.000000000000000000 ) ) ;
#9155 = CARTESIAN_POINT ( 'NONE',  ( 0.5415066631567807542, 0.9000000000000001332, -0.01342908326495971874 ) ) ;
#9156 = CARTESIAN_POINT ( 'NONE',  ( 0.5464874411421946077, 0.6999999999999998446, -0.1402011752986460913 ) ) ;
#9157 = EDGE_CURVE ( 'NONE', #8808, #9750, #5561, .T. ) ;
#9158 = EDGE_CURVE ( 'NONE', #8688, #1056, #6997, .T. ) ;
#9159 = DIRECTION ( 'NONE',  ( 0.0000000000000000000, 1.000000000000000000, 0.0000000000000000000 ) ) ;
#9160 = CARTESIAN_POINT ( 'NONE',  ( 0.2849135605092014134, 0.6999999999999998446, -0.01396969556714661859 ) ) ;
#9161 = VECTOR ( 'NONE', #304, 1000.000000000000000 ) ;
#9162 = ORIENTED_EDGE ( 'NONE', *, *, #6192, .T. ) ;
#9163 = CARTESIAN_POINT ( 'NONE',  ( 0.7894529025961974922, 0.6999999999999999556, -0.2131160910121950858 ) ) ;
#9164 = CARTESIAN_POINT ( 'NONE',  ( 0.8397489621093242596, 0.7000000000000001776, -0.09316472472550178796 ) ) ;
#9165 = PLANE ( 'NONE',  #9039 ) ;
#9166 = CARTESIAN_POINT ( 'NONE',  ( 1.148038759114430318, 0.6999999999999996225, -0.1327611624996081763 ) ) ;
#9167 = CARTESIAN_POINT ( 'NONE',  ( 0.7571018093037040764, 0.8999999999999999112, -0.08778995276134027304 ) ) ;
#9168 = CARTESIAN_POINT ( 'NONE',  ( 0.9090928627988967836, 0.7000000000000000666, -0.1373702312129746750 ) ) ;
#9169 = CARTESIAN_POINT ( 'NONE',  ( 1.047289849739204248, 0.9000000000000001332, -0.1805164936233128459 ) ) ;
#9170 = CARTESIAN_POINT ( 'NONE',  ( 0.1994631364244214000, 0.7000000000000002887, -0.1274822675609343370 ) ) ;
#9171 = VERTEX_POINT ( 'NONE', #3343 ) ;
#9172 = VECTOR ( 'NONE', #7830, 1000.000000000000000 ) ;
#9173 = CARTESIAN_POINT ( 'NONE',  ( 0.09187140595597027837, 0.9000000000000002442, -0.1388173780407440661 ) ) ;
#9174 = AXIS2_PLACEMENT_3D ( 'NONE', #5541, #5628, #5442 ) ;
#9175 = CARTESIAN_POINT ( 'NONE',  ( 0.4111412754742977960, 0.7000000000000002887, 0.05210783987843282949 ) ) ;
#9176 = CARTESIAN_POINT ( 'NONE',  ( -0.7144127778345452651, 0.6999999999999998446, -0.1793782803310899621 ) ) ;
#9177 = FILL_AREA_STYLE ('',( #575 ) ) ;
#9178 = CARTESIAN_POINT ( 'NONE',  ( 0.4214098030359668678, 0.6999999999999998446, 0.08384671102415808264 ) ) ;
#9179 = CARTESIAN_POINT ( 'NONE',  ( 0.5470186436415201969, 0.9000000000000000222, -0.1314927984018288976 ) ) ;
#9180 = CARTESIAN_POINT ( 'NONE',  ( 0.7710695586774084509, 0.9000000000000000222, -0.1373044589886689426 ) ) ;
#9181 = CARTESIAN_POINT ( 'NONE',  ( 0.6811938533527094330, 0.7000000000000001776, -0.1681884475305138460 ) ) ;
#9182 = SURFACE_SIDE_STYLE ('',( #7780 ) ) ;
#9183 = ORIENTED_EDGE ( 'NONE', *, *, #8898, .T. ) ;
#9184 = ORIENTED_EDGE ( 'NONE', *, *, #9099, .T. ) ;
#9185 = VERTEX_POINT ( 'NONE', #8059 ) ;
#9186 = ORIENTED_EDGE ( 'NONE', *, *, #4743, .F. ) ;
#9187 = COLOUR_RGB ( '',1.000000000000000000, 0.9607843137254902244, 0.4549019607843137192 ) ;
#9188 = B_SPLINE_CURVE_WITH_KNOTS ( 'NONE', 3,
 ( #8695, #618, #9376, #6206, #1458, #4610, #669, #5428, #7870, #3050, #1507, #3881, #7061, #1566, #7648, #9718, #2438, #833, #129 ),
 .UNSPECIFIED., .F., .F.,
 ( 4, 1, 1, 1, 1, 1, 1, 1, 1, 1, 1, 1, 1, 1, 1, 1, 4 ),
 ( 0.0000000000000000000, 0.08241802022261664196, 0.1603496622879456990, 0.2342482336450726343, 0.3045451807535546895, 0.3706460810175573051, 0.4337613328708727622, 0.4942527676985100649, 0.5518036588782729845, 0.6079209423644332810, 0.6637470867048972378, 0.7187965522786626815, 0.7734135305480146494, 0.8289231476780046792, 0.8846043412639337244, 0.9415582105514962441, 0.9999999999999998890 ),
 .UNSPECIFIED. ) ;
#9189 = VECTOR ( 'NONE', #10306, 1000.000000000000000 ) ;
#9190 = DIRECTION ( 'NONE',  ( -0.0000000000000000000, 1.000000000000000000, -0.0000000000000000000 ) ) ;
#9191 = LINE ( 'NONE', #3692, #6504 ) ;
#9192 = CARTESIAN_POINT ( 'NONE',  ( -0.1250000000000000000, -0.1000000000000000056, 1.149999999999999911 ) ) ;
#9193 = CARTESIAN_POINT ( 'NONE',  ( 1.094239754526878938, 0.9000000000000001332, -0.03743370899264990281 ) ) ;
#9194 = CARTESIAN_POINT ( 'NONE',  ( 0.7289435814930719237, 0.9000000000000001332, -0.001604684070575989382 ) ) ;
#9195 = CARTESIAN_POINT ( 'NONE',  ( 0.5226212781837131782, 0.6999999999999999556, -0.1770596350072977110 ) ) ;
#9196 = CARTESIAN_POINT ( 'NONE',  ( 0.4324334244019382156, 0.9000000000000000222, -0.09824586666126616796 ) ) ;
#9197 =( LENGTH_UNIT ( ) NAMED_UNIT ( * ) SI_UNIT ( .MILLI., .METRE. ) );
#9198 = AXIS2_PLACEMENT_3D ( 'NONE', #9821, #335, #6663 ) ;
#9199 = CARTESIAN_POINT ( 'NONE',  ( -0.7941855588012711742, 0.9000000000000000222, 0.07047838443549440945 ) ) ;
#9200 = CARTESIAN_POINT ( 'NONE',  ( -0.6149160676297349415, 0.6999999999999999556, 0.08611461417503804561 ) ) ;
#9201 = EDGE_CURVE ( 'NONE', #3417, #9382, #8999, .T. ) ;
#9202 = EDGE_LOOP ( 'NONE', ( #10054, #6467, #8211, #10160 ) ) ;
#9203 = CARTESIAN_POINT ( 'NONE',  ( 0.3047164403770541985, 0.8999999999999999112, -0.08146419177985651794 ) ) ;
#9204 = COLOUR_RGB ( '',1.000000000000000000, 0.9607843137254902244, 0.4549019607843137192 ) ;
#9205 = DIRECTION ( 'NONE',  ( -0.1930218602933347349, 0.0000000000000000000, 0.9811944564911180278 ) ) ;
#9206 = CARTESIAN_POINT ( 'NONE',  ( 0.8671496592900975742, 0.6999999999999999556, -0.1150618645473976270 ) ) ;
#9207 = PRESENTATION_LAYER_ASSIGNMENT (  '', '', ( #3677 ) ) ;
#9208 = CARTESIAN_POINT ( 'NONE',  ( 0.6935020534362948963, 0.6999999999999998446, 0.01047452221563137734 ) ) ;
#9209 = CARTESIAN_POINT ( 'NONE',  ( 0.5404045914477577650, 0.9000000000000000222, -0.005074628296310336809 ) ) ;
#9210 = CARTESIAN_POINT ( 'NONE',  ( 1.148241827107107094, 0.6999999999999999556, -0.1226573156495233408 ) ) ;
#9211 = CARTESIAN_POINT ( 'NONE',  ( 1.107839107813724855, 0.8999999999999998002, -0.1253230062430357172 ) ) ;
#9212 = MECHANICAL_DESIGN_GEOMETRIC_PRESENTATION_REPRESENTATION (  '', ( #8547 ), #6343 ) ;
#9213 = VERTEX_POINT ( 'NONE', #920 ) ;
#9214 = ORIENTED_EDGE ( 'NONE', *, *, #6262, .T. ) ;
#9215 = VERTEX_POINT ( 'NONE', #6506 ) ;
#9216 = CARTESIAN_POINT ( 'NONE',  ( 0.7564499603681328344, 0.8999999999999999112, -0.1902900081931196696 ) ) ;
#9217 = EDGE_CURVE ( 'NONE', #9767, #8182, #4894, .T. ) ;
#9218 = PLANE ( 'NONE',  #5077 ) ;
#9219 = STYLED_ITEM ( 'NONE', ( #7101 ), #1727 ) ;
#9220 = LINE ( 'NONE', #241, #9375 ) ;
#9221 = CARTESIAN_POINT ( 'NONE',  ( -0.5342143132437700004, 0.6999999999999999556, 0.08611461417503804561 ) ) ;
#9222 = CARTESIAN_POINT ( 'NONE',  ( 0.8682753736411373824, 0.6999999999999999556, -0.2084846267975642431 ) ) ;
#9223 = CARTESIAN_POINT ( 'NONE',  ( 0.1475900245574190139, 0.6999999999999999556, -0.2193776831618438339 ) ) ;
#9224 = PLANE ( 'NONE',  #9113 ) ;
#9225 = CARTESIAN_POINT ( 'NONE',  ( 0.9072805602690056093, 0.8999999999999995781, -0.04486466269463379453 ) ) ;
#9226 = CARTESIAN_POINT ( 'NONE',  ( 0.1806048038309508164, 0.6999999999999998446, -0.08358142037433353988 ) ) ;
#9227 = ORIENTED_EDGE ( 'NONE', *, *, #5996, .T. ) ;
#9228 = CARTESIAN_POINT ( 'NONE',  ( -0.7951815833516764354, 0.7000000000000002887, -0.01603270295209041976 ) ) ;
#9229 = EDGE_CURVE ( 'NONE', #6405, #5362, #6609, .T. ) ;
#9230 = CARTESIAN_POINT ( 'NONE',  ( -0.6897459168670520002, 0.7000000000000000666, -0.1405048282037807683 ) ) ;
#9231 = AXIS2_PLACEMENT_3D ( 'NONE', #7571, #10016, #2267 ) ;
#9232 = CARTESIAN_POINT ( 'NONE',  ( 0.3280328480685075210, 0.6999999999999996225, 0.07661175230064641573 ) ) ;
#9233 = CARTESIAN_POINT ( 'NONE',  ( 0.1682611651377174111, 0.6999999999999998446, -0.1845304882031482130 ) ) ;
#9234 = CARTESIAN_POINT ( 'NONE',  ( 0.5428979948900144459, 0.7000000000000000666, -0.01816036597924367349 ) ) ;
#9235 = CARTESIAN_POINT ( 'NONE',  ( 0.6807402726685816141, 0.7000000000000000666, -0.1173389452988362058 ) ) ;
#9236 = FILL_AREA_STYLE_COLOUR ( '', #6810 ) ;
#9237 = ORIENTED_EDGE ( 'NONE', *, *, #9956, .F. ) ;
#9238 = CARTESIAN_POINT ( 'NONE',  ( 0.6250000000000000000, -0.1000000000000000056, 1.149999999999999911 ) ) ;
#9239 = ORIENTED_EDGE ( 'NONE', *, *, #8517, .F. ) ;
#9240 = FACE_BOUND ( 'NONE', #2812, .T. ) ;
#9241 =( GEOMETRIC_REPRESENTATION_CONTEXT ( 3 ) GLOBAL_UNCERTAINTY_ASSIGNED_CONTEXT ( ( #7192 ) ) GLOBAL_UNIT_ASSIGNED_CONTEXT ( ( #6856, #4571, #10058 ) ) REPRESENTATION_CONTEXT ( 'NONE', 'WORKASPACE' ) );
#9242 = EDGE_CURVE ( 'NONE', #4685, #10308, #8207, .T. ) ;
#9243 = CARTESIAN_POINT ( 'NONE',  ( 0.7796378782277122443, 0.9000000000000000222, 0.04385138482649061226 ) ) ;
#9244 = CARTESIAN_POINT ( 'NONE',  ( 0.3047164403770541985, 0.8999999999999999112, -0.08146419177985651794 ) ) ;
#9245 = CARTESIAN_POINT ( 'NONE',  ( 1.148173240787928595, 0.6999999999999998446, -0.1192312745863559065 ) ) ;
#9246 = CARTESIAN_POINT ( 'NONE',  ( 0.7330947111427704721, 0.6999999999999997335, 0.03608327600374142824 ) ) ;
#9247 = PRESENTATION_LAYER_ASSIGNMENT (  '', '', ( #2745 ) ) ;
#9248 = CARTESIAN_POINT ( 'NONE',  ( -0.6868458921911384518, 0.6999999999999999556, -0.03318363143899703133 ) ) ;
#9249 = CARTESIAN_POINT ( 'NONE',  ( 0.5325404057949321146, 0.8999999999999999112, -0.08778995276134025916 ) ) ;
#9250 = CARTESIAN_POINT ( 'NONE',  ( 0.3218975355758117995, 0.9000000000000003553, 0.07273216131514148586 ) ) ;
#9251 = PLANE ( 'NONE',  #1645 ) ;
#9252 = CARTESIAN_POINT ( 'NONE',  ( -0.8392580568476514236, 0.9000000000000001332, -0.03642640320749505195 ) ) ;
#9253 = CARTESIAN_POINT ( 'NONE',  ( 1.055259370966756149, 0.9000000000000000222, -0.2138853858249619433 ) ) ;
#9254 = ORIENTED_EDGE ( 'NONE', *, *, #5267, .T. ) ;
#9255 =( NAMED_UNIT ( * ) SI_UNIT ( $, .STERADIAN. ) SOLID_ANGLE_UNIT ( ) );
#9256 = CARTESIAN_POINT ( 'NONE',  ( -0.7768488148940499993, 0.7000000000000001776, 0.08119771775508961842 ) ) ;
#9257 = CARTESIAN_POINT ( 'NONE',  ( 0.8736379836602401472, 0.6999999999999997335, -0.1389509197478257518 ) ) ;
#9258 = CARTESIAN_POINT ( 'NONE',  ( 0.6649052857953990925, 0.7000000000000000666, -0.06252780171503076467 ) ) ;
#9259 = CARTESIAN_POINT ( 'NONE',  ( 0.06048030478826162820, 0.6999999999999998446, -0.1498125166631451843 ) ) ;
#9260 = EDGE_CURVE ( 'NONE', #6175, #4313, #7313, .T. ) ;
#9261 = VECTOR ( 'NONE', #5724, 1000.000000000000000 ) ;
#9262 = CARTESIAN_POINT ( 'NONE',  ( 1.142298983332442841, 0.6999999999999997335, -0.08495726109205088694 ) ) ;
#9263 = CARTESIAN_POINT ( 'NONE',  ( 0.5414504229454667472, 0.9000000000000000222, 0.01626577587549255313 ) ) ;
#9264 = CARTESIAN_POINT ( 'NONE',  ( 1.104067423802919334, 0.8999999999999999112, -0.1506097460799339927 ) ) ;
#9265 = ORIENTED_EDGE ( 'NONE', *, *, #2161, .T. ) ;
#9266 = ORIENTED_EDGE ( 'NONE', *, *, #9091, .F. ) ;
#9267 = CARTESIAN_POINT ( 'NONE',  ( 1.044733055177282433, 0.6999999999999999556, -0.1805520524916285896 ) ) ;
#9268 = VECTOR ( 'NONE', #5254, 1000.000000000000000 ) ;
#9269 = FACE_OUTER_BOUND ( 'NONE', #1632, .T. ) ;
#9270 = CARTESIAN_POINT ( 'NONE',  ( 0.0000000000000000000, -0.1000000000000000056, 0.0000000000000000000 ) ) ;
#9271 = SURFACE_STYLE_USAGE ( .BOTH. , #5473 ) ;
#9272 = CARTESIAN_POINT ( 'NONE',  ( 1.148038759114430318, 0.8999999999999996891, -0.1327611624996081763 ) ) ;
#9273 = CARTESIAN_POINT ( 'NONE',  ( 0.7392443369538017617, 0.9000000000000001332, -0.1274522846622696826 ) ) ;
#9274 = FILL_AREA_STYLE_COLOUR ( '', #7088 ) ;
#9275 = CARTESIAN_POINT ( 'NONE',  ( 0.1943987172636933436, 0.7000000000000000666, -0.04396866952508293042 ) ) ;
#9276 = CARTESIAN_POINT ( 'NONE',  ( -0.9249999999999997113, 0.0000000000000000000, -0.1250000000000000555 ) ) ;
#9277 = CARTESIAN_POINT ( 'NONE',  ( 0.7499104229971461644, 0.8999999999999998002, 0.06520695268748699647 ) ) ;
#9278 = CARTESIAN_POINT ( 'NONE',  ( 0.03420673938780895845, 0.9000000000000000222, 0.01769356154345909371 ) ) ;
#9279 = VERTEX_POINT ( 'NONE', #5712 ) ;
#9280 = CARTESIAN_POINT ( 'NONE',  ( -0.7809764076527785370, 0.6999999999999999556, 0.03081026181774569606 ) ) ;
#9281 = SURFACE_SIDE_STYLE ('',( #6110 ) ) ;
#9282 = AXIS2_PLACEMENT_3D ( 'NONE', #8834, #5423, #1706 ) ;
#9283 = CARTESIAN_POINT ( 'NONE',  ( 0.1612900414162520835, 0.9000000000000003553, -0.2199072207398642675 ) ) ;
#9284 = CARTESIAN_POINT ( 'NONE',  ( 0.3111418237727117120, 0.9000000000000002442, 0.06367434020839532471 ) ) ;
#9285 = CARTESIAN_POINT ( 'NONE',  ( 0.1890497865628411600, 0.8999999999999998002, -0.09835380394852781538 ) ) ;
#9286 = CARTESIAN_POINT ( 'NONE',  ( 0.7822424165730558210, 0.8999999999999999112, -0.1079953606916305431 ) ) ;
#9287 = CARTESIAN_POINT ( 'NONE',  ( 0.5376275077193501950, 0.6999999999999998446, -0.1964123158144563952 ) ) ;
#9288 = CARTESIAN_POINT ( 'NONE',  ( 0.4276310135655184141, 0.9000000000000000222, -0.06131941956544862543 ) ) ;
#9289 = ORIENTED_EDGE ( 'NONE', *, *, #5374, .T. ) ;
#9290 = EDGE_CURVE ( 'NONE', #9442, #8198, #1026, .T. ) ;
#9291 = ORIENTED_EDGE ( 'NONE', *, *, #5525, .F. ) ;
#9292 = CARTESIAN_POINT ( 'NONE',  ( 0.5480089927819996598, 0.6999999999999999556, -0.07425645494990003315 ) ) ;
#9293 = ORIENTED_EDGE ( 'NONE', *, *, #4461, .T. ) ;
#9294 = FILL_AREA_STYLE ('',( #7787 ) ) ;
#9295 = PRESENTATION_LAYER_ASSIGNMENT (  '', '', ( #6940 ) ) ;
#9296 = ORIENTED_EDGE ( 'NONE', *, *, #1055, .T. ) ;
#9297 = CARTESIAN_POINT ( 'NONE',  ( 0.8428845155703605929, 0.8999999999999999112, 0.05337681071196370003 ) ) ;
#9298 = CARTESIAN_POINT ( 'NONE',  ( -0.7576989534949165606, 0.8999999999999999112, -0.2150892685545510719 ) ) ;
#9299 = CARTESIAN_POINT ( 'NONE',  ( -0.4254423834192086473, 0.9000000000000000222, 0.08611461417503804561 ) ) ;
#9300 = CARTESIAN_POINT ( 'NONE',  ( 0.7289847299233008782, 0.9000000000000000222, 0.001819326693621051887 ) ) ;
#9301 = CARTESIAN_POINT ( 'NONE',  ( 0.6362901109059937443, 0.6999999999999997335, -0.2116679104145387513 ) ) ;
#9302 = CARTESIAN_POINT ( 'NONE',  ( 0.6049135189939582880, 0.6999999999999999556, -0.1860197224330941979 ) ) ;
#9303 = ORIENTED_EDGE ( 'NONE', *, *, #4227, .T. ) ;
#9304 = CARTESIAN_POINT ( 'NONE',  ( 0.1851616164981699508, 0.9000000000000001332, -0.09131191583142246604 ) ) ;
#9305 = DIRECTION ( 'NONE',  ( -1.000000000000000000, 0.0000000000000000000, 0.0000000000000000000 ) ) ;
#9306 = ORIENTED_EDGE ( 'NONE', *, *, #6045, .F. ) ;
#9307 = CARTESIAN_POINT ( 'NONE',  ( 0.3184172657035982956, 0.9000000000000000222, -0.1051134560004005486 ) ) ;
#9308 = LINE ( 'NONE', #2167, #6853 ) ;
#9309 = CARTESIAN_POINT ( 'NONE',  ( -0.7941855588012711742, 0.6999999999999999556, 0.07047838443549440945 ) ) ;
#9310 = UNCERTAINTY_MEASURE_WITH_UNIT (LENGTH_MEASURE( 1.000000000000000082E-05 ), #1400, 'distance_accuracy_value', 'NONE');
#9311 =( NAMED_UNIT ( * ) PLANE_ANGLE_UNIT ( ) SI_UNIT ( $, .RADIAN. ) );
#9312 = CARTESIAN_POINT ( 'NONE',  ( 1.087850396158501987, 0.6999999999999999556, -0.1712263114348641646 ) ) ;
#9313 = ORIENTED_EDGE ( 'NONE', *, *, #3689, .T. ) ;
#9314 = ORIENTED_EDGE ( 'NONE', *, *, #7809, .F. ) ;
#9315 = VERTEX_POINT ( 'NONE', #6559 ) ;
#9316 = PRESENTATION_STYLE_ASSIGNMENT (( #8480 ) ) ;
#9317 = UNCERTAINTY_MEASURE_WITH_UNIT (LENGTH_MEASURE( 1.000000000000000082E-05 ), #5914, 'distance_accuracy_value', 'NONE');
#9318 = ADVANCED_FACE ( 'NONE', ( #7258 ), #3293, .T. ) ;
#9319 = FACE_OUTER_BOUND ( 'NONE', #313, .T. ) ;
#9320 = DIRECTION ( 'NONE',  ( -3.542693767621044349E-13, 1.000000000000000000, -1.488700388412615275E-14 ) ) ;
#9321 = CARTESIAN_POINT ( 'NONE',  ( -0.7972372608427568119, 0.9000000000000000222, -0.04292065456779164956 ) ) ;
#9322 = CARTESIAN_POINT ( 'NONE',  ( 0.6183231120615885201, 0.6999999999999998446, 0.05337681071196361676 ) ) ;
#9323 = CARTESIAN_POINT ( 'NONE',  ( 0.7346986826635786283, 0.9000000000000003553, -0.03287577982225470957 ) ) ;
#9324 = CARTESIAN_POINT ( 'NONE',  ( 0.9053016761773531318, 0.9000000000000000222, -0.1173389452988363307 ) ) ;
#9325 = DIRECTION ( 'NONE',  ( -0.1930218602933347627, 0.0000000000000000000, 0.9811944564911180278 ) ) ;
#9326 = DIRECTION ( 'NONE',  ( -0.0000000000000000000, 1.000000000000000000, -0.0000000000000000000 ) ) ;
#9327 = CARTESIAN_POINT ( 'NONE',  ( 0.8777715633865335043, 0.9000000000000000222, -0.06865698566720368490 ) ) ;
#9328 = CARTESIAN_POINT ( 'NONE',  ( 0.08317210749411779735, 0.6999999999999999556, 0.03511975907407878517 ) ) ;
#9329 = ORIENTED_EDGE ( 'NONE', *, *, #9099, .F. ) ;
#9330 = CARTESIAN_POINT ( 'NONE',  ( 0.1982406951294203856, 0.8999999999999999112, -0.1556026855024011668 ) ) ;
#9331 = EDGE_CURVE ( 'NONE', #8273, #6495, #10163, .T. ) ;
#9332 = AXIS2_PLACEMENT_3D ( 'NONE', #7329, #7541, #2596 ) ;
#9333 = SURFACE_STYLE_FILL_AREA ( #2960 ) ;
#9334 = DIRECTION ( 'NONE',  ( -1.000000000000000000, 0.0000000000000000000, -0.0000000000000000000 ) ) ;
#9335 = CARTESIAN_POINT ( 'NONE',  ( 0.2249260878699179400, 0.6999999999999999556, -0.09223302764297915124 ) ) ;
#9336 = CARTESIAN_POINT ( 'NONE',  ( 0.4692001774812038506, 0.7000000000000002887, 0.03953241326057040095 ) ) ;
#9337 = CARTESIAN_POINT ( 'NONE',  ( 0.1897825602062575279, 0.7000000000000001776, -0.1703537282356107074 ) ) ;
#9338 = CARTESIAN_POINT ( 'NONE',  ( 0.8579534289743935283, 0.9000000000000001332, -0.1030944160399638460 ) ) ;
#9339 = CARTESIAN_POINT ( 'NONE',  ( 0.5164626040975222043, 0.7000000000000002887, -0.1626029412461153512 ) ) ;
#9340 = SURFACE_SIDE_STYLE ('',( #6799 ) ) ;
#9341 = DIRECTION ( 'NONE',  ( -0.0000000000000000000, 1.000000000000000000, -0.0000000000000000000 ) ) ;
#9342 = VERTEX_POINT ( 'NONE', #2259 ) ;
#9343 = ORIENTED_EDGE ( 'NONE', *, *, #5239, .T. ) ;
#9344 = CARTESIAN_POINT ( 'NONE',  ( 0.5043821779843000730, 0.9000000000000000222, -0.001604684070575989382 ) ) ;
#9345 = CARTESIAN_POINT ( 'NONE',  ( 0.4255574294854388984, 0.6999999999999999556, 0.04055564901788705906 ) ) ;
#9346 = MECHANICAL_DESIGN_GEOMETRIC_PRESENTATION_REPRESENTATION (  '', ( #3492 ), #8171 ) ;
#9347 = EDGE_CURVE ( 'NONE', #8822, #4870, #8306, .T. ) ;
#9348 = CARTESIAN_POINT ( 'NONE',  ( 0.6490765801512196065, 0.7000000000000000666, -0.1389509197427621634 ) ) ;
#9349 = CARTESIAN_POINT ( 'NONE',  ( 0.2860761030328118348, 0.8999999999999999112, -0.03022323033958862482 ) ) ;
#9350 = DIRECTION ( 'NONE',  ( 0.0000000000000000000, 1.000000000000000000, 0.0000000000000000000 ) ) ;
#9351 =( LENGTH_UNIT ( ) NAMED_UNIT ( * ) SI_UNIT ( .MILLI., .METRE. ) );
#9352 = CARTESIAN_POINT ( 'NONE',  ( 0.6712448379644143648, 0.6999999999999998446, -0.09796417017802419580 ) ) ;
#9353 = CARTESIAN_POINT ( 'NONE',  ( 0.0000000000000000000, -0.1000000000000000056, 0.0000000000000000000 ) ) ;
#9354 = FACE_OUTER_BOUND ( 'NONE', #3478, .T. ) ;
#9355 = CARTESIAN_POINT ( 'NONE',  ( 0.06614647186037914128, 0.8999999999999996891, 0.06449637198131932814 ) ) ;
#9356 = DIRECTION ( 'NONE',  ( 0.0000000000000000000, 0.0000000000000000000, -1.000000000000000000 ) ) ;
#9357 = VECTOR ( 'NONE', #7206, 1000.000000000000000 ) ;
#9358 = EDGE_LOOP ( 'NONE', ( #9651, #8309, #9490, #894 ) ) ;
#9359 =( NAMED_UNIT ( * ) SI_UNIT ( $, .STERADIAN. ) SOLID_ANGLE_UNIT ( ) );
#9360 = CARTESIAN_POINT ( 'NONE',  ( -0.8281857491215511846, 0.6999999999999998446, 0.02378832089620073337 ) ) ;
#9361 = STYLED_ITEM ( 'NONE', ( #839 ), #401 ) ;
#9362 = DIRECTION ( 'NONE',  ( 0.0000000000000000000, 0.0000000000000000000, 1.000000000000000000 ) ) ;
#9363 = CARTESIAN_POINT ( 'NONE',  ( 0.6827191567602340916, 0.6999999999999998446, -0.04486466269463387779 ) ) ;
#9364 = LINE ( 'NONE', #8525, #714 ) ;
#9365 = PRESENTATION_LAYER_ASSIGNMENT (  '', '', ( #874 ) ) ;
#9366 = CARTESIAN_POINT ( 'NONE',  ( 1.104067423802919334, 0.6999999999999998446, -0.1506097460799339927 ) ) ;
#9367 = STYLED_ITEM ( 'NONE', ( #4025 ), #614 ) ;
#9368 = EDGE_LOOP ( 'NONE', ( #5410, #6951, #5238, #209 ) ) ;
#9369 = ORIENTED_EDGE ( 'NONE', *, *, #4743, .T. ) ;
#9370 = AXIS2_PLACEMENT_3D ( 'NONE', #9221, #1250, #454 ) ;
#9371 = PRESENTATION_STYLE_ASSIGNMENT (( #4502 ) ) ;
#9372 = PLANE ( 'NONE',  #21 ) ;
#9373 =( NAMED_UNIT ( * ) SI_UNIT ( $, .STERADIAN. ) SOLID_ANGLE_UNIT ( ) );
#9374 = DIRECTION ( 'NONE',  ( 0.0000000000000000000, 1.000000000000000000, -0.0000000000000000000 ) ) ;
#9375 = VECTOR ( 'NONE', #509, 1000.000000000000000 ) ;
#9376 = CARTESIAN_POINT ( 'NONE',  ( 0.06048030478826162820, 0.8999999999999999112, -0.1498125166631451843 ) ) ;
#9377 = LINE ( 'NONE', #3935, #5655 ) ;
#9378 =( LENGTH_UNIT ( ) NAMED_UNIT ( * ) SI_UNIT ( .MILLI., .METRE. ) );
#9379 = DIRECTION ( 'NONE',  ( 1.000000000000000000, 0.0000000000000000000, 0.0000000000000000000 ) ) ;
#9380 = CARTESIAN_POINT ( 'NONE',  ( 0.8744410929070787208, 0.9000000000000003553, 0.08034611070217466400 ) ) ;
#9381 = CARTESIAN_POINT ( 'NONE',  ( 0.09481010449772891979, 0.7000000000000002887, -0.1462963218802443011 ) ) ;
#9382 = VERTEX_POINT ( 'NONE', #3847 ) ;
#9383 = CARTESIAN_POINT ( 'NONE',  ( 0.5585610695342843046, 0.7000000000000000666, 0.04648009192836408815 ) ) ;
#9384 = CARTESIAN_POINT ( 'NONE',  ( 0.8076352868407050689, 0.6999999999999997335, -0.05293438414718564661 ) ) ;
#9385 = CARTESIAN_POINT ( 'NONE',  ( 0.4271491737659702803, 0.8999999999999999112, -0.06178709442334003044 ) ) ;
#9386 = UNCERTAINTY_MEASURE_WITH_UNIT (LENGTH_MEASURE( 1.000000000000000082E-05 ), #10200, 'distance_accuracy_value', 'NONE');
#9387 = CARTESIAN_POINT ( 'NONE',  ( 0.2288021206528247087, 0.9000000000000002442, -0.1004781246870458944 ) ) ;
#9388 = CARTESIAN_POINT ( 'NONE',  ( -0.6482494009630682674, 0.9000000000000000222, -0.1068678419653128070 ) ) ;
#9389 = CARTESIAN_POINT ( 'NONE',  ( 0.5446721315272016195, 0.6999999999999998446, -0.02267508584253378687 ) ) ;
#9390 = CARTESIAN_POINT ( 'NONE',  ( 0.6394698972825457739, 0.6999999999999999556, -0.07353450863197949494 ) ) ;
#9391 = PRESENTATION_STYLE_ASSIGNMENT (( #6173 ) ) ;
#9392 = ADVANCED_FACE ( 'NONE', ( #1179 ), #9147, .T. ) ;
#9393 = ORIENTED_EDGE ( 'NONE', *, *, #1122, .F. ) ;
#9394 = ORIENTED_EDGE ( 'NONE', *, *, #3670, .F. ) ;
#9395 = CARTESIAN_POINT ( 'NONE',  ( 0.5386343340440670202, 0.6999999999999997335, -0.06875061400778367804 ) ) ;
#9396 = VERTEX_POINT ( 'NONE', #8861 ) ;
#9397 = CARTESIAN_POINT ( 'NONE',  ( 0.4162489627538918380, 0.6999999999999999556, 0.04889762790938698145 ) ) ;
#9398 = ORIENTED_EDGE ( 'NONE', *, *, #5267, .F. ) ;
#9399 = ORIENTED_EDGE ( 'NONE', *, *, #2057, .T. ) ;
#9400 = CARTESIAN_POINT ( 'NONE',  ( 0.6478886164256134617, 0.7000000000000001776, -0.1547683944831420022 ) ) ;
#9401 = FILL_AREA_STYLE ('',( #4584 ) ) ;
#9402 = DIRECTION ( 'NONE',  ( -1.000000000000000000, 0.0000000000000000000, 0.0000000000000000000 ) ) ;
#9403 = DIRECTION ( 'NONE',  ( 0.0000000000000000000, 0.0000000000000000000, 1.000000000000000000 ) ) ;
#9404 = CARTESIAN_POINT ( 'NONE',  ( 0.6665042742482101268, 0.6999999999999998446, -0.09222156738872502868 ) ) ;
#9405 = STYLED_ITEM ( 'NONE', ( #1563 ), #2098 ) ;
#9406 = EDGE_CURVE ( 'NONE', #7107, #7888, #7080, .T. ) ;
#9407 = CARTESIAN_POINT ( 'NONE',  ( 0.1547237864621630599, 0.7000000000000002887, -0.04635257002964225659 ) ) ;
#9408 = ORIENTED_EDGE ( 'NONE', *, *, #4719, .F. ) ;
#9409 = DIRECTION ( 'NONE',  ( -1.000000000000000000, 0.0000000000000000000, 0.0000000000000000000 ) ) ;
#9410 = VECTOR ( 'NONE', #4633, 1000.000000000000000 ) ;
#9411 = CARTESIAN_POINT ( 'NONE',  ( 0.6896762315056751413, 0.9000000000000001332, 0.03168865755623485186 ) ) ;
#9412 = CARTESIAN_POINT ( 'NONE',  ( 0.07281094462635705200, 0.7000000000000000666, -0.1750012563459351078 ) ) ;
#9413 = DIRECTION ( 'NONE',  ( -0.9877629653290690426, 0.0000000000000000000, -0.1559625734730108459 ) ) ;
#9414 = CARTESIAN_POINT ( 'NONE',  ( 0.5499962130720192910, 0.6999999999999999556, -0.07528889459689178110 ) ) ;
#9415 = PLANE ( 'NONE',  #8268 ) ;
#9416 = ORIENTED_EDGE ( 'NONE', *, *, #8431, .F. ) ;
#9417 = EDGE_CURVE ( 'NONE', #806, #851, #95, .T. ) ;
#9418 = VECTOR ( 'NONE', #7748, 1000.000000000000000 ) ;
#9419 = ORIENTED_EDGE ( 'NONE', *, *, #2527, .T. ) ;
#9420 = EDGE_LOOP ( 'NONE', ( #2289, #3631, #9902, #9065 ) ) ;
#9421 = CARTESIAN_POINT ( 'NONE',  ( -0.007898523770085786114, 0.6999999999999999556, 0.01769356154345909371 ) ) ;
#9422 = CARTESIAN_POINT ( 'NONE',  ( -0.6868458921911384518, 0.9000000000000000222, -0.1068678419653128070 ) ) ;
#9423 = CARTESIAN_POINT ( 'NONE',  ( 0.6090180148139253680, 0.6999999999999996225, 0.05493172144478357388 ) ) ;
#9424 = AXIS2_PLACEMENT_3D ( 'NONE', #5123, #9885, #6905 ) ;
#9425 = DIRECTION ( 'NONE',  ( 1.000000000000000000, 0.0000000000000000000, 0.0000000000000000000 ) ) ;
#9426 = FILL_AREA_STYLE ('',( #2952 ) ) ;
#9427 = CARTESIAN_POINT ( 'NONE',  ( 0.1610347538093730990, 0.6999999999999999556, -0.001553427828595466782 ) ) ;
#9428 = CARTESIAN_POINT ( 'NONE',  ( 0.7740215145199504931, 0.7000000000000001776, 0.03728399068047649062 ) ) ;
#9429 = EDGE_CURVE ( 'NONE', #2838, #4525, #36, .T. ) ;
#9430 = CARTESIAN_POINT ( 'NONE',  ( 0.5796716840942858218, 0.8999999999999998002, -0.09316699479757109548 ) ) ;
#9431 = VERTEX_POINT ( 'NONE', #9636 ) ;
#9432 = CARTESIAN_POINT ( 'NONE',  ( 0.5402564906465223693, 0.6999999999999998446, 0.006665521304670429283 ) ) ;
#9433 = CARTESIAN_POINT ( 'NONE',  ( -0.5763195764016647571, 0.6999999999999999556, -0.1279204735442601715 ) ) ;
#9434 = CARTESIAN_POINT ( 'NONE',  ( 0.4250834553831968066, 0.6999999999999998446, -0.06369079988392570280 ) ) ;
#9435 = CARTESIAN_POINT ( 'NONE',  ( 0.1763386995959458914, 0.6999999999999998446, -0.2183662028914507836 ) ) ;
#9436 = CARTESIAN_POINT ( 'NONE',  ( -0.6626314313353526275, 0.8999999999999999112, 0.04500252103580738156 ) ) ;
#9437 = VECTOR ( 'NONE', #2729, 1000.000000000000000 ) ;
#9438 =( NAMED_UNIT ( * ) SI_UNIT ( $, .STERADIAN. ) SOLID_ANGLE_UNIT ( ) );
#9439 = VECTOR ( 'NONE', #10094, 1000.000000000000000 ) ;
#9440 = SURFACE_STYLE_FILL_AREA ( #90 ) ;
#9441 = EDGE_LOOP ( 'NONE', ( #3280, #1934, #5432, #5033 ) ) ;
#9442 = VERTEX_POINT ( 'NONE', #5543 ) ;
#9443 = FACE_OUTER_BOUND ( 'NONE', #2312, .T. ) ;
#9444 = ORIENTED_EDGE ( 'NONE', *, *, #2526, .T. ) ;
#9445 = ORIENTED_EDGE ( 'NONE', *, *, #3858, .F. ) ;
#9446 = PRESENTATION_LAYER_ASSIGNMENT (  '', '', ( #2454 ) ) ;
#9447 = EDGE_CURVE ( 'NONE', #7000, #4316, #3951, .T. ) ;
#9448 = CARTESIAN_POINT ( 'NONE',  ( 0.6490800253820763199, 0.9000000000000000222, -0.1390211194366093861 ) ) ;
#9449 = CARTESIAN_POINT ( 'NONE',  ( 0.0000000000000000000, 0.9000000000000000222, 1.250000000000000000 ) ) ;
#9450 = CARTESIAN_POINT ( 'NONE',  ( -0.8393954591227242856, 0.6999999999999998446, -0.06088795598491222177 ) ) ;
#9451 = CARTESIAN_POINT ( 'NONE',  ( 0.8644749971660647958, 0.8999999999999999112, -0.1711135476319333437 ) ) ;
#9452 = DIRECTION ( 'NONE',  ( 1.000000000000000000, 0.0000000000000000000, 0.0000000000000000000 ) ) ;
#9453 = CARTESIAN_POINT ( 'NONE',  ( 0.6845314592901252659, 0.6999999999999997335, -0.1373702312129746750 ) ) ;
#9454 = AXIS2_PLACEMENT_3D ( 'NONE', #2416, #1004, #99 ) ;
#9455 = FACE_OUTER_BOUND ( 'NONE', #9625, .T. ) ;
#9456 = CARTESIAN_POINT ( 'NONE',  ( 0.1464946802931853254, 0.8999999999999998002, -0.03574760698142465110 ) ) ;
#9457 = CARTESIAN_POINT ( 'NONE',  ( 0.7660680666655529381, 0.9000000000000000222, -0.01342908326495968578 ) ) ;
#9458 = CARTESIAN_POINT ( 'NONE',  ( -0.6811637874297523654, 0.7000000000000000666, 0.06813569573696434678 ) ) ;
#9459 = ADVANCED_FACE ( 'NONE', ( #7131 ), #10288, .T. ) ;
#9460 = LINE ( 'NONE', #10130, #8585 ) ;
#9461 = CARTESIAN_POINT ( 'NONE',  ( 0.1104977698891609628, 0.9000000000000002442, -0.2105161205335167318 ) ) ;
#9462 = DIRECTION ( 'NONE',  ( -1.000000000000000000, 0.0000000000000000000, -0.0000000000000000000 ) ) ;
#9463 = CARTESIAN_POINT ( 'NONE',  ( -0.7718940053216010178, 0.7000000000000000666, -0.1677542189441442455 ) ) ;
#9464 = LINE ( 'NONE', #7106, #4832 ) ;
#9465 = ORIENTED_EDGE ( 'NONE', *, *, #7423, .T. ) ;
#9466 = ORIENTED_EDGE ( 'NONE', *, *, #7173, .F. ) ;
#9468 = EDGE_CURVE ( 'NONE', #8377, #1886, #3933, .T. ) ;
#9467 = FILL_AREA_STYLE ('',( #3975 ) ) ;
#9469 = LINE ( 'NONE', #7708, #377 ) ;
#9470 = CARTESIAN_POINT ( 'NONE',  ( 0.8134158620754032842, 0.9000000000000003553, -0.2172497489325814213 ) ) ;
#9471 = SURFACE_SIDE_STYLE ('',( #1965 ) ) ;
#9472 = DIRECTION ( 'NONE',  ( 0.0000000000000000000, 1.000000000000000000, -0.0000000000000000000 ) ) ;
#9473 = CARTESIAN_POINT ( 'NONE',  ( 0.8552325893059548045, 0.7000000000000001776, 0.04940003752621865279 ) ) ;
#9474 = CARTESIAN_POINT ( 'NONE',  ( 0.7299385271918233942, 0.8999999999999998002, 0.01820488221624567970 ) ) ;
#9475 = CARTESIAN_POINT ( 'NONE',  ( 0.5464874411421946077, 0.6999999999999998446, -0.1402011752986460913 ) ) ;
#9476 = VERTEX_POINT ( 'NONE', #6900 ) ;
#9477 = LINE ( 'NONE', #9578, #1838 ) ;
#9478 = AXIS2_PLACEMENT_3D ( 'NONE', #4526, #1422, #2208 ) ;
#9480 = EDGE_CURVE ( 'NONE', #2809, #7234, #6955, .T. ) ;
#9479 = PLANE ( 'NONE',  #9844 ) ;
#9481 = CARTESIAN_POINT ( 'NONE',  ( 0.3978204577434938383, 0.6999999999999998446, -0.07630589500505911837 ) ) ;
#9482 = CARTESIAN_POINT ( 'NONE',  ( 0.1988042118388245738, 0.9000000000000003553, -0.04980644460835309539 ) ) ;
#9483 = CARTESIAN_POINT ( 'NONE',  ( -0.1394774711385069477, 0.6999999999999999556, -0.01213099986004967552 ) ) ;
#9484 = CARTESIAN_POINT ( 'NONE',  ( 0.5699258442799823854, 0.8999999999999999112, -0.09712204233841074952 ) ) ;
#9485 = PRESENTATION_STYLE_ASSIGNMENT (( #3899 ) ) ;
#9486 = DIRECTION ( 'NONE',  ( -1.000000000000000000, 0.0000000000000000000, 0.0000000000000000000 ) ) ;
#9487 = EDGE_LOOP ( 'NONE', ( #2153, #6325, #4618, #8752 ) ) ;
#9488 = CARTESIAN_POINT ( 'NONE',  ( 1.148038759114430318, 0.6999999999999996225, -0.1327611624996081763 ) ) ;
#9489 = CARTESIAN_POINT ( 'NONE',  ( -0.7718940053216010178, 0.9000000000000001332, -0.1677542189441442455 ) ) ;
#9490 = ORIENTED_EDGE ( 'NONE', *, *, #856, .F. ) ;
#9491 = AXIS2_PLACEMENT_3D ( 'NONE', #3303, #6316, #1573 ) ;
#9492 = VERTEX_POINT ( 'NONE', #7005 ) ;
#9493 = CARTESIAN_POINT ( 'NONE',  ( 0.5163122640861576018, 0.8999999999999996891, -0.1185802113258997009 ) ) ;
#9494 = CARTESIAN_POINT ( 'NONE',  ( 0.6333005242870788365, 0.8999999999999999112, -0.1771235173331212609 ) ) ;
#9495 = FILL_AREA_STYLE ('',( #695 ) ) ;
#9496 = CARTESIAN_POINT ( 'NONE',  ( 0.6250000000000000000, -0.1000000000000000056, -1.149999999999999911 ) ) ;
#9497 = CARTESIAN_POINT ( 'NONE',  ( 0.7877345234983726963, 0.6999999999999994005, -0.1769114175854474280 ) ) ;
#9498 = DIRECTION ( 'NONE',  ( 0.0000000000000000000, 0.0000000000000000000, -1.000000000000000000 ) ) ;
#9499 = DIRECTION ( 'NONE',  ( -0.0000000000000000000, 1.000000000000000000, -0.0000000000000000000 ) ) ;
#9500 = CARTESIAN_POINT ( 'NONE',  ( 0.8781860989585432709, 0.7000000000000000666, -0.02403330742360544614 ) ) ;
#9501 = CARTESIAN_POINT ( 'NONE',  ( 0.7975409840548587370, 0.9000000000000001332, -0.04977362794843819688 ) ) ;
#9502 = CARTESIAN_POINT ( 'NONE',  ( 0.07435783961664836628, 0.7000000000000002887, 0.04634159103139534608 ) ) ;
#9503 = CARTESIAN_POINT ( 'NONE',  ( 0.8777715633865335043, 0.6999999999999999556, -0.06865698566720368490 ) ) ;
#9504 = STYLED_ITEM ( 'NONE', ( #10302 ), #8386 ) ;
#9505 = UNCERTAINTY_MEASURE_WITH_UNIT (LENGTH_MEASURE( 1.000000000000000082E-05 ), #1853, 'distance_accuracy_value', 'NONE');
#9506 = CARTESIAN_POINT ( 'NONE',  ( 1.004382177984299851, 0.6999999999999999556, -0.1805520524916285896 ) ) ;
#9507 = CARTESIAN_POINT ( 'NONE',  ( -0.7613454220292419361, 0.8999999999999999112, -0.1769513947865563874 ) ) ;
#9508 = CARTESIAN_POINT ( 'NONE',  ( 0.8664476549941552141, 0.6999999999999998446, -0.07279017902696312270 ) ) ;
#9509 = PLANE ( 'NONE',  #5901 ) ;
#9510 = PLANE ( 'NONE',  #3844 ) ;
#9511 = VECTOR ( 'NONE', #1766, 1000.000000000000000 ) ;
#9512 = ADVANCED_FACE ( 'NONE', ( #7762 ), #2998, .F. ) ;
#9513 = ORIENTED_EDGE ( 'NONE', *, *, #6056, .F. ) ;
#9514 = B_SPLINE_SURFACE_WITH_KNOTS ( 'NONE', 3, 1, ( 
 ( #9348, #5450 ),
 ( #2266, #9448 ),
 ( #3744, #4533 ),
 ( #2156, #7788 ),
 ( #8670, #10269 ),
 ( #9400, #2212 ),
 ( #694, #644 ),
 ( #3798, #7733 ),
 ( #7035, #6980 ),
 ( #3078, #1538 ),
 ( #7895, #3134 ),
 ( #6284, #9494 ),
 ( #6541, #43 ),
 ( #3222, #1061 ),
 ( #6383, #100 ),
 ( #2417, #5744 ),
 ( #5549, #1785 ),
 ( #4001, #9596 ),
 ( #8924, #2464 ),
 ( #8771, #8134 ),
 ( #1682, #2612 ),
 ( #3270, #9690 ),
 ( #2565, #1639 ),
 ( #5591, #3377 ),
 ( #8868, #902 ),
 ( #6436, #8814 ),
 ( #5691, #9549 ),
 ( #8191, #1733 ),
 ( #2515, #8093 ),
 ( #4830, #4110 ),
 ( #951, #7291 ),
 ( #8043, #9642 ),
 ( #8979, #152 ),
 ( #4923, #3321 ) ),
 .UNSPECIFIED., .F., .F., .F.,
 ( 4, 1, 1, 1, 1, 1, 1, 1, 1, 1, 1, 1, 1, 1, 1, 1, 1, 1, 1, 1, 1, 1, 1, 1, 1, 1, 1, 1, 1, 1, 1, 4 ),
 ( 2, 2 ),
 ( 0.4999999999839912501, 0.5006658768179803598, 0.5176992088370960809, 0.5345885246772016375, 0.5504118387734341367, 0.5655495732241394569, 0.5799939736924616396, 0.5941467760718645019, 0.6080609930483465986, 0.6219948703596929196, 0.6361610574130701634, 0.6507360740270519139, 0.6655148265164351207, 0.6808392061421467689, 0.6967686291496256734, 0.7134357983016839100, 0.7309566613366283994, 0.7496362701015553132, 0.7691495266376311424, 0.7885285061174638344, 0.8066461500531909579, 0.8236200373703477240, 0.8395229995239972265, 0.8543017520133804332, 0.8685937316529253049, 0.8822836710319470477, 0.8956466857834164408, 0.9216587849400303956, 0.9472052799627518338, 0.9730378515329665134, 1.000000000000000000, 1.003000000000096037 ),
 ( 0.0000000000000000000, 1.000000000000000000 ),
 .UNSPECIFIED. ) ;
#9515 = EDGE_CURVE ( 'NONE', #3192, #3044, #2342, .T. ) ;
#9516 = ORIENTED_EDGE ( 'NONE', *, *, #2723, .F. ) ;
#9517 = CARTESIAN_POINT ( 'NONE',  ( 0.3251619030596976101, 0.8999999999999999112, 0.01533359062074406490 ) ) ;
#9518 = STYLED_ITEM ( 'NONE', ( #10298 ), #400 ) ;
#9519 = LINE ( 'NONE', #8691, #2067 ) ;
#9520 = COLOUR_RGB ( '',1.000000000000000000, 0.9607843137254902244, 0.4549019607843137192 ) ;
#9521 = CARTESIAN_POINT ( 'NONE',  ( 1.072269338387594084, 0.9000000000000002442, -0.06768559719211952874 ) ) ;
#9522 = CARTESIAN_POINT ( 'NONE',  ( 0.5572274159774927016, 0.7000000000000001776, -0.03972691110536051562 ) ) ;
#9523 = CARTESIAN_POINT ( 'NONE',  ( 0.8219258618143739925, 0.8999999999999999112, -0.2174582174730951556 ) ) ;
#9524 = CARTESIAN_POINT ( 'NONE',  ( 0.4306979674579842210, 0.9000000000000000222, -0.2173941577547864601 ) ) ;
#9525 = PRESENTATION_LAYER_ASSIGNMENT (  '', '', ( #3030 ) ) ;
#9526 = CARTESIAN_POINT ( 'NONE',  ( 0.6096072233020546349, 0.9000000000000000222, -0.09193149816508756900 ) ) ;
#9527 = VECTOR ( 'NONE', #7546, 1000.000000000000000 ) ;
#9528 = CARTESIAN_POINT ( 'NONE',  ( -0.9500037869279804870, 0.6999999999999999556, -0.2138853858249619433 ) ) ;
#9529 = CARTESIAN_POINT ( 'NONE',  ( -0.7617434753162600769, 0.6999999999999999556, 0.05002613301229404813 ) ) ;
#9530 = CARTESIAN_POINT ( 'NONE',  ( 0.3393912489650567910, 0.7000000000000001776, -0.06097710585805881517 ) ) ;
#9531 = AXIS2_PLACEMENT_3D ( 'NONE', #3604, #8577, #7636 ) ;
#9532 = AXIS2_PLACEMENT_3D ( 'NONE', #3319, #5740, #1003 ) ;
#9533 = DIRECTION ( 'NONE',  ( -1.000000000000000000, 0.0000000000000000000, 0.0000000000000000000 ) ) ;
#9534 = CARTESIAN_POINT ( 'NONE',  ( 0.5047419538172717157, 0.9000000000000000222, -0.01213239889768011164 ) ) ;
#9535 = ADVANCED_FACE ( 'NONE', ( #6256 ), #1506, .F. ) ;
#9536 = CARTESIAN_POINT ( 'NONE',  ( 0.1177655490032506191, 0.7000000000000000666, 0.04946576584958733980 ) ) ;
#9537 = CARTESIAN_POINT ( 'NONE',  ( -0.6956905784378641933, 0.9000000000000001332, 0.07871804312170990747 ) ) ;
#9538 = DIRECTION ( 'NONE',  ( -1.000000000000000000, 0.0000000000000000000, 1.141265444721583757E-16 ) ) ;
#9539 = FACE_OUTER_BOUND ( 'NONE', #2661, .T. ) ;
#9540 = PRESENTATION_STYLE_ASSIGNMENT (( #4679 ) ) ;
#9541 = ORIENTED_EDGE ( 'NONE', *, *, #3458, .F. ) ;
#9542 = EDGE_LOOP ( 'NONE', ( #9110, #642, #2969, #6523 ) ) ;
#9543 = CARTESIAN_POINT ( 'NONE',  ( 1.142328508591367475, 0.9000000000000000222, -0.1603902108740020982 ) ) ;
#9544 = PLANE ( 'NONE',  #492 ) ;
#9545 =( GEOMETRIC_REPRESENTATION_CONTEXT ( 3 ) GLOBAL_UNCERTAINTY_ASSIGNED_CONTEXT ( ( #3025 ) ) GLOBAL_UNIT_ASSIGNED_CONTEXT ( ( #1905, #1189, #9775 ) ) REPRESENTATION_CONTEXT ( 'NONE', 'WORKASPACE' ) );
#9546 = EDGE_LOOP ( 'NONE', ( #7412, #1889, #8503, #1090 ) ) ;
#9547 = ADVANCED_FACE ( 'NONE', ( #4560 ), #7214, .T. ) ;
#9548 = ORIENTED_EDGE ( 'NONE', *, *, #1139, .F. ) ;
#9549 = CARTESIAN_POINT ( 'NONE',  ( 0.5598310118171532235, 0.8999999999999999112, -0.1740799189414415638 ) ) ;
#9550 = LINE ( 'NONE', #3137, #9576 ) ;
#9551 = CARTESIAN_POINT ( 'NONE',  ( 0.8711637606585114213, 0.9000000000000001332, -0.1593970091212280893 ) ) ;
#9552 = LINE ( 'NONE', #1688, #10196 ) ;
#9553 = CARTESIAN_POINT ( 'NONE',  ( 0.3691423576480065694, 0.9000000000000001332, 0.05628700181967688509 ) ) ;
#9554 = CARTESIAN_POINT ( 'NONE',  ( 0.8828697424205396160, 0.6999999999999998446, 0.004079684918803173389 ) ) ;
#9555 = CARTESIAN_POINT ( 'NONE',  ( 0.8295398396310783573, 0.8999999999999999112, -0.05448074153678757192 ) ) ;
#9556 = ADVANCED_FACE ( 'NONE', ( #983 ), #6516, .F. ) ;
#9557 = CARTESIAN_POINT ( 'NONE',  ( 0.8664963905629339269, 0.6999999999999998446, 0.08374278087073167010 ) ) ;
#9558 = STYLED_ITEM ( 'NONE', ( #1225 ), #1877 ) ;
#9559 =( NAMED_UNIT ( * ) PLANE_ANGLE_UNIT ( ) SI_UNIT ( $, .RADIAN. ) );
#9560 = CARTESIAN_POINT ( 'NONE',  ( -0.7554714747521731333, 0.9000000000000003553, -0.1800916313610576858 ) ) ;
#9561 = DIRECTION ( 'NONE',  ( 1.000000000000000000, 0.0000000000000000000, 0.0000000000000000000 ) ) ;
#9562 = SURFACE_STYLE_FILL_AREA ( #821 ) ;
#9563 = COLOUR_RGB ( '',1.000000000000000000, 0.9607843137254902244, 0.4549019607843137192 ) ;
#9564 =( NAMED_UNIT ( * ) PLANE_ANGLE_UNIT ( ) SI_UNIT ( $, .RADIAN. ) );
#9565 = LINE ( 'NONE', #2231, #6645 ) ;
#9566 = ORIENTED_EDGE ( 'NONE', *, *, #8172, .F. ) ;
#9567 = ORIENTED_EDGE ( 'NONE', *, *, #8388, .T. ) ;
#9568 = DIRECTION ( 'NONE',  ( 2.602085213965210642E-16, 0.0000000000000000000, 1.000000000000000000 ) ) ;
#9569 = ADVANCED_FACE ( 'NONE', ( #4027 ), #8730, .T. ) ;
#9570 = FACE_OUTER_BOUND ( 'NONE', #7912, .T. ) ;
#9571 = CARTESIAN_POINT ( 'NONE',  ( 0.6494708754593885303, 0.9000000000000002442, 0.03284460783609334522 ) ) ;
#9572 = SURFACE_STYLE_FILL_AREA ( #3243 ) ;
#9573 = CARTESIAN_POINT ( 'NONE',  ( 0.6465789775286924224, 0.6999999999999997335, -0.07134463974378829620 ) ) ;
#9574 = CARTESIAN_POINT ( 'NONE',  ( 0.8771460551714559406, 0.6999999999999997335, 0.02670807625952663356 ) ) ;
#9575 = CARTESIAN_POINT ( 'NONE',  ( -0.9500037869279804870, 0.9000000000000000222, 0.08611461417503804561 ) ) ;
#9576 = VECTOR ( 'NONE', #4689, 1000.000000000000000 ) ;
#9577 = CARTESIAN_POINT ( 'NONE',  ( 0.2854218324601169865, 0.6999999999999999556, -0.02232033645037829681 ) ) ;
#9578 = CARTESIAN_POINT ( 'NONE',  ( -0.1763195764016647626, 0.6999999999999999556, -0.01213099986004967552 ) ) ;
#9579 = PLANE ( 'NONE',  #4187 ) ;
#9580 = PLANE ( 'NONE',  #9748 ) ;
#9581 = PLANE ( 'NONE',  #1547 ) ;
#9582 = CARTESIAN_POINT ( 'NONE',  ( -0.1973722079806121410, 0.6999999999999999556, -0.08230643845654088409 ) ) ;
#9584 = EDGE_CURVE ( 'NONE', #5542, #653, #4290, .T. ) ;
#9583 = CARTESIAN_POINT ( 'NONE',  ( -0.7175458184478218371, 0.9000000000000000222, -0.2157417184617632655 ) ) ;
#9585 = CARTESIAN_POINT ( 'NONE',  ( 0.6036205530129471475, 0.9000000000000002442, -0.09125856083493658066 ) ) ;
#9586 = LINE ( 'NONE', #9631, #2431 ) ;
#9587 =( NAMED_UNIT ( * ) PLANE_ANGLE_UNIT ( ) SI_UNIT ( $, .RADIAN. ) );
#9588 = ADVANCED_FACE ( 'NONE', ( #1239 ), #3554, .F. ) ;
#9589 = CARTESIAN_POINT ( 'NONE',  ( 0.05819062696804545853, 0.6999999999999999556, -0.1434641620304624166 ) ) ;
#9590 = ORIENTED_EDGE ( 'NONE', *, *, #10157, .F. ) ;
#9591 = CARTESIAN_POINT ( 'NONE',  ( 1.065751448440389604, 0.9000000000000000222, -0.2136795861618302483 ) ) ;
#9592 = CARTESIAN_POINT ( 'NONE',  ( -0.7554714747521731333, 0.9000000000000003553, -0.1800916313610576858 ) ) ;
#9593 = ORIENTED_EDGE ( 'NONE', *, *, #10013, .T. ) ;
#9594 = ORIENTED_EDGE ( 'NONE', *, *, #1139, .T. ) ;
#9595 = CARTESIAN_POINT ( 'NONE',  ( 0.5438200315189058998, 0.9000000000000000222, -0.2020494904226868005 ) ) ;
#9596 = CARTESIAN_POINT ( 'NONE',  ( 0.6049135189939582880, 0.8999999999999999112, -0.1860197224330941979 ) ) ;
#9597 = COLOUR_RGB ( '',0.3764705882352941124, 0.3764705882352941124, 0.3764705882352941124 ) ;
#9598 = CARTESIAN_POINT ( 'NONE',  ( -0.8356089085170917974, 0.6999999999999998446, -0.1098068910882243204 ) ) ;
#9599 = CARTESIAN_POINT ( 'NONE',  ( 0.8736414288908482817, 0.8999999999999999112, -0.1390211194366093306 ) ) ;
#9600 = ADVANCED_FACE ( 'NONE', ( #9061 ), #5109, .T. ) ;
#9601 = CARTESIAN_POINT ( 'NONE',  ( 1.117377038878767381, 0.9000000000000003553, -0.05005252657999914589 ) ) ;
#9602 = EDGE_LOOP ( 'NONE', ( #10092, #516, #5685, #8351 ) ) ;
#9603 = CARTESIAN_POINT ( 'NONE',  ( 0.7817888194862648854, 0.6999999999999999556, -0.03972691110536059889 ) ) ;
#9604 = DIRECTION ( 'NONE',  ( 1.000000000000000000, 0.0000000000000000000, 0.0000000000000000000 ) ) ;
#9605 = PLANE ( 'NONE',  #221 ) ;
#9606 = CARTESIAN_POINT ( 'NONE',  ( -0.7382496262408435594, 0.9000000000000000222, -0.1839757120443637761 ) ) ;
#9607 = CARTESIAN_POINT ( 'NONE',  ( 0.7735015762183455879, 0.6999999999999999556, -0.1566810548650774126 ) ) ;
#9608 = ADVANCED_FACE ( 'NONE', ( #5059 ), #8216, .T. ) ;
#9609 = CARTESIAN_POINT ( 'NONE',  ( 0.6183231120615885201, 0.8999999999999999112, 0.05337681071196361676 ) ) ;
#9610 = CARTESIAN_POINT ( 'NONE',  ( -0.8322599970489269472, 0.6999999999999999556, 0.01063007290813040850 ) ) ;
#9611 = EDGE_LOOP ( 'NONE', ( #10294, #6315, #7730, #7475 ) ) ;
#9612 = CARTESIAN_POINT ( 'NONE',  ( 1.004382177984299851, 0.6999999999999999556, -0.1805520524916285896 ) ) ;
#9613 = VERTEX_POINT ( 'NONE', #9925 ) ;
#9614 = PLANE ( 'NONE',  #9282 ) ;
#9615 = AXIS2_PLACEMENT_3D ( 'NONE', #8412, #7630, #9763 ) ;
#9616 = PLANE ( 'NONE',  #6877 ) ;
#9617 = FILL_AREA_STYLE ('',( #8017 ) ) ;
#9618 = CARTESIAN_POINT ( 'NONE',  ( 0.6049784361223067286, 0.6999999999999999556, -0.05448074153678759274 ) ) ;
#9619 = DIRECTION ( 'NONE',  ( 0.0000000000000000000, 0.0000000000000000000, -1.000000000000000000 ) ) ;
#9620 = CARTESIAN_POINT ( 'NONE',  ( 0.5392802413555848329, 0.6999999999999999556, 0.07591974514482885406 ) ) ;
#9621 = DIRECTION ( 'NONE',  ( -0.0000000000000000000, 1.000000000000000000, -0.0000000000000000000 ) ) ;
#9622 = DIRECTION ( 'NONE',  ( -0.0000000000000000000, 1.000000000000000000, -0.0000000000000000000 ) ) ;
#9623 = CARTESIAN_POINT ( 'NONE',  ( 0.7289847299233008782, 0.8999999999999999112, 0.001819326693621051887 ) ) ;
#9624 = EDGE_CURVE ( 'NONE', #8398, #2075, #190, .T. ) ;
#9625 = EDGE_LOOP ( 'NONE', ( #9001, #7991, #5105, #8975 ) ) ;
#9626 = CARTESIAN_POINT ( 'NONE',  ( 0.7432036885462082187, 0.6999999999999996225, -0.1102361141146203510 ) ) ;
#9627 = CARTESIAN_POINT ( 'NONE',  ( 0.3356249867591294400, 0.6999999999999996225, -0.05612623999648148898 ) ) ;
#9628 = CARTESIAN_POINT ( 'NONE',  ( 0.3216468741066093595, 0.6999999999999999556, -0.004524623233763256334 ) ) ;
#9629 = CARTESIAN_POINT ( 'NONE',  ( -0.007898523770085786114, 0.9000000000000000222, 0.08436022821012574557 ) ) ;
#9630 = DIRECTION ( 'NONE',  ( 0.0000000000000000000, 1.000000000000000000, 0.0000000000000000000 ) ) ;
#9631 = CARTESIAN_POINT ( 'NONE',  ( -1.399999999999999689, 0.0000000000000000000, 0.0000000000000000000 ) ) ;
#9632 = PLANE ( 'NONE',  #345 ) ;
#9633 = DIRECTION ( 'NONE',  ( -0.0000000000000000000, 1.000000000000000000, -0.0000000000000000000 ) ) ;
#9634 = ORIENTED_EDGE ( 'NONE', *, *, #3927, .F. ) ;
#9635 = B_SPLINE_SURFACE_WITH_KNOTS ( 'NONE', 3, 1, ( 
 ( #10009, #9344 ),
 ( #10164, #3848 ),
 ( #6119, #7727 ),
 ( #5284, #3072 ),
 ( #6068, #7670 ),
 ( #6224, #4422 ),
 ( #2971, #531 ),
 ( #7785, #2095 ),
 ( #472, #5338 ),
 ( #6177, #8400 ),
 ( #7618, #3633 ),
 ( #9395, #3684 ),
 ( #6803, #2260 ),
 ( #9292, #2863 ),
 ( #6018, #10066 ) ),
 .UNSPECIFIED., .F., .F., .F.,
 ( 4, 1, 1, 1, 1, 1, 1, 1, 1, 1, 1, 1, 4 ),
 ( 2, 2 ),
 ( 0.0000000000000000000, 0.1145105498247862841, 0.2302031866621342682, 0.3471693992089875946, 0.4688404420012889928, 0.5311804737393308606, 0.5938148586756544223, 0.6568022517791173298, 0.7215569478898301581, 0.7875450307650618820, 0.8561245034591682401, 0.9266314737662006973, 1.000000000000000000 ),
 ( 0.0000000000000000000, 1.000000000000000000 ),
 .UNSPECIFIED. ) ;
#9636 = CARTESIAN_POINT ( 'NONE',  ( 0.9249999999999998224, 0.0000000000000000000, 0.3750000000000001665 ) ) ;
#9637 = CARTESIAN_POINT ( 'NONE',  ( -0.7972370714693115534, 0.9000000000000002442, -0.07384656671748142387 ) ) ;
#9638 = EDGE_CURVE ( 'NONE', #7415, #1740, #6244, .T. ) ;
#9639 = ORIENTED_EDGE ( 'NONE', *, *, #5967, .T. ) ;
#9640 = CARTESIAN_POINT ( 'NONE',  ( 0.6394698972825457739, 0.8999999999999999112, -0.07353450863197949494 ) ) ;
#9641 = MECHANICAL_DESIGN_GEOMETRIC_PRESENTATION_REPRESENTATION (  '', ( #8311 ), #3807 ) ;
#9642 = CARTESIAN_POINT ( 'NONE',  ( 0.5464441826965322768, 0.8999999999999999112, -0.1427336692305481713 ) ) ;
#9643 = LINE ( 'NONE', #7138, #4219 ) ;
#9644 = CARTESIAN_POINT ( 'NONE',  ( 0.6569555937960128711, 0.8999999999999999112, 0.07645579815884674668 ) ) ;
#9645 = CARTESIAN_POINT ( 'NONE',  ( 0.3570137569316683690, 0.9000000000000000222, -0.1016046840705759624 ) ) ;
#9646 = LINE ( 'NONE', #2520, #8922 ) ;
#9647 = CARTESIAN_POINT ( 'NONE',  ( 0.7915878123509909603, 0.7000000000000001776, -0.1792856095216537604 ) ) ;
#9648 = COLOUR_RGB ( '',0.3764705882352941124, 0.3764705882352941124, 0.3764705882352941124 ) ;
#9649 = ORIENTED_EDGE ( 'NONE', *, *, #2826, .T. ) ;
#9650 = CARTESIAN_POINT ( 'NONE',  ( 0.7713449940857859399, 0.9000000000000001332, -0.02701382103186776573 ) ) ;
#9651 = ORIENTED_EDGE ( 'NONE', *, *, #995, .T. ) ;
#9652 = CARTESIAN_POINT ( 'NONE',  ( 0.7905233848715264022, 0.7000000000000000666, 0.08638838197276381414 ) ) ;
#9653 = ADVANCED_FACE ( 'NONE', ( #2988 ), #6198, .T. ) ;
#9654 = AXIS2_PLACEMENT_3D ( 'NONE', #2892, #6047, #2841 ) ;
#9655 = FACE_BOUND ( 'NONE', #10067, .T. ) ;
#9656 = CARTESIAN_POINT ( 'NONE',  ( -0.9249999999999998224, -0.1000000000000000056, -0.0000000000000000000 ) ) ;
#9657 = CARTESIAN_POINT ( 'NONE',  ( 0.7843924153259251852, 0.7000000000000000666, -0.1740799189414416470 ) ) ;
#9658 = CARTESIAN_POINT ( 'NONE',  ( 0.8944283462434059473, 0.6999999999999999556, -0.05887469734024926293 ) ) ;
#9659 = DIRECTION ( 'NONE',  ( 0.0000000000000000000, 0.0000000000000000000, 1.000000000000000000 ) ) ;
#9660 = VERTEX_POINT ( 'NONE', #6944 ) ;
#9661 = DIRECTION ( 'NONE',  ( 0.0000000000000000000, 0.0000000000000000000, -1.000000000000000000 ) ) ;
#9662 = B_SPLINE_CURVE_WITH_KNOTS ( 'NONE', 3,
 ( #6104, #459, #6054, #9327, #8544, #3618, #5174, #6157, #4615, #9225, #3569, #10100, #7767, #2902, #514, #3669, #9994, #6002, #622, #6961, #569, #6906, #3779, #10147, #9380, #3004, #5373, #6848, #1461, #7653, #8595, #6738, #8437, #2083, #9944, #2794, #4457, #9277, #5225, #1303, #8021, #7064, #786, #9474, #6211, #9623, #2301 ),
 .UNSPECIFIED., .F., .F.,
 ( 4, 1, 1, 1, 1, 1, 1, 1, 1, 1, 1, 1, 1, 1, 1, 1, 1, 1, 1, 1, 1, 1, 1, 1, 1, 1, 1, 1, 1, 1, 1, 1, 1, 1, 1, 1, 1, 1, 1, 1, 1, 1, 1, 1, 4 ),
 ( 0.0000000000000000000, 0.01896963721235623776, 0.03684034007680427741, 0.05363541345938676458, 0.06980683320512164058, 0.08505734143589162299, 0.09981558289693188979, 0.1140766110101990305, 0.1280247482881379240, 0.1557509365080442243, 0.1840838181307573040, 0.2138929585622945106, 0.2456524615522124588, 0.2768913951580697086, 0.3050798050033766140, 0.3305895681386532003, 0.3537127953842154615, 0.3750944523677424147, 0.3955313776239966495, 0.4147501343343142355, 0.4330879330758814483, 0.4512556153326141573, 0.4701155783352346518, 0.4901996834268588787, 0.5117585802951779561, 0.5348497856468031886, 0.5603243028311363227, 0.5881142765529854266, 0.6186914418350499822, 0.6494310865559865809, 0.6780294787034569781, 0.7047831093159805382, 0.7299050770518324960, 0.7536329646167441165, 0.7763247418582144288, 0.7984624024834477973, 0.8202244335740105363, 0.8416493045756042735, 0.8626147261795269472, 0.8834080170508172847, 0.9046905696445970424, 0.9268192755088797696, 0.9499933036506392758, 0.9743070173556438451, 1.000000000000000000 ),
 .UNSPECIFIED. ) ;
#9663 = VECTOR ( 'NONE', #3912, 1000.000000000000000 ) ;
#9664 = CARTESIAN_POINT ( 'NONE',  ( 1.052237288733257170, 0.6999999999999999556, -0.06486694466332283693 ) ) ;
#9665 = CARTESIAN_POINT ( 'NONE',  ( 0.6583083389117677653, 0.6999999999999999556, 0.004079684918803130021 ) ) ;
#9666 = VECTOR ( 'NONE', #6117, 1000.000000000000000 ) ;
#9667 = LINE ( 'NONE', #5669, #8209 ) ;
#9668 = CARTESIAN_POINT ( 'NONE',  ( 0.6872855566632793956, 0.7000000000000001776, -0.03668224964565072743 ) ) ;
#9669 = SURFACE_STYLE_FILL_AREA ( #8841 ) ;
#9670 = CARTESIAN_POINT ( 'NONE',  ( 0.4403876918760531445, 0.6999999999999998446, 0.07397216522413449513 ) ) ;
#9671 = ORIENTED_EDGE ( 'NONE', *, *, #553, .T. ) ;
#9672 = ORIENTED_EDGE ( 'NONE', *, *, #5730, .T. ) ;
#9673 = DIRECTION ( 'NONE',  ( -0.0000000000000000000, 1.000000000000000000, -0.0000000000000000000 ) ) ;
#9674 = CARTESIAN_POINT ( 'NONE',  ( 0.6465905686469072267, 0.6999999999999995115, 0.03704231484631612115 ) ) ;
#9675 =( GEOMETRIC_REPRESENTATION_CONTEXT ( 3 ) GLOBAL_UNCERTAINTY_ASSIGNED_CONTEXT ( ( #5180 ) ) GLOBAL_UNIT_ASSIGNED_CONTEXT ( ( #6924, #3545, #6654 ) ) REPRESENTATION_CONTEXT ( 'NONE', 'WORKASPACE' ) );
#9676 = CARTESIAN_POINT ( 'NONE',  ( 0.3224800264620938384, 0.6999999999999998446, 0.003715066218319647458 ) ) ;
#9677 = CARTESIAN_POINT ( 'NONE',  ( 0.3323831476044441513, 0.6999999999999999556, 0.03081122185197218352 ) ) ;
#9678 =( GEOMETRIC_REPRESENTATION_CONTEXT ( 3 ) GLOBAL_UNCERTAINTY_ASSIGNED_CONTEXT ( ( #761 ) ) GLOBAL_UNIT_ASSIGNED_CONTEXT ( ( #7544, #349, #3509 ) ) REPRESENTATION_CONTEXT ( 'NONE', 'WORKASPACE' ) );
#9679 = FACE_OUTER_BOUND ( 'NONE', #6752, .T. ) ;
#9680 = CARTESIAN_POINT ( 'NONE',  ( 0.6368646022958032171, 0.8999999999999998002, -0.1743505195400708030 ) ) ;
#9681 = CARTESIAN_POINT ( 'NONE',  ( 0.7710488446509666804, 0.9000000000000000222, -0.1402011752986461468 ) ) ;
#9682 = CARTESIAN_POINT ( 'NONE',  ( 0.7422509301937817439, 0.7000000000000002887, -0.04779836126451674633 ) ) ;
#9683 = CARTESIAN_POINT ( 'NONE',  ( 1.101911333951356431, 0.9000000000000000222, -0.1560625776180253887 ) ) ;
#9684 = EDGE_LOOP ( 'NONE', ( #5908, #4796, #639, #8906 ) ) ;
#9685 = ORIENTED_EDGE ( 'NONE', *, *, #3109, .T. ) ;
#9686 = CARTESIAN_POINT ( 'NONE',  ( -0.7973722079806121465, 0.9000000000000001332, -0.05774503494776896811 ) ) ;
#9687 = ORIENTED_EDGE ( 'NONE', *, *, #7898, .F. ) ;
#9688 = AXIS2_PLACEMENT_3D ( 'NONE', #416, #9129, #7557 ) ;
#9689 = CARTESIAN_POINT ( 'NONE',  ( 0.6807402726685816141, 0.9000000000000001332, -0.1173389452988362058 ) ) ;
#9690 = CARTESIAN_POINT ( 'NONE',  ( 0.5812854540637113487, 0.8999999999999996891, -0.1843623592287816360 ) ) ;
#9691 = CARTESIAN_POINT ( 'NONE',  ( -0.7377230851735946393, 0.7000000000000000666, 0.08962338610486260404 ) ) ;
#9692 = CARTESIAN_POINT ( 'NONE',  ( 0.5659619813627544405, 0.9000000000000001332, 0.08638838197276381414 ) ) ;
#9693 = CARTESIAN_POINT ( 'NONE',  ( 0.4391132985100754671, 0.7000000000000002887, -0.09421090330695937320 ) ) ;
#9694 = CARTESIAN_POINT ( 'NONE',  ( 0.6049784361223067286, 0.6999999999999999556, -0.05448074153678759274 ) ) ;
#9695 = CARTESIAN_POINT ( 'NONE',  ( 0.8824698094170593254, 0.9000000000000000222, 0.007297907905921148172 ) ) ;
#9696 = ADVANCED_FACE ( 'NONE', ( #8473, #7752 ), #1493, .T. ) ;
#9697 = DIRECTION ( 'NONE',  ( 0.0000000000000000000, 1.000000000000000000, -0.0000000000000000000 ) ) ;
#9698 = STYLED_ITEM ( 'NONE', ( #782 ), #1258 ) ;
#9699 = CARTESIAN_POINT ( 'NONE',  ( 0.7289435814930720348, 0.7000000000000000666, -0.001604684070575989382 ) ) ;
#9700 = EDGE_LOOP ( 'NONE', ( #10078, #9314, #6938, #8089 ) ) ;
#9701 = CARTESIAN_POINT ( 'NONE',  ( -0.1250000000000000000, -0.1000000000000000056, -0.6700000000000000400 ) ) ;
#9702 = CARTESIAN_POINT ( 'NONE',  ( 0.0000000000000000000, -0.1000000000000000056, -0.6699999999999965983 ) ) ;
#9703 = FACE_BOUND ( 'NONE', #2689, .T. ) ;
#9704 = CARTESIAN_POINT ( 'NONE',  ( -0.6481862572434217151, 0.9000000000000001332, -0.1111358016984619612 ) ) ;
#9705 = CARTESIAN_POINT ( 'NONE',  ( 0.7710284655370116536, 0.7000000000000001776, -0.1430510563655854883 ) ) ;
#9706 = CARTESIAN_POINT ( 'NONE',  ( 0.1234618661766542225, 0.9000000000000001332, -0.2156198609445330872 ) ) ;
#9707 = CARTESIAN_POINT ( 'NONE',  ( -0.6955324622497665032, 0.9000000000000001332, 0.02634208363348077703 ) ) ;
#9708 = CARTESIAN_POINT ( 'NONE',  ( 0.8757647944194629774, 0.7000000000000000666, -0.2040689775846446508 ) ) ;
#9709 = FILL_AREA_STYLE ('',( #3394 ) ) ;
#9710 = CARTESIAN_POINT ( 'NONE',  ( 0.6911475674389176982, 0.8999999999999998002, -0.02585869272510711234 ) ) ;
#9711 = CARTESIAN_POINT ( 'NONE',  ( -0.7857488084596150335, 0.9000000000000001332, 0.07641800433812752369 ) ) ;
#9712 = VECTOR ( 'NONE', #7317, 1000.000000000000000 ) ;
#9713 = VERTEX_POINT ( 'NONE', #3092 ) ;
#9714 = EDGE_LOOP ( 'NONE', ( #9066, #8612, #2595, #635 ) ) ;
#9715 = LINE ( 'NONE', #7112, #3705 ) ;
#9716 = AXIS2_PLACEMENT_3D ( 'NONE', #5756, #4936, #1119 ) ;
#9717 = CARTESIAN_POINT ( 'NONE',  ( 0.6465905686469072267, 0.8999999999999994671, 0.03704231484631612115 ) ) ;
#9718 = CARTESIAN_POINT ( 'NONE',  ( 0.1303461358613301480, 0.9000000000000002442, -0.2172761580456998021 ) ) ;
#9719 = CARTESIAN_POINT ( 'NONE',  ( -0.9903546641209628465, 0.6999999999999999556, 0.08611461417503804561 ) ) ;
#9720 = SURFACE_SIDE_STYLE ('',( #1763 ) ) ;
#9721 = LINE ( 'NONE', #9575, #7272 ) ;
#9722 = CARTESIAN_POINT ( 'NONE',  ( 0.4628611435016491971, 0.6999999999999998446, 0.05019291657127546852 ) ) ;
#9723 =( GEOMETRIC_REPRESENTATION_CONTEXT ( 3 ) GLOBAL_UNCERTAINTY_ASSIGNED_CONTEXT ( ( #426 ) ) GLOBAL_UNIT_ASSIGNED_CONTEXT ( ( #2542, #5665, #4900 ) ) REPRESENTATION_CONTEXT ( 'NONE', 'WORKASPACE' ) );
#9724 = ORIENTED_EDGE ( 'NONE', *, *, #5038, .T. ) ;
#9725 = ORIENTED_EDGE ( 'NONE', *, *, #4616, .F. ) ;
#9726 = PRESENTATION_STYLE_ASSIGNMENT (( #1144 ) ) ;
#9727 = LINE ( 'NONE', #5729, #2870 ) ;
#9728 = FILL_AREA_STYLE ('',( #4631 ) ) ;
#9729 = LINE ( 'NONE', #5297, #7716 ) ;
#9730 = CARTESIAN_POINT ( 'NONE',  ( 0.3393912489650567910, 0.7000000000000001776, -0.06097710585805881517 ) ) ;
#9731 = CARTESIAN_POINT ( 'NONE',  ( -0.6718040763311345920, 0.6999999999999999556, -0.1884813693525110301 ) ) ;
#9732 = DIRECTION ( 'NONE',  ( -1.000000000000000000, 0.0000000000000000000, 0.0000000000000000000 ) ) ;
#9733 = CARTESIAN_POINT ( 'NONE',  ( 0.7571018093037040764, 0.6999999999999998446, -0.08778995276134027304 ) ) ;
#9734 = CARTESIAN_POINT ( 'NONE',  ( 1.095964756694027598, 0.9000000000000000222, -0.08035614617418260219 ) ) ;
#9735 = EDGE_CURVE ( 'NONE', #5713, #9713, #6888, .T. ) ;
#9736 = VERTEX_POINT ( 'NONE', #606 ) ;
#9737 = ORIENTED_EDGE ( 'NONE', *, *, #9784, .F. ) ;
#9738 = CARTESIAN_POINT ( 'NONE',  ( 0.1835321423746523184, 0.9000000000000001332, -0.2165816722341075973 ) ) ;
#9739 = CARTESIAN_POINT ( 'NONE',  ( 0.06403130079131762187, 0.6999999999999999556, 0.08436022821012574557 ) ) ;
#9740 = VECTOR ( 'NONE', #44, 1000.000000000000000 ) ;
#9741 = CARTESIAN_POINT ( 'NONE',  ( 0.5164626040975222043, 0.9000000000000003553, -0.1626029412461153512 ) ) ;
#9742 = FACE_OUTER_BOUND ( 'NONE', #2115, .T. ) ;
#9743 = CARTESIAN_POINT ( 'NONE',  ( -0.6467199738113323937, 0.6999999999999999556, -0.02783023601023961249 ) ) ;
#9744 = CARTESIAN_POINT ( 'NONE',  ( 0.3608575004915505202, 0.7000000000000000666, -0.1025466908020650630 ) ) ;
#9745 = CARTESIAN_POINT ( 'NONE',  ( -0.7470010183579628427, 0.9000000000000003553, -0.2170190219515263919 ) ) ;
#9746 = CARTESIAN_POINT ( 'NONE',  ( 0.7710639783091625121, 0.8999999999999999112, 0.03220283864309932131 ) ) ;
#9747 = VECTOR ( 'NONE', #7166, 1000.000000000000000 ) ;
#9748 = AXIS2_PLACEMENT_3D ( 'NONE', #186, #3253, #4864 ) ;
#9749 = ORIENTED_EDGE ( 'NONE', *, *, #1590, .T. ) ;
#9750 = VERTEX_POINT ( 'NONE', #10033 ) ;
#9751 = CARTESIAN_POINT ( 'NONE',  ( 0.8245032806308049134, 0.7000000000000000666, 0.08973780313695599309 ) ) ;
#9752 = EDGE_CURVE ( 'NONE', #9279, #7463, #9364, .T. ) ;
#9753 = PRESENTATION_LAYER_ASSIGNMENT (  '', '', ( #2607 ) ) ;
#9754 = CARTESIAN_POINT ( 'NONE',  ( 4.279745417705937550E-17, -0.1000000000000000056, -0.3749999999999998335 ) ) ;
#9755 = FACE_BOUND ( 'NONE', #10115, .T. ) ;
#9756 = SURFACE_STYLE_FILL_AREA ( #5808 ) ;
#9757 = DIRECTION ( 'NONE',  ( 1.000000000000000000, -0.0000000000000000000, 0.0000000000000000000 ) ) ;
#9758 = CARTESIAN_POINT ( 'NONE',  ( 0.9142376350144473252, 0.9000000000000002442, 0.03168865755623486574 ) ) ;
#9759 = CARTESIAN_POINT ( 'NONE',  ( -0.6906563324839196660, 0.9000000000000003553, 0.01061262273564836205 ) ) ;
#9760 = CARTESIAN_POINT ( 'NONE',  ( 0.9095504979338548956, 0.9000000000000003553, -0.1436387183427900449 ) ) ;
#9761 = VECTOR ( 'NONE', #6199, 1000.000000000000000 ) ;
#9762 = FACE_OUTER_BOUND ( 'NONE', #9866, .T. ) ;
#9763 = DIRECTION ( 'NONE',  ( 0.0000000000000000000, 0.0000000000000000000, 1.000000000000000000 ) ) ;
#9764 = CARTESIAN_POINT ( 'NONE',  ( -0.8377966848651688947, 0.9000000000000000222, -0.01945797295351580150 ) ) ;
#9765 = EDGE_LOOP ( 'NONE', ( #7945, #7185, #1168, #9303 ) ) ;
#9766 = CARTESIAN_POINT ( 'NONE',  ( -0.9249999999999998224, -0.1000000000000000056, -0.8749999999999996669 ) ) ;
#9767 = VERTEX_POINT ( 'NONE', #10087 ) ;
#9768 = CARTESIAN_POINT ( 'NONE',  ( 0.2412242832474579823, 0.9000000000000000222, 0.05278128084170470580 ) ) ;
#9769 = ADVANCED_FACE ( 'NONE', ( #8632 ), #660, .F. ) ;
#9770 = ADVANCED_FACE ( 'NONE', ( #2333 ), #5463, .T. ) ;
#9771 = MECHANICAL_DESIGN_GEOMETRIC_PRESENTATION_REPRESENTATION (  '', ( #8119 ), #972 ) ;
#9772 = DIRECTION ( 'NONE',  ( -1.000000000000000000, 0.0000000000000000000, 0.0000000000000000000 ) ) ;
#9773 = SURFACE_STYLE_USAGE ( .BOTH. , #6662 ) ;
#9774 =( NAMED_UNIT ( * ) PLANE_ANGLE_UNIT ( ) SI_UNIT ( $, .RADIAN. ) );
#9775 =( NAMED_UNIT ( * ) SI_UNIT ( $, .STERADIAN. ) SOLID_ANGLE_UNIT ( ) );
#9776 = CARTESIAN_POINT ( 'NONE',  ( 0.6394698972825457739, 0.6999999999999999556, -0.07353450863197949494 ) ) ;
#9777 = LINE ( 'NONE', #2685, #4745 ) ;
#9778 = CARTESIAN_POINT ( 'NONE',  ( 1.148241827107107094, 0.6999999999999999556, -0.1226573156495233408 ) ) ;
#9779 = CARTESIAN_POINT ( 'NONE',  ( 0.4746388461028622774, 0.6999999999999997335, -0.05186554478298441989 ) ) ;
#9780 = VECTOR ( 'NONE', #2738, 1000.000000000000000 ) ;
#9781 = ORIENTED_EDGE ( 'NONE', *, *, #8959, .T. ) ;
#9782 = CARTESIAN_POINT ( 'NONE',  ( 0.3570137569316683690, 0.6999999999999999556, -0.1016046840705759624 ) ) ;
#9783 = FILL_AREA_STYLE ('',( #3252 ) ) ;
#9784 = EDGE_CURVE ( 'NONE', #7287, #7209, #10281, .T. ) ;
#9785 = CARTESIAN_POINT ( 'NONE',  ( -0.6531010152838210292, 0.9000000000000000222, -0.1534711790645527096 ) ) ;
#9786 = FACE_OUTER_BOUND ( 'NONE', #7591, .T. ) ;
#9787 = CARTESIAN_POINT ( 'NONE',  ( 1.083184008332271020, 0.9000000000000001332, -0.07151266338818984547 ) ) ;
#9788 = CARTESIAN_POINT ( 'NONE',  ( 0.1104977698891609628, 0.7000000000000001776, -0.2105161205335167318 ) ) ;
#9789 = VERTEX_POINT ( 'NONE', #3381 ) ;
#9790 = CARTESIAN_POINT ( 'NONE',  ( 0.2317210592621934406, 0.9000000000000002442, -0.1084962546817011680 ) ) ;
#9791 = ORIENTED_EDGE ( 'NONE', *, *, #3067, .T. ) ;
#9792 = CARTESIAN_POINT ( 'NONE',  ( 0.4306979674579842210, 0.9000000000000000222, -0.2173941577547864601 ) ) ;
#9793 = PRESENTATION_STYLE_ASSIGNMENT (( #4107 ) ) ;
#9794 = CARTESIAN_POINT ( 'NONE',  ( 0.3879350058792955802, 0.6999999999999999556, 0.05832160545142371644 ) ) ;
#9795 = ADVANCED_FACE ( 'NONE', ( #6544 ), #4216, .T. ) ;
#9796 = CARTESIAN_POINT ( 'NONE',  ( -0.6935579888067482379, 0.9000000000000001332, -0.1538189617517113361 ) ) ;
#9797 = SURFACE_STYLE_USAGE ( .BOTH. , #6542 ) ;
#9798 = CARTESIAN_POINT ( 'NONE',  ( 0.5053771236830513214, 0.6999999999999997335, 0.01820488221624569011 ) ) ;
#9799 = CARTESIAN_POINT ( 'NONE',  ( 0.4641493821221924776, 0.9000000000000002442, -0.07201117682011251575 ) ) ;
#9800 = CARTESIAN_POINT ( 'NONE',  ( 0.6570488190229226699, 0.6999999999999999556, -0.01512198665577810935 ) ) ;
#9801 = CARTESIAN_POINT ( 'NONE',  ( 0.7767611523510197236, 0.9000000000000001332, -0.1642108857805325006 ) ) ;
#9802 = CARTESIAN_POINT ( 'NONE',  ( -0.007898523770085786114, 0.6999999999999999556, 0.08436022821012574557 ) ) ;
#9803 = PRESENTATION_STYLE_ASSIGNMENT (( #316 ) ) ;
#9804 = CARTESIAN_POINT ( 'NONE',  ( 1.500000000000000444, 0.9000000000000000222, 1.250000000000000000 ) ) ;
#9805 = CARTESIAN_POINT ( 'NONE',  ( 0.0000000000000000000, 0.0000000000000000000, 0.0000000000000000000 ) ) ;
#9806 = CARTESIAN_POINT ( 'NONE',  ( 1.399999999999999689, -0.1000000000000000056, 0.0000000000000000000 ) ) ;
#9807 = VECTOR ( 'NONE', #1600, 1000.000000000000000 ) ;
#9808 = CARTESIAN_POINT ( 'NONE',  ( 0.8474985942040176301, 0.6999999999999999556, 0.08823581943322279797 ) ) ;
#9809 = CARTESIAN_POINT ( 'NONE',  ( -0.6927841045093758865, 0.6999999999999998446, 0.01901329247266213968 ) ) ;
#9810 = CARTESIAN_POINT ( 'NONE',  ( 0.8958062414731862155, 0.9000000000000001332, -0.09796417017802437621 ) ) ;
#9811 = CARTESIAN_POINT ( 'NONE',  ( 0.4710157624235215001, 0.9000000000000001332, -0.06049702207994256398 ) ) ;
#9812 = CARTESIAN_POINT ( 'NONE',  ( 0.5562344025129311031, 0.9000000000000001332, 0.08372307155064830086 ) ) ;
#9813 = DIRECTION ( 'NONE',  ( 0.0000000000000000000, 0.0000000000000000000, 1.000000000000000000 ) ) ;
#9814 = ORIENTED_EDGE ( 'NONE', *, *, #8259, .T. ) ;
#9815 = CARTESIAN_POINT ( 'NONE',  ( 0.5386343340440670202, 0.6999999999999997335, -0.06875061400778367804 ) ) ;
#9816 = STYLED_ITEM ( 'NONE', ( #9726 ), #7624 ) ;
#9817 = ORIENTED_EDGE ( 'NONE', *, *, #4829, .T. ) ;
#9818 = CARTESIAN_POINT ( 'NONE',  ( -0.6250000000000000000, -0.1000000000000000056, -0.6699999999999965983 ) ) ;
#9819 = DIRECTION ( 'NONE',  ( -1.000000000000000000, 0.0000000000000000000, -0.0000000000000000000 ) ) ;
#9820 = DIRECTION ( 'NONE',  ( -1.000000000000000000, 0.0000000000000000000, 0.0000000000000000000 ) ) ;
#9821 = CARTESIAN_POINT ( 'NONE',  ( 0.9249999999999998224, -0.1000000000000000056, 0.0000000000000000000 ) ) ;
#9822 = ADVANCED_FACE ( 'NONE', ( #1416 ), #3013, .T. ) ;
#9823 = CARTESIAN_POINT ( 'NONE',  ( -0.7359686992086823532, 0.6999999999999999556, -0.1840608244214531619 ) ) ;
#9824 = AXIS2_PLACEMENT_3D ( 'NONE', #2483, #2588, #4026 ) ;
#9825 = CARTESIAN_POINT ( 'NONE',  ( -0.007898523770085786114, 0.9000000000000000222, 0.01769356154345909371 ) ) ;
#9826 = ORIENTED_EDGE ( 'NONE', *, *, #9290, .F. ) ;
#9827 = ORIENTED_EDGE ( 'NONE', *, *, #1253, .F. ) ;
#9828 =( LENGTH_UNIT ( ) NAMED_UNIT ( * ) SI_UNIT ( .MILLI., .METRE. ) );
#9829 = CARTESIAN_POINT ( 'NONE',  ( 0.8219258618143739925, 0.9000000000000000222, -0.2174582174730951556 ) ) ;
#9830 = VECTOR ( 'NONE', #1978, 1000.000000000000000 ) ;
#9831 = CARTESIAN_POINT ( 'NONE',  ( 0.8711046520082985634, 0.9000000000000001332, -0.1241710342058428701 ) ) ;
#9832 = DIRECTION ( 'NONE',  ( -1.000000000000000000, 0.0000000000000000000, 0.0000000000000000000 ) ) ;
#9833 = SURFACE_STYLE_USAGE ( .BOTH. , #941 ) ;
#9834 = CARTESIAN_POINT ( 'NONE',  ( 1.142328508591367475, 0.6999999999999999556, -0.1603902108740020982 ) ) ;
#9835 = CARTESIAN_POINT ( 'NONE',  ( 0.7971276176542894110, 0.9000000000000001332, -0.2150340384575859243 ) ) ;
#9836 = CARTESIAN_POINT ( 'NONE',  ( 0.5639303360444291036, 0.8999999999999998002, -0.04490989065077138215 ) ) ;
#9837 = FACE_OUTER_BOUND ( 'NONE', #5422, .T. ) ;
#9838 = EDGE_CURVE ( 'NONE', #7046, #8450, #4573, .T. ) ;
#9839 = CARTESIAN_POINT ( 'NONE',  ( 0.1610347538093730990, 0.9000000000000000222, -0.001553427828595466782 ) ) ;
#9840 = VECTOR ( 'NONE', #10235, 1000.000000000000000 ) ;
#9841 = ORIENTED_EDGE ( 'NONE', *, *, #3690, .T. ) ;
#9842 = CARTESIAN_POINT ( 'NONE',  ( 0.06403130079131763575, 0.9000000000000001332, 0.07734268435047664259 ) ) ;
#9843 = CARTESIAN_POINT ( 'NONE',  ( 0.4255574294854388984, 0.6999999999999999556, 0.04055564901788705906 ) ) ;
#9844 = AXIS2_PLACEMENT_3D ( 'NONE', #940, #9533, #3945 ) ;
#9845 = CARTESIAN_POINT ( 'NONE',  ( -0.7347081889996605053, 0.9000000000000000222, 0.08953204130129363558 ) ) ;
#9846 = MECHANICAL_DESIGN_GEOMETRIC_PRESENTATION_REPRESENTATION (  '', ( #3507 ), #5166 ) ;
#9847 = DIRECTION ( 'NONE',  ( -0.9877629653290690426, 0.0000000000000000000, -0.1559625734730108459 ) ) ;
#9848 = CARTESIAN_POINT ( 'NONE',  ( 0.4675649138107485503, 0.6999999999999996225, -0.06722308971950821666 ) ) ;
#9849 = CARTESIAN_POINT ( 'NONE',  ( -0.8033091670869664247, 0.7000000000000001776, -0.1864774582956748583 ) ) ;
#9850 = CARTESIAN_POINT ( 'NONE',  ( 0.7714311015076958933, 0.7000000000000002887, -0.1486365113446471709 ) ) ;
#9851 = ORIENTED_EDGE ( 'NONE', *, *, #6631, .F. ) ;
#9852 = FACE_OUTER_BOUND ( 'NONE', #6972, .T. ) ;
#9853 = MECHANICAL_DESIGN_GEOMETRIC_PRESENTATION_REPRESENTATION (  '', ( #5002 ), #2031 ) ;
#9854 = CARTESIAN_POINT ( 'NONE',  ( 0.3750000000000000000, -0.1000000000000000056, -1.149999999999999911 ) ) ;
#9855 = AXIS2_PLACEMENT_3D ( 'NONE', #4247, #7282, #943 ) ;
#9856 = DIRECTION ( 'NONE',  ( 0.0000000000000000000, 1.000000000000000000, -0.0000000000000000000 ) ) ;
#9857 = VECTOR ( 'NONE', #550, 1000.000000000000000 ) ;
#9858 = CARTESIAN_POINT ( 'NONE',  ( 1.399999999999999689, -0.1000000000000000056, 0.6250000000000001110 ) ) ;
#9859 = CARTESIAN_POINT ( 'NONE',  ( 0.8815169973047843888, 0.6999999999999997335, 0.07645579815884676056 ) ) ;
#9860 = CARTESIAN_POINT ( 'NONE',  ( 0.9088443570543563998, 0.6999999999999998446, -0.1555126056336625096 ) ) ;
#9861 = CARTESIAN_POINT ( 'NONE',  ( 0.4558798613314274939, 0.9000000000000002442, -0.08133439561248008431 ) ) ;
#9862 = CARTESIAN_POINT ( 'NONE',  ( 0.6419349870541621872, 0.9000000000000001332, 0.08374278087073180887 ) ) ;
#9863 = CARTESIAN_POINT ( 'NONE',  ( 0.06466533232501527062, 0.9000000000000003553, 0.07085041871514978495 ) ) ;
#9864 = CARTESIAN_POINT ( 'NONE',  ( 0.0000000000000000000, 0.0000000000000000000, -0.6249999999999996669 ) ) ;
#9865 = PRESENTATION_LAYER_ASSIGNMENT (  '', '', ( #8547 ) ) ;
#9866 = EDGE_LOOP ( 'NONE', ( #5698, #1588, #2046, #4704 ) ) ;
#9867 = CARTESIAN_POINT ( 'NONE',  ( -0.007898523770085786114, 0.6999999999999999556, 0.08436022821012574557 ) ) ;
#9868 = CARTESIAN_POINT ( 'NONE',  ( -0.1250000000000000000, 0.0000000000000000000, 1.149999999999999911 ) ) ;
#9869 = CARTESIAN_POINT ( 'NONE',  ( 0.5446721315272016195, 0.8999999999999998002, -0.02267508584253378687 ) ) ;
#9870 = CARTESIAN_POINT ( 'NONE',  ( -0.7382496262408435594, 0.6999999999999999556, -0.1839757120443637761 ) ) ;
#9871 = DIRECTION ( 'NONE',  ( -1.000000000000000000, 0.0000000000000000000, 1.141265444721583757E-16 ) ) ;
#9872 = CARTESIAN_POINT ( 'NONE',  ( 0.4452617932193364547, 0.6999999999999998446, -0.09002872140742596008 ) ) ;
#9873 = ORIENTED_EDGE ( 'NONE', *, *, #2234, .T. ) ;
#9874 = ORIENTED_EDGE ( 'NONE', *, *, #7807, .T. ) ;
#9875 = CARTESIAN_POINT ( 'NONE',  ( 0.1250000000000000000, 0.0000000000000000000, 0.0000000000000000000 ) ) ;
#9876 = CARTESIAN_POINT ( 'NONE',  ( 0.7621889112281218237, 0.9000000000000001332, -0.1964123158144566172 ) ) ;
#9877 = ADVANCED_FACE ( 'NONE', ( #3211 ), #3895, .F. ) ;
#9878 = CARTESIAN_POINT ( 'NONE',  ( 0.8735561597025738312, 0.9000000000000000222, -0.1372836826229789087 ) ) ;
#9879 = DIRECTION ( 'NONE',  ( -1.000000000000000000, 0.0000000000000000000, -0.0000000000000000000 ) ) ;
#9880 = DIRECTION ( 'NONE',  ( 0.0000000000000000000, 0.0000000000000000000, 1.000000000000000000 ) ) ;
#9881 = CARTESIAN_POINT ( 'NONE',  ( -0.6149160676297349415, 0.9000000000000000222, -0.2138853858249619433 ) ) ;
#9882 = CARTESIAN_POINT ( 'NONE',  ( 0.5468696979989233764, 0.9000000000000000222, -0.1486365113446471986 ) ) ;
#9883 = CARTESIAN_POINT ( 'NONE',  ( 0.9057552568614810617, 0.6999999999999999556, -0.1681884475305137627 ) ) ;
#9884 = CARTESIAN_POINT ( 'NONE',  ( 0.5407027871732185131, 0.8999999999999999112, -0.008451402390986909735 ) ) ;
#9885 = DIRECTION ( 'NONE',  ( -0.0000000000000000000, 0.0000000000000000000, 1.000000000000000000 ) ) ;
#9886 = PRESENTATION_LAYER_ASSIGNMENT (  '', '', ( #5690 ) ) ;
#9887 = CARTESIAN_POINT ( 'NONE',  ( 0.1612900414162520835, 0.9000000000000002442, -0.2199072207398642675 ) ) ;
#9888 = ORIENTED_EDGE ( 'NONE', *, *, #5150, .F. ) ;
#9889 = LINE ( 'NONE', #6685, #9161 ) ;
#9890 = CARTESIAN_POINT ( 'NONE',  ( -0.7972372608427568119, 0.6999999999999999556, -0.04292065456779164956 ) ) ;
#9891 = CARTESIAN_POINT ( 'NONE',  ( 0.4000889255076439111, 0.6999999999999999556, 0.05657525497293533490 ) ) ;
#9892 = STYLED_ITEM ( 'NONE', ( #2652 ), #2940 ) ;
#9893 = ADVANCED_FACE ( 'NONE', ( #10257 ), #6369, .T. ) ;
#9894 = EDGE_CURVE ( 'NONE', #7001, #7863, #4193, .T. ) ;
#9895 = CARTESIAN_POINT ( 'NONE',  ( -0.7199930162164186465, 0.9000000000000000222, 0.08803776082093357769 ) ) ;
#9896 = CARTESIAN_POINT ( 'NONE',  ( -1.500000000000000000, 0.0000000000000000000, 2.602085213965210642E-16 ) ) ;
#9897 = CARTESIAN_POINT ( 'NONE',  ( 0.3065202737507037867, 0.9000000000000000222, 0.05855502480900741380 ) ) ;
#9898 = LINE ( 'NONE', #6748, #4417 ) ;
#9899 = CARTESIAN_POINT ( 'NONE',  ( -0.7953107246206475578, 0.9000000000000000222, -0.1948036298081525508 ) ) ;
#9900 = CARTESIAN_POINT ( 'NONE',  ( 0.5163122640861576018, 0.6999999999999996225, -0.1185802113258997009 ) ) ;
#9901 = ORIENTED_EDGE ( 'NONE', *, *, #1598, .T. ) ;
#9902 = ORIENTED_EDGE ( 'NONE', *, *, #6182, .T. ) ;
#9903 = VECTOR ( 'NONE', #2770, 1000.000000000000000 ) ;
#9904 = ORIENTED_EDGE ( 'NONE', *, *, #4416, .F. ) ;
#9905 = CARTESIAN_POINT ( 'NONE',  ( 0.3394698972825455074, 0.6999999999999998446, 0.03965587473384245970 ) ) ;
#9906 = B_SPLINE_CURVE_WITH_KNOTS ( 'NONE', 3,
 ( #2965, #9180, #1362, #7664, #2038, #9286, #2254, #523, #6796, #6114, #6014, #7722, #6860, #5386, #10063, #3580, #579, #3733, #6918, #8604, #9338, #10155, #8551, #7777, #1418, #4575, #1473, #3014, #634, #6170 ),
 .UNSPECIFIED., .F., .F.,
 ( 4, 1, 1, 1, 1, 1, 1, 1, 1, 1, 1, 1, 1, 1, 1, 1, 1, 1, 1, 1, 1, 1, 1, 1, 1, 1, 1, 4 ),
 ( 0.0000000000000000000, 0.02740524723032105800, 0.05503395209103754959, 0.08377220195114452872, 0.1142238255655481788, 0.1299202037005439681, 0.1453459343363628919, 0.1610557224508527285, 0.1772109197982086881, 0.1941500347021351269, 0.2118240675998736555, 0.2306351098182595483, 0.2507635006051835425, 0.2708918913921075644, 0.2899066873408583933, 0.3077809418997917712, 0.3249141191778430193, 0.3414404525715339922, 0.3574949690632406862, 0.3733926337609954627, 0.3895060661075427921, 0.4054724606372513418, 0.4212437877979878786, 0.4368459733576778303, 0.4526266441179075950, 0.4681598439945419687, 0.4841854783496180037, 0.5000000000000026645 ),
 .UNSPECIFIED. ) ;
#9907 = EDGE_CURVE ( 'NONE', #9185, #3262, #889, .T. ) ;
#9908 = CARTESIAN_POINT ( 'NONE',  ( -0.6564975866073915478, 0.9000000000000001332, -0.1633512811588520020 ) ) ;
#9909 = CARTESIAN_POINT ( 'NONE',  ( -0.1763195764016647626, 0.6999999999999999556, 0.01769356154345909371 ) ) ;
#9910 = CARTESIAN_POINT ( 'NONE',  ( 0.8744410929070787208, 0.9000000000000003553, 0.08034611070217466400 ) ) ;
#9911 = CARTESIAN_POINT ( 'NONE',  ( -0.7191856440064009481, 0.6999999999999999556, 0.05176031556486621749 ) ) ;
#9912 = B_SPLINE_CURVE_WITH_KNOTS ( 'NONE', 3,
 ( #8126, #7448, #7338, #2642, #4965, #3514, #3370, #8084, #5736, #193, #4195, #6680, #8230, #997, #5784, #8284, #4097, #9020, #9836, #354, #4914, #2698, #5844, #9074, #5074, #1151, #9884, #2749, #5891 ),
 .UNSPECIFIED., .F., .F.,
 ( 4, 1, 1, 1, 1, 1, 1, 1, 1, 1, 1, 1, 1, 1, 1, 1, 1, 1, 1, 1, 1, 1, 1, 1, 1, 1, 4 ),
 ( 0.4999999999993764432, 0.5198405870245135230, 0.5461884398033972632, 0.5593910728033583135, 0.5724241490377116603, 0.5853013682317748101, 0.5985219112101257677, 0.6120922052067776509, 0.6262896717537255187, 0.6410108024404683746, 0.6564995201318607476, 0.6876075521500656373, 0.7175644872833546462, 0.7474961360743195282, 0.7780474713871698977, 0.8082163933622201757, 0.8367520855888999076, 0.8643251420419028053, 0.8920391475800971692, 0.9058571056230396712, 0.9192554317031914612, 0.9324580647031524006, 0.9455647644940068375, 0.9587255127607228200, 0.9722176986649472274, 0.9859129604891354592, 1.000000000000000000 ),
 .UNSPECIFIED. ) ;
#9913 = CARTESIAN_POINT ( 'NONE',  ( 0.5318885568593608726, 0.6999999999999998446, -0.1902900081931199194 ) ) ;
#9914 = CARTESIAN_POINT ( 'NONE',  ( 0.4403876918760531445, 0.8999999999999999112, 0.07397216522413449513 ) ) ;
#9915 = ORIENTED_EDGE ( 'NONE', *, *, #2834, .F. ) ;
#9916 = LINE ( 'NONE', #1234, #9268 ) ;
#9917 = CARTESIAN_POINT ( 'NONE',  ( 0.5068792936103089231, 0.6999999999999996225, -0.02255059083800069891 ) ) ;
#9918 = VECTOR ( 'NONE', #8840, 1000.000000000000000 ) ;
#9919 = VERTEX_POINT ( 'NONE', #8852 ) ;
#9920 = EDGE_CURVE ( 'NONE', #8060, #5283, #6577, .T. ) ;
#9921 = CARTESIAN_POINT ( 'NONE',  ( 0.4276310135653930145, 0.6999999999999999556, -0.06131941956557034057 ) ) ;
#9922 = CARTESIAN_POINT ( 'NONE',  ( 0.7710695586774084509, 0.6999999999999999556, -0.1373044589886689426 ) ) ;
#9923 = DIRECTION ( 'NONE',  ( 0.0000000000000000000, 0.0000000000000000000, -1.000000000000000000 ) ) ;
#9924 = DIRECTION ( 'NONE',  ( -1.000000000000000000, 0.0000000000000000000, 0.0000000000000000000 ) ) ;
#9925 = CARTESIAN_POINT ( 'NONE',  ( -0.04123185710341913113, 0.9000000000000000222, -0.1507274910881198082 ) ) ;
#9926 = CARTESIAN_POINT ( 'NONE',  ( 0.5619781793719337282, 0.6999999999999995115, -0.1031005013175879670 ) ) ;
#9927 = SURFACE_STYLE_USAGE ( .BOTH. , #6724 ) ;
#9928 = CARTESIAN_POINT ( 'NONE',  ( 0.5494601110111786424, 0.9000000000000002442, 0.03728399068047648368 ) ) ;
#9929 = CARTESIAN_POINT ( 'NONE',  ( 1.052237288733256726, 0.8999999999999996891, -0.1804476866357237752 ) ) ;
#9930 = EDGE_LOOP ( 'NONE', ( #3849, #2585, #1636, #9465 ) ) ;
#9931 = EDGE_LOOP ( 'NONE', ( #4774, #312, #5392, #198 ) ) ;
#9932 = CARTESIAN_POINT ( 'NONE',  ( 1.187634982997886501, 0.9000000000000000222, 0.8400340171984419513 ) ) ;
#9933 = VECTOR ( 'NONE', #7379, 1000.000000000000000 ) ;
#9934 = CARTESIAN_POINT ( 'NONE',  ( 0.7971276176542894110, 0.6999999999999999556, -0.2150340384575859243 ) ) ;
#9935 =( GEOMETRIC_REPRESENTATION_CONTEXT ( 3 ) GLOBAL_UNCERTAINTY_ASSIGNED_CONTEXT ( ( #1387 ) ) GLOBAL_UNIT_ASSIGNED_CONTEXT ( ( #8659, #10158, #9438 ) ) REPRESENTATION_CONTEXT ( 'NONE', 'WORKASPACE' ) );
#9936 = PRESENTATION_STYLE_ASSIGNMENT (( #4347 ) ) ;
#9937 = CARTESIAN_POINT ( 'NONE',  ( 0.0000000000000000000, -0.1000000000000000056, -1.149999999999999911 ) ) ;
#9938 = DIRECTION ( 'NONE',  ( 0.0000000000000000000, 0.0000000000000000000, -1.000000000000000000 ) ) ;
#9939 = CARTESIAN_POINT ( 'NONE',  ( 0.7432036885462082187, 0.8999999999999998002, -0.1102361141146203510 ) ) ;
#9940 = CARTESIAN_POINT ( 'NONE',  ( 0.7410240076062940551, 0.7000000000000001776, -0.1626029412461153512 ) ) ;
#9941 = CARTESIAN_POINT ( 'NONE',  ( 0.1675141101941430288, 0.6999999999999999556, -0.009456953567012118395 ) ) ;
#9942 = MECHANICAL_DESIGN_GEOMETRIC_PRESENTATION_REPRESENTATION (  '', ( #3770 ), #7450 ) ;
#9943 = PRESENTATION_STYLE_ASSIGNMENT (( #1206 ) ) ;
#9944 = CARTESIAN_POINT ( 'NONE',  ( 0.7718624257998166760, 0.8999999999999998002, 0.08032380882156076041 ) ) ;
#9945 = CARTESIAN_POINT ( 'NONE',  ( 0.06466533232501527062, 0.7000000000000002887, 0.07085041871514978495 ) ) ;
#9946 = ORIENTED_EDGE ( 'NONE', *, *, #8823, .F. ) ;
#9947 = LINE ( 'NONE', #5947, #1511 ) ;
#9948 = CARTESIAN_POINT ( 'NONE',  ( 0.1007004310383817353, 0.9000000000000000222, -0.1564200476782520721 ) ) ;
#9949 = CARTESIAN_POINT ( 'NONE',  ( 0.4000889255076439111, 0.8999999999999999112, 0.05657525497293533490 ) ) ;
#9950 = CARTESIAN_POINT ( 'NONE',  ( -0.6885192061363138993, 0.6999999999999997335, -0.1329278906075493372 ) ) ;
#9951 = CARTESIAN_POINT ( 'NONE',  ( -0.6531010152838210292, 0.6999999999999999556, -0.1534711790645527096 ) ) ;
#9952 = LINE ( 'NONE', #5232, #4527 ) ;
#9953 = CARTESIAN_POINT ( 'NONE',  ( 0.4141310030133795728, 0.7000000000000000666, 0.08612927054665288351 ) ) ;
#9954 = DIRECTION ( 'NONE',  ( -0.0000000000000000000, 1.000000000000000000, -0.0000000000000000000 ) ) ;
#9955 = LINE ( 'NONE', #8605, #1027 ) ;
#9956 = EDGE_CURVE ( 'NONE', #7832, #9919, #6423, .T. ) ;
#9957 = ORIENTED_EDGE ( 'NONE', *, *, #5151, .F. ) ;
#9958 = EDGE_CURVE ( 'NONE', #10166, #2126, #7336, .T. ) ;
#9959 = ORIENTED_EDGE ( 'NONE', *, *, #4416, .T. ) ;
#9960 = ORIENTED_EDGE ( 'NONE', *, *, #3589, .T. ) ;
#9961 = CARTESIAN_POINT ( 'NONE',  ( 0.3633456515664214015, 0.6999999999999998446, 0.05480414243346001107 ) ) ;
#9962 =( NAMED_UNIT ( * ) SI_UNIT ( $, .STERADIAN. ) SOLID_ANGLE_UNIT ( ) );
#9963 = DIRECTION ( 'NONE',  ( 1.000000000000000000, 0.0000000000000000000, 0.0000000000000000000 ) ) ;
#9964 = CARTESIAN_POINT ( 'NONE',  ( -0.7359686992086823532, 0.9000000000000000222, -0.2173941577547864601 ) ) ;
#9965 =( NAMED_UNIT ( * ) SI_UNIT ( $, .STERADIAN. ) SOLID_ANGLE_UNIT ( ) );
#9966 = CARTESIAN_POINT ( 'NONE',  ( 0.9167717790600019567, 0.6999999999999998446, 0.02173709294237782114 ) ) ;
#9967 = CARTESIAN_POINT ( 'NONE',  ( 0.5186422850374367011, 0.9000000000000003553, -0.1102361141146204621 ) ) ;
#9968 = ADVANCED_FACE ( 'NONE', ( #9786 ), #8082, .T. ) ;
#9969 = ADVANCED_FACE ( 'NONE', ( #4866 ), #8124, .T. ) ;
#9970 = CARTESIAN_POINT ( 'NONE',  ( -0.8281857491215511846, 0.8999999999999999112, 0.02378832089620073337 ) ) ;
#9971 = ORIENTED_EDGE ( 'NONE', *, *, #675, .F. ) ;
#9972 = VECTOR ( 'NONE', #9305, 1000.000000000000000 ) ;
#9973 = FILL_AREA_STYLE_COLOUR ( '', #2232 ) ;
#9974 = CARTESIAN_POINT ( 'NONE',  ( -0.6486981777338896027, 0.6999999999999996225, -0.002603103544216096941 ) ) ;
#9975 = CARTESIAN_POINT ( 'NONE',  ( 0.6872855566632793956, 0.9000000000000002442, -0.03668224964565072743 ) ) ;
#9976 = DIRECTION ( 'NONE',  ( 0.0000000000000000000, -0.0000000000000000000, 1.000000000000000000 ) ) ;
#9977 = CARTESIAN_POINT ( 'NONE',  ( -0.7024303492801909909, 0.6999999999999999556, 0.03788512962180826116 ) ) ;
#9978 = CARTESIAN_POINT ( 'NONE',  ( 0.5796716840942858218, 0.6999999999999998446, -0.09316699479757109548 ) ) ;
#9979 = CARTESIAN_POINT ( 'NONE',  ( 0.3750000000000000000, -0.1000000000000000056, 1.149999999999999911 ) ) ;
#9980 = CARTESIAN_POINT ( 'NONE',  ( -1.399999999999999689, 0.0000000000000000000, -0.8749999999999996669 ) ) ;
#9981 = CARTESIAN_POINT ( 'NONE',  ( 1.101911333951356431, 0.8999999999999999112, -0.1560625776180253887 ) ) ;
#9982 = ORIENTED_EDGE ( 'NONE', *, *, #8491, .T. ) ;
#9983 = EDGE_CURVE ( 'NONE', #8246, #5395, #7391, .T. ) ;
#9984 = ORIENTED_EDGE ( 'NONE', *, *, #7711, .F. ) ;
#9985 = ORIENTED_EDGE ( 'NONE', *, *, #3301, .T. ) ;
#9986 = CARTESIAN_POINT ( 'NONE',  ( 0.7564499603681328344, 0.6999999999999996225, -0.1902900081931196696 ) ) ;
#9987 = CARTESIAN_POINT ( 'NONE',  ( 0.8671496592900975742, 0.9000000000000001332, -0.1150618645473976270 ) ) ;
#9988 = STYLED_ITEM ( 'NONE', ( #4605 ), #7821 ) ;
#9989 = DIRECTION ( 'NONE',  ( 0.0000000000000000000, 0.0000000000000000000, 1.000000000000000000 ) ) ;
#9990 = DIRECTION ( 'NONE',  ( 1.000000000000000000, 0.0000000000000000000, 0.0000000000000000000 ) ) ;
#9991 = CARTESIAN_POINT ( 'NONE',  ( 0.8718706799226584314, 0.6999999999999996225, -0.07749480513128052805 ) ) ;
#9992 = PRESENTATION_STYLE_ASSIGNMENT (( #2082 ) ) ;
#9993 = FACE_OUTER_BOUND ( 'NONE', #7, .T. ) ;
#9994 = CARTESIAN_POINT ( 'NONE',  ( 0.9142376350144473252, 0.9000000000000001332, 0.03168865755623486574 ) ) ;
#9995 = FACE_OUTER_BOUND ( 'NONE', #9930, .T. ) ;
#9996 = PRESENTATION_STYLE_ASSIGNMENT (( #4405 ) ) ;
#9997 = CARTESIAN_POINT ( 'NONE',  ( -0.7910746132380099827, 0.7000000000000000666, 0.006181411362502467650 ) ) ;
#9998 = MECHANICAL_DESIGN_GEOMETRIC_PRESENTATION_REPRESENTATION (  '', ( #7682 ), #8838 ) ;
#9999 = LINE ( 'NONE', #4360, #3379 ) ;
#10000 = CARTESIAN_POINT ( 'NONE',  ( 0.0000000000000000000, 0.9000000000000000222, 0.0000000000000000000 ) ) ;
#10001 = CARTESIAN_POINT ( 'NONE',  ( 0.5044233264145291384, 0.8999999999999999112, 0.001819326693621051453 ) ) ;
#10002 = CARTESIAN_POINT ( 'NONE',  ( 0.4403876918760531445, 0.6999999999999998446, 0.07397216522413449513 ) ) ;
#10003 = CARTESIAN_POINT ( 'NONE',  ( 0.1897825602062575279, 0.9000000000000002442, -0.1703537282356107074 ) ) ;
#10004 = CARTESIAN_POINT ( 'NONE',  ( 0.5725662141455176712, 0.7000000000000001776, -0.2150340384575860353 ) ) ;
#10005 = LINE ( 'NONE', #7615, #6481 ) ;
#10006 = COLOUR_RGB ( '',0.3764705882352941124, 0.3764705882352941124, 0.3764705882352941124 ) ;
#10007 = ORIENTED_EDGE ( 'NONE', *, *, #8831, .F. ) ;
#10008 = ORIENTED_EDGE ( 'NONE', *, *, #160, .T. ) ;
#10009 = CARTESIAN_POINT ( 'NONE',  ( 0.5043821779843000730, 0.6999999999999999556, -0.001604684070575989382 ) ) ;
#10010 = ORIENTED_EDGE ( 'NONE', *, *, #2831, .F. ) ;
#10011 = DIRECTION ( 'NONE',  ( 0.0000000000000000000, 0.0000000000000000000, -1.000000000000000000 ) ) ;
#10012 = PRESENTATION_LAYER_ASSIGNMENT (  '', '', ( #7370 ) ) ;
#10013 = EDGE_CURVE ( 'NONE', #5635, #7154, #142, .T. ) ;
#10014 = CARTESIAN_POINT ( 'NONE',  ( 0.2850839323702649697, 0.6999999999999999556, -0.01823886210826279955 ) ) ;
#10015 = PRESENTATION_STYLE_ASSIGNMENT (( #5245 ) ) ;
#10016 = DIRECTION ( 'NONE',  ( -0.0000000000000000000, 0.0000000000000000000, 1.000000000000000000 ) ) ;
#10017 = CARTESIAN_POINT ( 'NONE',  ( 1.123776275760349330, 0.6999999999999997335, -0.05589628326794654489 ) ) ;
#10018 = CARTESIAN_POINT ( 'NONE',  ( -0.6868973366343904541, 0.7000000000000001776, -0.02898068631180208965 ) ) ;
#10019 = CARTESIAN_POINT ( 'NONE',  ( 0.5574968415561697421, 0.7000000000000000666, -0.2104651057289956551 ) ) ;
#10020 = CARTESIAN_POINT ( 'NONE',  ( 0.3722233145407058408, 0.8999999999999999112, 0.08949984518150903845 ) ) ;
#10021 = DIRECTION ( 'NONE',  ( 0.0000000000000000000, 1.000000000000000000, -0.0000000000000000000 ) ) ;
#10022 =( GEOMETRIC_REPRESENTATION_CONTEXT ( 3 ) GLOBAL_UNCERTAINTY_ASSIGNED_CONTEXT ( ( #7211 ) ) GLOBAL_UNIT_ASSIGNED_CONTEXT ( ( #1018, #1891, #8204 ) ) REPRESENTATION_CONTEXT ( 'NONE', 'WORKASPACE' ) );
#10023 = ORIENTED_EDGE ( 'NONE', *, *, #4395, .T. ) ;
#10024 = CARTESIAN_POINT ( 'NONE',  ( 4.279745417705937550E-17, 0.0000000000000000000, 0.3749999999999998335 ) ) ;
#10025 = DIRECTION ( 'NONE',  ( -1.000000000000000000, 0.0000000000000000000, 0.0000000000000000000 ) ) ;
#10026 = ORIENTED_EDGE ( 'NONE', *, *, #643, .F. ) ;
#10027 = CARTESIAN_POINT ( 'NONE',  ( 0.5325404057949321146, 0.8999999999999999112, -0.08778995276134025916 ) ) ;
#10028 = DIRECTION ( 'NONE',  ( 0.0000000000000000000, 1.000000000000000000, 0.0000000000000000000 ) ) ;
#10029 = CARTESIAN_POINT ( 'NONE',  ( -0.7377230851735946393, 0.7000000000000000666, 0.08962338610486260404 ) ) ;
#10031 = EDGE_CURVE ( 'NONE', #2097, #7144, #7658, .T. ) ;
#10030 =( NAMED_UNIT ( * ) SI_UNIT ( $, .STERADIAN. ) SOLID_ANGLE_UNIT ( ) );
#10032 = LINE ( 'NONE', #8631, #2833 ) ;
#10033 = CARTESIAN_POINT ( 'NONE',  ( -0.9249999999999997113, -0.1000000000000000056, 0.1250000000000000555 ) ) ;
#10034 = CARTESIAN_POINT ( 'NONE',  ( 0.6399000801217674672, 0.6999999999999997335, -0.1108435323114342480 ) ) ;
#10035 = CARTESIAN_POINT ( 'NONE',  ( 0.5053771236830513214, 0.6999999999999997335, 0.01820488221624569011 ) ) ;
#10036 = CARTESIAN_POINT ( 'NONE',  ( 0.2920382406137632114, 0.6999999999999999556, 0.03224449500130015245 ) ) ;
#10037 = VECTOR ( 'NONE', #6883, 1000.000000000000000 ) ;
#10038 = EDGE_LOOP ( 'NONE', ( #9566, #4727, #9888, #1000 ) ) ;
#10039 = AXIS2_PLACEMENT_3D ( 'NONE', #1720, #991, #8846 ) ;
#10040 = EDGE_CURVE ( 'NONE', #7673, #245, #8382, .T. ) ;
#10041 = EDGE_LOOP ( 'NONE', ( #9814, #1730 ) ) ;
#10042 = VERTEX_POINT ( 'NONE', #2080 ) ;
#10043 = LINE ( 'NONE', #9267, #3317 ) ;
#10044 = CARTESIAN_POINT ( 'NONE',  ( 0.7392872780887027595, 0.9000000000000001332, -0.1545263873557253531 ) ) ;
#10045 = SURFACE_SIDE_STYLE ('',( #6149 ) ) ;
#10046 = DIRECTION ( 'NONE',  ( 1.000000000000000000, -0.0000000000000000000, 0.0000000000000000000 ) ) ;
#10047 = CARTESIAN_POINT ( 'NONE',  ( 1.085339112031938669, 0.9000000000000000222, -0.2106078576347537867 ) ) ;
#10048 = CARTESIAN_POINT ( 'NONE',  ( 0.5499962130720192910, 0.6999999999999999556, -0.07528889459689178110 ) ) ;
#10049 = CARTESIAN_POINT ( 'NONE',  ( 0.2027292189688763568, 0.7000000000000000666, -0.05538060964501925060 ) ) ;
#10050 = SURFACE_SIDE_STYLE ('',( #8385 ) ) ;
#10051 = CARTESIAN_POINT ( 'NONE',  ( 1.059401218542794565, 0.9000000000000002442, -0.1798682102911343395 ) ) ;
#10052 = CARTESIAN_POINT ( 'NONE',  ( 0.1753574601473501804, 0.7000000000000001776, -0.07517629648685407451 ) ) ;
#10053 = MECHANICAL_DESIGN_GEOMETRIC_PRESENTATION_REPRESENTATION (  '', ( #4043 ), #8896 ) ;
#10054 = ORIENTED_EDGE ( 'NONE', *, *, #735, .F. ) ;
#10055 = CARTESIAN_POINT ( 'NONE',  ( -0.7973722079806120355, 0.9000000000000001332, -0.05774503494776896118 ) ) ;
#10057 = ADVANCED_FACE ( 'NONE', ( #3615 ), #5842, .T. ) ;
#10056 = DIRECTION ( 'NONE',  ( 0.0000000000000000000, 0.0000000000000000000, -1.000000000000000000 ) ) ;
#10058 =( NAMED_UNIT ( * ) SI_UNIT ( $, .STERADIAN. ) SOLID_ANGLE_UNIT ( ) );
#10059 = VECTOR ( 'NONE', #8827, 1000.000000000000000 ) ;
#10060 = PLANE ( 'NONE',  #9688 ) ;
#10061 = CARTESIAN_POINT ( 'NONE',  ( 0.4628611435016491971, 0.8999999999999999112, 0.05019291657127546852 ) ) ;
#10062 = CARTESIAN_POINT ( 'NONE',  ( 0.1994631364244214000, 0.7000000000000002887, -0.1274822675609343370 ) ) ;
#10063 = CARTESIAN_POINT ( 'NONE',  ( 0.8281819565217191093, 0.9000000000000003553, -0.09125856083493659454 ) ) ;
#10064 = CARTESIAN_POINT ( 'NONE',  ( 0.4406349619690812514, 0.8999999999999999112, 0.009396725539405277258 ) ) ;
#10065 = VERTEX_POINT ( 'NONE', #10048 ) ;
#10066 = CARTESIAN_POINT ( 'NONE',  ( 0.5499962130720192910, 0.9000000000000000222, -0.07528889459689178110 ) ) ;
#10067 = EDGE_LOOP ( 'NONE', ( #2086, #6978, #7563, #4591 ) ) ;
#10068 = DIRECTION ( 'NONE',  ( 0.0000000000000000000, 0.0000000000000000000, -1.000000000000000000 ) ) ;
#10069 = ORIENTED_EDGE ( 'NONE', *, *, #8363, .F. ) ;
#10070 = CARTESIAN_POINT ( 'NONE',  ( 0.8771460551714559406, 0.6999999999999997335, 0.02670807625952663356 ) ) ;
#10071 = PRESENTATION_STYLE_ASSIGNMENT (( #5400 ) ) ;
#10072 = B_SPLINE_CURVE_WITH_KNOTS ( 'NONE', 3,
 ( #2399, #5378, #9432, #790, #4668, #7878, #10296, #3163, #8754, #9383, #1622, #3207, #7979, #837, #3984, #5326, #8546, #1411, #4569, #3782, #1465, #10150, #4619, #9674, #8907, #7330, #883, #8170, #5574, #936 ),
 .UNSPECIFIED., .F., .F.,
 ( 4, 1, 1, 1, 1, 1, 1, 1, 1, 1, 1, 1, 1, 1, 1, 1, 1, 1, 1, 1, 1, 1, 1, 1, 1, 1, 1, 4 ),
 ( 0.0000000000000000000, 0.02788876596514769032, 0.05421625487123228615, 0.07915984011312073021, 0.1035353754894377670, 0.1154770059438783580, 0.1272710965375091208, 0.1389522967014684973, 0.1508542318755856093, 0.1629793888097273435, 0.1759311175533758986, 0.1893011571992724573, 0.2036037875023512522, 0.2330439056720950419, 0.2627257580548830185, 0.2930094943604956148, 0.3244022232009520779, 0.3399194315283891599, 0.3547632804434118770, 0.3689840606704871684, 0.3827791677666831371, 0.3963645650445776769, 0.4099499623224719946, 0.4237450694186676303, 0.4379658496457429773, 0.4663018339518759103, 0.4932745115574747041, 0.4999999999993764432 ),
 .UNSPECIFIED. ) ;
#10073 = CARTESIAN_POINT ( 'NONE',  ( 1.055259370966756149, 0.6999999999999999556, -0.03142924547408474517 ) ) ;
#10074 = CARTESIAN_POINT ( 'NONE',  ( 0.7313068842372989486, 0.9000000000000003553, 0.02738035923233495678 ) ) ;
#10075 = CARTESIAN_POINT ( 'NONE',  ( 0.6290154366038362976, 0.7000000000000000666, -0.2140002896161381230 ) ) ;
#10076 = CARTESIAN_POINT ( 'NONE',  ( 0.6104751038674163244, 0.6999999999999998446, -0.1855089401953294304 ) ) ;
#10077 = CARTESIAN_POINT ( 'NONE',  ( 0.8781860989585432709, 0.7000000000000000666, -0.02403330742360544614 ) ) ;
#10078 = ORIENTED_EDGE ( 'NONE', *, *, #2526, .F. ) ;
#10079 = EDGE_CURVE ( 'NONE', #7700, #7876, #4516, .T. ) ;
#10080 = CARTESIAN_POINT ( 'NONE',  ( 0.8894666893041704991, 0.6999999999999999556, -0.06252780171503065365 ) ) ;
#10081 = CARTESIAN_POINT ( 'NONE',  ( -0.9249999999999996003, -0.1000000000000000056, 4.011548038196366406E-16 ) ) ;
#10082 =( NAMED_UNIT ( * ) PLANE_ANGLE_UNIT ( ) SI_UNIT ( $, .RADIAN. ) );
#10083 = DIRECTION ( 'NONE',  ( -0.0000000000000000000, 1.000000000000000000, -0.0000000000000000000 ) ) ;
#10084 = FACE_OUTER_BOUND ( 'NONE', #2304, .T. ) ;
#10085 = CARTESIAN_POINT ( 'NONE',  ( 0.9640313007913173804, 0.6999999999999999556, -0.2138853858249619433 ) ) ;
#10086 = CARTESIAN_POINT ( 'NONE',  ( 0.08745275682058027689, 0.6999999999999998446, -0.1939917160131480744 ) ) ;
#10087 = CARTESIAN_POINT ( 'NONE',  ( 1.399999999999999689, -0.1000000000000000056, -0.8750000000000001110 ) ) ;
#10088 = DIRECTION ( 'NONE',  ( -0.0000000000000000000, 0.0000000000000000000, 1.000000000000000000 ) ) ;
#10089 = CARTESIAN_POINT ( 'NONE',  ( 1.129576883259168385, 0.7000000000000003997, -0.06227962170383868207 ) ) ;
#10090 = CARTESIAN_POINT ( 'NONE',  ( 0.3280328480685075210, 0.6999999999999996225, 0.07661175230064641573 ) ) ;
#10091 = ADVANCED_FACE ( 'NONE', ( #1203 ), #6784, .T. ) ;
#10092 = ORIENTED_EDGE ( 'NONE', *, *, #7103, .F. ) ;
#10093 = MECHANICAL_DESIGN_GEOMETRIC_PRESENTATION_REPRESENTATION (  '', ( #8606 ), #5721 ) ;
#10094 = DIRECTION ( 'NONE',  ( -0.0000000000000000000, 1.000000000000000000, -0.0000000000000000000 ) ) ;
#10095 = COLOUR_RGB ( '',1.000000000000000000, 0.9607843137254902244, 0.4549019607843137192 ) ;
#10096 = CARTESIAN_POINT ( 'NONE',  ( 1.055259370966756149, 0.9000000000000000222, -0.2138853858249619433 ) ) ;
#10097 = FILL_AREA_STYLE_COLOUR ( '', #2700 ) ;
#10098 = CARTESIAN_POINT ( 'NONE',  ( 0.2126176449830994575, 0.6999999999999998446, -0.2006804613290076866 ) ) ;
#10099 = LINE ( 'NONE', #4402, #1630 ) ;
#10100 = CARTESIAN_POINT ( 'NONE',  ( 0.9157089709476897710, 0.8999999999999998002, -0.02585869272510704989 ) ) ;
#10101 = VECTOR ( 'NONE', #1556, 1000.000000000000000 ) ;
#10102 = CARTESIAN_POINT ( 'NONE',  ( 0.1762707451243553936, 0.6999999999999999556, -0.1812305706189892007 ) ) ;
#10103 = EDGE_CURVE ( 'NONE', #5804, #5800, #2845, .T. ) ;
#10104 = ORIENTED_EDGE ( 'NONE', *, *, #25, .F. ) ;
#10105 = EDGE_CURVE ( 'NONE', #3795, #4567, #2747, .T. ) ;
#10106 = CARTESIAN_POINT ( 'NONE',  ( -0.6868458921911384518, 0.6999999999999999556, -0.03318363143899703133 ) ) ;
#10107 = FILL_AREA_STYLE_COLOUR ( '', #9187 ) ;
#10108 = COLOUR_RGB ( '',1.000000000000000000, 0.9607843137254902244, 0.4549019607843137192 ) ;
#10109 = CARTESIAN_POINT ( 'NONE',  ( 0.3414494893238093076, 0.8999999999999998002, 0.08297247713020328153 ) ) ;
#10110 = CARTESIAN_POINT ( 'NONE',  ( 0.1007004310383817353, 0.6999999999999999556, -0.1564200476782520721 ) ) ;
#10111 = CARTESIAN_POINT ( 'NONE',  ( 0.6778707484327820554, 0.6999999999999996225, -0.1764029346301911605 ) ) ;
#10112 = CARTESIAN_POINT ( 'NONE',  ( 0.4286892871827502338, 0.9000000000000000222, -0.06029225667020118862 ) ) ;
#10113 = ORIENTED_EDGE ( 'NONE', *, *, #6124, .T. ) ;
#10114 = ORIENTED_EDGE ( 'NONE', *, *, #8314, .T. ) ;
#10115 = EDGE_LOOP ( 'NONE', ( #1970, #6280, #9444, #7725 ) ) ;
#10116 = EDGE_CURVE ( 'NONE', #2809, #9134, #5072, .T. ) ;
#10117 = CARTESIAN_POINT ( 'NONE',  ( 0.4296674923602198937, 0.6999999999999999556, 0.03546007788936871019 ) ) ;
#10118 = CARTESIAN_POINT ( 'NONE',  ( 0.8677933965441041453, 0.6999999999999999556, 0.04075349424776242985 ) ) ;
#10119 = CARTESIAN_POINT ( 'NONE',  ( -0.8033091670869664247, 0.9000000000000002442, -0.1864774582956748583 ) ) ;
#10120 = CARTESIAN_POINT ( 'NONE',  ( 1.055259370966756149, 0.9000000000000000222, -0.03142924547408474517 ) ) ;
#10121 = PRESENTATION_STYLE_ASSIGNMENT (( #8511 ) ) ;
#10122 = CARTESIAN_POINT ( 'NONE',  ( 0.5973644583056022528, 0.9000000000000000222, -0.2174582174730951278 ) ) ;
#10123 = CARTESIAN_POINT ( 'NONE',  ( 0.5713204934542677194, 0.6999999999999997335, -0.1813278868014736589 ) ) ;
#10124 = CARTESIAN_POINT ( 'NONE',  ( 0.8757127718010434547, 0.9000000000000000222, -0.02819983222729270655 ) ) ;
#10125 = CARTESIAN_POINT ( 'NONE',  ( 0.09472925726633370236, 0.7000000000000001776, 0.02420067479620540557 ) ) ;
#10126 = CARTESIAN_POINT ( 'NONE',  ( 0.8690993580062933432, 0.8999999999999999112, -0.03594058408081091810 ) ) ;
#10127 = ORIENTED_EDGE ( 'NONE', *, *, #7228, .T. ) ;
#10128 = CARTESIAN_POINT ( 'NONE',  ( 0.1250000000000000000, 0.0000000000000000000, 1.149999999999999911 ) ) ;
#10129 = CARTESIAN_POINT ( 'NONE',  ( -0.7411738841510963072, 0.6999999999999999556, 0.08953287782178512288 ) ) ;
#10130 = CARTESIAN_POINT ( 'NONE',  ( -0.04123185710341913113, 0.6999999999999999556, -0.01213099986004967552 ) ) ;
#10131 = CARTESIAN_POINT ( 'NONE',  ( 0.06849599824065577547, 0.8999999999999999112, -0.1672670979920981293 ) ) ;
#10132 = FILL_AREA_STYLE ('',( #3761 ) ) ;
#10133 = DIRECTION ( 'NONE',  ( -0.0000000000000000000, 1.000000000000000000, -0.0000000000000000000 ) ) ;
#10134 = CARTESIAN_POINT ( 'NONE',  ( 1.107890949914124512, 0.8999999999999999112, -0.1226573156495233408 ) ) ;
#10135 = ORIENTED_EDGE ( 'NONE', *, *, #1199, .F. ) ;
#10136 = VERTEX_POINT ( 'NONE', #352 ) ;
#10137 = ORIENTED_EDGE ( 'NONE', *, *, #5412, .F. ) ;
#10138 = FILL_AREA_STYLE_COLOUR ( '', #6302 ) ;
#10139 = EDGE_CURVE ( 'NONE', #8987, #5713, #5889, .T. ) ;
#10140 = CARTESIAN_POINT ( 'NONE',  ( -0.7809764076527785370, 0.9000000000000000222, 0.03081026181774569606 ) ) ;
#10141 = CARTESIAN_POINT ( 'NONE',  ( 0.5585610695342843046, 0.9000000000000000222, 0.04648009192836408815 ) ) ;
#10142 = CARTESIAN_POINT ( 'NONE',  ( 0.7385218010332300631, 0.8999999999999996891, -0.04125322462648152444 ) ) ;
#10143 = CARTESIAN_POINT ( 'NONE',  ( 0.9090928627988967836, 0.9000000000000001332, -0.1373702312129746750 ) ) ;
#10144 =( NAMED_UNIT ( * ) SI_UNIT ( $, .STERADIAN. ) SOLID_ANGLE_UNIT ( ) );
#10145 = VECTOR ( 'NONE', #9098, 1000.000000000000000 ) ;
#10146 = DIRECTION ( 'NONE',  ( -1.000000000000000000, 0.0000000000000000000, 0.0000000000000000000 ) ) ;
#10147 = CARTESIAN_POINT ( 'NONE',  ( 0.8815169973047843888, 0.8999999999999998002, 0.07645579815884676056 ) ) ;
#10148 = CARTESIAN_POINT ( 'NONE',  ( 0.1326844567878494863, 0.6999999999999999556, -0.1816477752873975893 ) ) ;
#10149 = ORIENTED_EDGE ( 'NONE', *, *, #6192, .F. ) ;
#10150 = CARTESIAN_POINT ( 'NONE',  ( 0.6395212624015580438, 0.7000000000000000666, 0.04411498321868766864 ) ) ;
#10151 = CARTESIAN_POINT ( 'NONE',  ( 0.5289018753625445157, 0.8999999999999999112, -0.06115973151536305275 ) ) ;
#10152 = EDGE_CURVE ( 'NONE', #2606, #3559, #4351, .T. ) ;
#10153 = DIRECTION ( 'NONE',  ( -0.0000000000000000000, 0.0000000000000000000, 1.000000000000000000 ) ) ;
#10154 = CARTESIAN_POINT ( 'NONE',  ( -0.6680953915837688495, 0.9000000000000001332, 0.05391763423180744030 ) ) ;
#10155 = CARTESIAN_POINT ( 'NONE',  ( 0.8614304705778912385, 0.8999999999999999112, -0.1067965028822606965 ) ) ;
#10156 = CARTESIAN_POINT ( 'NONE',  ( 0.6139404444992926368, 0.6999999999999997335, -0.2166492977353445537 ) ) ;
#10157 = EDGE_CURVE ( 'NONE', #2891, #8660, #2925, .T. ) ;
#10158 =( NAMED_UNIT ( * ) PLANE_ANGLE_UNIT ( ) SI_UNIT ( $, .RADIAN. ) );
#10159 = CARTESIAN_POINT ( 'NONE',  ( 0.4400137793049986867, 0.9000000000000000222, -0.03993287409148729011 ) ) ;
#10160 = ORIENTED_EDGE ( 'NONE', *, *, #8831, .T. ) ;
#10161 = VECTOR ( 'NONE', #9820, 1000.000000000000000 ) ;
#10162 = ORIENTED_EDGE ( 'NONE', *, *, #2471, .T. ) ;
#10163 = LINE ( 'NONE', #637, #870 ) ;
#10164 = CARTESIAN_POINT ( 'NONE',  ( 0.5045016920160503293, 0.7000000000000000666, -0.005101888520668999838 ) ) ;
#10165 = ORIENTED_EDGE ( 'NONE', *, *, #6293, .F. ) ;
#10166 = VERTEX_POINT ( 'NONE', #8642 ) ;
#10167 = EDGE_CURVE ( 'NONE', #5202, #5089, #6154, .T. ) ;
#10168 = CARTESIAN_POINT ( 'NONE',  ( 0.7778209903331807507, 0.9000000000000003553, -0.1145862049331559801 ) ) ;
#10169 = VECTOR ( 'NONE', #9325, 1000.000000000000114 ) ;
#10170 = CARTESIAN_POINT ( 'NONE',  ( 0.8740322789681607141, 0.7000000000000002887, 0.03284460783609340073 ) ) ;
#10171 = CARTESIAN_POINT ( 'NONE',  ( 0.2850839323702649697, 0.9000000000000000222, -0.01823886210826279955 ) ) ;
#10172 = PRESENTATION_LAYER_ASSIGNMENT (  '', '', ( #5634 ) ) ;
#10173 = CARTESIAN_POINT ( 'NONE',  ( 0.0000000000000000000, -0.1000000000000000056, -0.8749999999999996669 ) ) ;
#10174 = PLANE ( 'NONE',  #4981 ) ;
#10175 = CARTESIAN_POINT ( 'NONE',  ( 0.6838014780540556670, 0.6999999999999999556, -0.1308698035821563854 ) ) ;
#10176 = CARTESIAN_POINT ( 'NONE',  ( 0.8690993580062933432, 0.8999999999999999112, -0.03594058408081091810 ) ) ;
#10177 = CARTESIAN_POINT ( 'NONE',  ( 0.1221465182933141463, 0.9000000000000000222, -0.005732356088013886193 ) ) ;
#10178 = CARTESIAN_POINT ( 'NONE',  ( 0.7674593983987862966, 0.8999999999999998002, -0.01816036597924370818 ) ) ;
#10179 = VECTOR ( 'NONE', #1652, 1000.000000000000000 ) ;
#10180 = ORIENTED_EDGE ( 'NONE', *, *, #6695, .T. ) ;
#10181 = SURFACE_SIDE_STYLE ('',( #3088 ) ) ;
#10182 = CARTESIAN_POINT ( 'NONE',  ( -0.9500037869279804870, 0.6999999999999999556, 0.08611461417503804561 ) ) ;
#10183 = CARTESIAN_POINT ( 'NONE',  ( 0.2412242832474579823, 0.9000000000000000222, 0.08436022821012574557 ) ) ;
#10184 =( NAMED_UNIT ( * ) SI_UNIT ( $, .STERADIAN. ) SOLID_ANGLE_UNIT ( ) );
#10185 = CARTESIAN_POINT ( 'NONE',  ( -0.6888779482918809816, 0.6999999999999994005, 0.001177562054787027615 ) ) ;
#10186 = EDGE_CURVE ( 'NONE', #9613, #7056, #3106, .T. ) ;
#10187 =( GEOMETRIC_REPRESENTATION_CONTEXT ( 3 ) GLOBAL_UNCERTAINTY_ASSIGNED_CONTEXT ( ( #5579 ) ) GLOBAL_UNIT_ASSIGNED_CONTEXT ( ( #2238, #563, #9373 ) ) REPRESENTATION_CONTEXT ( 'NONE', 'WORKASPACE' ) );
#10188 = CARTESIAN_POINT ( 'NONE',  ( -0.3973722079806121243, 0.6999999999999999556, -0.08230643845654088409 ) ) ;
#10189 = ORIENTED_EDGE ( 'NONE', *, *, #2538, .F. ) ;
#10190 = ORIENTED_EDGE ( 'NONE', *, *, #4179, .T. ) ;
#10191 =( NAMED_UNIT ( * ) PLANE_ANGLE_UNIT ( ) SI_UNIT ( $, .RADIAN. ) );
#10192 = VECTOR ( 'NONE', #5193, 1000.000000000000000 ) ;
#10193 =( NAMED_UNIT ( * ) SI_UNIT ( $, .STERADIAN. ) SOLID_ANGLE_UNIT ( ) );
#10194 = DIRECTION ( 'NONE',  ( -0.0000000000000000000, 1.000000000000000000, -0.0000000000000000000 ) ) ;
#10195 = CARTESIAN_POINT ( 'NONE',  ( 0.5869832561131551607, 0.6999999999999995115, 0.05542553893573530510 ) ) ;
#10196 = VECTOR ( 'NONE', #9452, 1000.000000000000000 ) ;
#10197 = CARTESIAN_POINT ( 'NONE',  ( 0.9076989527507820510, 0.9000000000000001332, -0.1611068460104883304 ) ) ;
#10198 = CARTESIAN_POINT ( 'NONE',  ( -0.1973722079806121410, 0.6999999999999999556, -0.08230643845654088409 ) ) ;
#10199 = COLOUR_RGB ( '',1.000000000000000000, 0.9607843137254902244, 0.4549019607843137192 ) ;
#10200 =( LENGTH_UNIT ( ) NAMED_UNIT ( * ) SI_UNIT ( .MILLI., .METRE. ) );
#10201 = LINE ( 'NONE', #3358, #8847 ) ;
#10202 = ADVANCED_FACE ( 'NONE', ( #1567 ), #6102, .T. ) ;
#10203 = ORIENTED_EDGE ( 'NONE', *, *, #8668, .T. ) ;
#10204 = EDGE_CURVE ( 'NONE', #8609, #8246, #9377, .T. ) ;
#10205 = CARTESIAN_POINT ( 'NONE',  ( -0.7502925000023584756, 0.9000000000000003553, 0.05487466274688537066 ) ) ;
#10206 = CARTESIAN_POINT ( 'NONE',  ( 0.7648760051447934805, 0.6999999999999996225, -0.003359070035488264262 ) ) ;
#10207 = LINE ( 'NONE', #840, #1089 ) ;
#10208 = CARTESIAN_POINT ( 'NONE',  ( 0.2845685193024710125, 0.7000000000000001776, -0.005323676407148138397 ) ) ;
#10209 =( LENGTH_UNIT ( ) NAMED_UNIT ( * ) SI_UNIT ( .MILLI., .METRE. ) );
#10210 = FILL_AREA_STYLE_COLOUR ( '', #10095 ) ;
#10211 = COLOUR_RGB ( '',1.000000000000000000, 0.9607843137254902244, 0.4549019607843137192 ) ;
#10212 = VERTEX_POINT ( 'NONE', #10247 ) ;
#10213 = ORIENTED_EDGE ( 'NONE', *, *, #6973, .T. ) ;
#10214 = LINE ( 'NONE', #4471, #4953 ) ;
#10215 = EDGE_LOOP ( 'NONE', ( #8559, #6524, #3742, #1589 ) ) ;
#10216 = ORIENTED_EDGE ( 'NONE', *, *, #9638, .F. ) ;
#10217 = CARTESIAN_POINT ( 'NONE',  ( 0.7944872477887541251, 0.8999999999999998002, -0.09712204233841074952 ) ) ;
#10218 = VECTOR ( 'NONE', #5968, 1000.000000000000000 ) ;
#10219 = CARTESIAN_POINT ( 'NONE',  ( 0.8640826659103300056, 0.9000000000000002442, 0.04411498321868760619 ) ) ;
#10220 = DIRECTION ( 'NONE',  ( -0.0000000000000000000, 0.0000000000000000000, 1.000000000000000000 ) ) ;
#10221 = CARTESIAN_POINT ( 'NONE',  ( 0.7638416448643570167, 0.7000000000000000666, 0.07591974514482906222 ) ) ;
#10222 = CARTESIAN_POINT ( 'NONE',  ( 0.4155177994651816920, 0.6999999999999998446, -0.06982523802092543974 ) ) ;
#10223 = CARTESIAN_POINT ( 'NONE',  ( 0.6842829535455845491, 0.7000000000000000666, -0.1555126056336625373 ) ) ;
#10224 = SURFACE_STYLE_USAGE ( .BOTH. , #1545 ) ;
#10225 = CARTESIAN_POINT ( 'NONE',  ( 0.8827694204649216836, 0.7000000000000000666, -0.008807195381372125154 ) ) ;
#10226 = CARTESIAN_POINT ( 'NONE',  ( 0.1009399011842584404, 0.8999999999999999112, 0.01775777397853152417 ) ) ;
#10227 = CARTESIAN_POINT ( 'NONE',  ( 0.8825710567690119301, 0.8999999999999998002, 0.006483180057497016542 ) ) ;
#10228 = ADVANCED_FACE ( 'NONE', ( #783 ), #4661, .T. ) ;
#10229 = PLANE ( 'NONE',  #8893 ) ;
#10230 = CARTESIAN_POINT ( 'NONE',  ( -0.6540997342603889209, 0.6999999999999998446, 0.02356446512102881169 ) ) ;
#10231 = CARTESIAN_POINT ( 'NONE',  ( 0.1104977698891609628, 0.7000000000000001776, -0.2105161205335167318 ) ) ;
#10232 = DIRECTION ( 'NONE',  ( 0.0000000000000000000, 0.0000000000000000000, -1.000000000000000000 ) ) ;
#10233 = LINE ( 'NONE', #5464, #9761 ) ;
#10234 = SURFACE_STYLE_USAGE ( .BOTH. , #2385 ) ;
#10235 = DIRECTION ( 'NONE',  ( 0.0000000000000000000, 1.000000000000000000, 0.0000000000000000000 ) ) ;
#10236 = ORIENTED_EDGE ( 'NONE', *, *, #4198, .F. ) ;
#10237 = VECTOR ( 'NONE', #1641, 1000.000000000000000 ) ;
#10238 = ORIENTED_EDGE ( 'NONE', *, *, #8129, .F. ) ;
#10239 = ADVANCED_FACE ( 'NONE', ( #7871 ), #5368, .F. ) ;
#10240 = EDGE_LOOP ( 'NONE', ( #5336, #7026, #7316, #1434 ) ) ;
#10241 = CARTESIAN_POINT ( 'NONE',  ( 0.3653952921221441108, 0.8999999999999999112, -0.07602723105323641595 ) ) ;
#10242 = LINE ( 'NONE', #7865, #444 ) ;
#10243 = CARTESIAN_POINT ( 'NONE',  ( -0.7398725823682216207, 0.8999999999999999112, 0.05621736001897142954 ) ) ;
#10244 = CARTESIAN_POINT ( 'NONE',  ( 0.5494601110111786424, 0.9000000000000001332, 0.03728399068047648368 ) ) ;
#10245 = VECTOR ( 'NONE', #1967, 1000.000000000000000 ) ;
#10246 = COLOUR_RGB ( '',1.000000000000000000, 0.9607843137254902244, 0.4549019607843137192 ) ;
#10247 = CARTESIAN_POINT ( 'NONE',  ( 1.187634982997886501, 0.6999999999999999556, 0.8400340171984419513 ) ) ;
#10248 =( NAMED_UNIT ( * ) SI_UNIT ( $, .STERADIAN. ) SOLID_ANGLE_UNIT ( ) );
#10249 = LINE ( 'NONE', #7925, #8184 ) ;
#10250 = EDGE_LOOP ( 'NONE', ( #9516, #6193, #2261, #4849 ) ) ;
#10251 = CARTESIAN_POINT ( 'NONE',  ( -0.7377230851735945283, 0.6999999999999999556, 0.05629005277152926423 ) ) ;
#10252 = VECTOR ( 'NONE', #3166, 1000.000000000000000 ) ;
#10253 = CARTESIAN_POINT ( 'NONE',  ( -0.7561670509831552867, 0.9000000000000000222, 0.05284469477732808840 ) ) ;
#10254 = DIRECTION ( 'NONE',  ( 0.0000000000000000000, 0.0000000000000000000, 1.000000000000000000 ) ) ;
#10255 = CARTESIAN_POINT ( 'NONE',  ( 0.5480089927819996598, 0.9000000000000000222, -0.07425645494990003315 ) ) ;
#10256 = CARTESIAN_POINT ( 'NONE',  ( 0.2027292189688763568, 0.9000000000000002442, -0.05538060964501925060 ) ) ;
#10257 = FACE_OUTER_BOUND ( 'NONE', #7833, .T. ) ;
#10258 = CARTESIAN_POINT ( 'NONE',  ( 0.3903470902650017504, 0.6999999999999999556, -0.2173941577547864601 ) ) ;
#10259 = FACE_BOUND ( 'NONE', #1899, .T. ) ;
#10260 = LINE ( 'NONE', #1525, #9013 ) ;
#10261 = VECTOR ( 'NONE', #327, 1000.000000000000000 ) ;
#10262 = CARTESIAN_POINT ( 'NONE',  ( 0.0000000000000000000, 0.0000000000000000000, 1.149999999999999911 ) ) ;
#10263 = EDGE_LOOP ( 'NONE', ( #1165, #6200, #9946, #7511 ) ) ;
#10264 = ORIENTED_EDGE ( 'NONE', *, *, #1812, .T. ) ;
#10265 = DIRECTION ( 'NONE',  ( 0.0000000000000000000, 1.000000000000000000, 0.0000000000000000000 ) ) ;
#10266 = ORIENTED_EDGE ( 'NONE', *, *, #7264, .F. ) ;
#10267 = VERTEX_POINT ( 'NONE', #5702 ) ;
#10268 = CARTESIAN_POINT ( 'NONE',  ( 0.3159333721731178435, 0.6999999999999998446, -0.1009204433696194586 ) ) ;
#10269 = CARTESIAN_POINT ( 'NONE',  ( 0.6487126430101005647, 0.8999999999999996891, -0.1497791909825887668 ) ) ;
#10270 =( NAMED_UNIT ( * ) SI_UNIT ( $, .STERADIAN. ) SOLID_ANGLE_UNIT ( ) );
#10271 = EDGE_CURVE ( 'NONE', #4212, #8452, #573, .T. ) ;
#10272 = DIRECTION ( 'NONE',  ( 0.0000000000000000000, 1.000000000000000000, 0.0000000000000000000 ) ) ;
#10273 = CARTESIAN_POINT ( 'NONE',  ( 0.8737296095423136011, 0.9000000000000000222, -0.1408872306316390766 ) ) ;
#10274 = SURFACE_SIDE_STYLE ('',( #2375 ) ) ;
#10275 = CARTESIAN_POINT ( 'NONE',  ( 0.8757127718010434547, 0.6999999999999999556, -0.02819983222729270655 ) ) ;
#10276 = STYLED_ITEM ( 'NONE', ( #1951 ), #5770 ) ;
#10277 = CARTESIAN_POINT ( 'NONE',  ( 0.6487126430101005647, 0.6999999999999997335, -0.1497791909825887668 ) ) ;
#10278 = CARTESIAN_POINT ( 'NONE',  ( 0.7652641906819904749, 0.6999999999999998446, -0.008451402390986939225 ) ) ;
#10279 = CARTESIAN_POINT ( 'NONE',  ( -0.7492988924491774672, 0.9000000000000000222, -0.1824092285516123180 ) ) ;
#10280 = DIRECTION ( 'NONE',  ( 0.0000000000000000000, 0.0000000000000000000, -1.000000000000000000 ) ) ;
#10281 = LINE ( 'NONE', #4113, #4999 ) ;
#10282 = CARTESIAN_POINT ( 'NONE',  ( -0.7766119835041030983, 0.6999999999999999556, -0.1618181738115452573 ) ) ;
#10283 = FILL_AREA_STYLE ('',( #7859 ) ) ;
#10284 = DIRECTION ( 'NONE',  ( -1.000000000000000000, 0.0000000000000000000, 0.0000000000000000000 ) ) ;
#10285 = EDGE_LOOP ( 'NONE', ( #7743, #10069, #3068, #1548 ) ) ;
#10286 = ORIENTED_EDGE ( 'NONE', *, *, #8807, .F. ) ;
#10287 = CARTESIAN_POINT ( 'NONE',  ( 0.3436906307670593019, 0.8999999999999999112, -0.06516383769802204518 ) ) ;
#10288 = B_SPLINE_SURFACE_WITH_KNOTS ( 'NONE', 3, 1, ( 
 ( #8036, #6430 ),
 ( #5632, #2457 ),
 ( #8809, #9591 ),
 ( #3217, #1677 ),
 ( #896, #4872 ),
 ( #8767, #849 ),
 ( #3128, #4047 ),
 ( #3170, #4104 ),
 ( #4729, #4823 ),
 ( #3995, #7235 ),
 ( #1586, #6278 ),
 ( #6327, #3903 ),
 ( #8087, #6378 ),
 ( #5586, #9543 ),
 ( #946, #7288 ),
 ( #2411, #1633 ),
 ( #9488, #2365 ),
 ( #5494, #7941 ),
 ( #804, #2948 ) ),
 .UNSPECIFIED., .F., .F., .F.,
 ( 4, 1, 1, 1, 1, 1, 1, 1, 1, 1, 1, 1, 1, 1, 1, 1, 4 ),
 ( 2, 2 ),
 ( 0.0000000000000000000, 0.07223405978327440691, 0.1409169063470172567, 0.2060036274163500047, 0.2689476331134314502, 0.3296909090205293325, 0.3886029415074648830, 0.4470908619136461648, 0.5056863380336203972, 0.5642818141535941301, 0.6220498147759597751, 0.6801938859200126197, 0.7397242197178703904, 0.8009835905060034289, 0.8643448141819691788, 0.9304050502317546822, 1.000000000000000000 ),
 ( 0.0000000000000000000, 1.000000000000000000 ),
 .UNSPECIFIED. ) ;
#10289 = CARTESIAN_POINT ( 'NONE',  ( 1.066055317472413000, 0.9000000000000002442, -0.06644192124498708718 ) ) ;
#10290 = CARTESIAN_POINT ( 'NONE',  ( 0.5402564906465223693, 0.8999999999999998002, 0.006665521304670429283 ) ) ;
#10291 = ADVANCED_FACE ( 'NONE', ( #2665, #8884, #6499, #5040, #4991, #1799, #3437, #4887, #9655, #8102, #9703, #6601, #9755, #8250, #968, #4935 ), #1693, .F. ) ;
#10292 = CARTESIAN_POINT ( 'NONE',  ( 0.3112107585879143601, 0.7000000000000001776, -0.09294829071087562511 ) ) ;
#10293 = CARTESIAN_POINT ( 'NONE',  ( 0.6333920254656214555, 0.8999999999999996891, -0.1030944160399636239 ) ) ;
#10294 = ORIENTED_EDGE ( 'NONE', *, *, #2846, .F. ) ;
#10295 = B_SPLINE_CURVE_WITH_KNOTS ( 'NONE', 3,
 ( #9017, #1866, #5170, #297, #3462, #8227, #9116, #351, #9071, #453, #6624, #1249, #1963, #9834, #2746, #5841, #9166, #7493, #2792 ),
 .UNSPECIFIED., .F., .F.,
 ( 4, 1, 1, 1, 1, 1, 1, 1, 1, 1, 1, 1, 1, 1, 1, 1, 4 ),
 ( 0.0000000000000000000, 0.07223405978327440691, 0.1409169063470172567, 0.2060036274163500047, 0.2689476331134314502, 0.3296909090205293325, 0.3886029415074648830, 0.4470908619136461648, 0.5056863380336203972, 0.5642818141535941301, 0.6220498147759597751, 0.6801938859200126197, 0.7397242197178703904, 0.8009835905060034289, 0.8643448141819691788, 0.9304050502317546822, 1.000000000000000000 ),
 .UNSPECIFIED. ) ;
#10296 = CARTESIAN_POINT ( 'NONE',  ( 0.5494601110111786424, 0.7000000000000001776, 0.03728399068047648368 ) ) ;
#10297 = VECTOR ( 'NONE', #6549, 1000.000000000000000 ) ;
#10298 = PRESENTATION_STYLE_ASSIGNMENT (( #8026 ) ) ;
#10299 = DIRECTION ( 'NONE',  ( -1.000000000000000000, 0.0000000000000000000, 0.0000000000000000000 ) ) ;
#10300 = CARTESIAN_POINT ( 'NONE',  ( 0.2063220865844659635, 0.6999999999999998446, -0.06060253671620412924 ) ) ;
#10301 = CARTESIAN_POINT ( 'NONE',  ( -0.5763195764016647571, 0.6999999999999999556, -0.1279204735442601715 ) ) ;
#10302 = PRESENTATION_STYLE_ASSIGNMENT (( #4625 ) ) ;
#10303 = EDGE_CURVE ( 'NONE', #8336, #6835, #7734, .T. ) ;
#10304 = VERTEX_POINT ( 'NONE', #4477 ) ;
#10305 = VERTEX_POINT ( 'NONE', #7518 ) ;
#10306 = DIRECTION ( 'NONE',  ( -1.000000000000000000, 0.0000000000000000000, 0.0000000000000000000 ) ) ;
#10307 = CARTESIAN_POINT ( 'NONE',  ( -0.7809842737169228055, 0.6999999999999997335, -0.1549585678156302493 ) ) ;
#10308 = VERTEX_POINT ( 'NONE', #3591 ) ;
#10309 = VECTOR ( 'NONE', #4295, 1000.000000000000000 ) ;
#10310 = DIRECTION ( 'NONE',  ( 0.0000000000000000000, 1.000000000000000000, -0.0000000000000000000 ) ) ;
#10311 = ORIENTED_EDGE ( 'NONE', *, *, #7034, .T. ) ;
#10312 = UNCERTAINTY_MEASURE_WITH_UNIT (LENGTH_MEASURE( 1.000000000000000082E-05 ), #4831, 'distance_accuracy_value', 'NONE');
#10313 = FILL_AREA_STYLE ('',( #7137 ) ) ;
#10314 = SURFACE_STYLE_FILL_AREA ( #9495 ) ;
#10315 = MECHANICAL_DESIGN_GEOMETRIC_PRESENTATION_REPRESENTATION (  '', ( #9988 ), #859 ) ;
#10316 = CARTESIAN_POINT ( 'NONE',  ( 0.8614260058045755120, 0.7000000000000002887, -0.1743505195400710805 ) ) ;
#10317 = DIRECTION ( 'NONE',  ( -1.000000000000000000, 0.0000000000000000000, -0.0000000000000000000 ) ) ;
#10318 = CARTESIAN_POINT ( 'NONE',  ( 1.148173240787928595, 0.8999999999999999112, -0.1192312745863559065 ) ) ;
#10319 = CARTESIAN_POINT ( 'NONE',  ( 0.6831375492420097562, 0.6999999999999999556, -0.1611068460104882472 ) ) ;
#10320 = CARTESIAN_POINT ( 'NONE',  ( 0.7563961149485558533, 0.6999999999999999556, 0.07105688290369358007 ) ) ;
#10321 = EDGE_CURVE ( 'NONE', #3559, #665, #9191, .T. ) ;
ENDSEC;
END-ISO-10303-21;
